user_id,event_date,journey_stage,stage_order
1,2025-04-05,Landing,1
1,2025-04-05,Browse,2
2,2025-03-25,Landing,1
2,2025-03-27,Browse,2
3,2025-05-06,Landing,1
3,2025-05-19,Browse,2
3,2025-05-06,Product View,3
4,2025-06-26,Landing,1
4,2025-06-17,Browse,2
4,2025-06-28,Product View,3
4,2025-06-28,Add to Cart,4
4,2025-06-24,Checkout,5
5,2025-08-16,Landing,1
5,2025-08-18,Browse,2
5,2025-08-12,Product View,3
6,2025-07-01,Landing,1
6,2025-07-05,Browse,2
6,2025-06-29,Product View,3
6,2025-07-01,Add to Cart,4
7,2025-12-17,Landing,1
7,2025-12-14,Browse,2
7,2025-12-15,Product View,3
7,2025-12-08,Add to Cart,4
8,2025-05-10,Landing,1
8,2025-05-12,Browse,2
8,2025-05-06,Product View,3
8,2025-05-05,Add to Cart,4
8,2025-04-30,Checkout,5
9,2025-11-02,Landing,1
9,2025-10-29,Browse,2
9,2025-11-07,Product View,3
9,2025-11-09,Add to Cart,4
10,2025-05-11,Landing,1
11,2025-05-22,Landing,1
11,2025-05-12,Browse,2
12,2025-09-27,Landing,1
13,2025-09-20,Landing,1
13,2025-09-12,Browse,2
14,2025-09-22,Landing,1
14,2025-09-25,Browse,2
15,2025-10-19,Landing,1
15,2025-10-27,Browse,2
16,2025-06-11,Landing,1
16,2025-05-31,Browse,2
16,2025-06-13,Product View,3
17,2025-06-15,Landing,1
17,2025-06-17,Browse,2
17,2025-06-26,Product View,3
17,2025-06-24,Add to Cart,4
17,2025-06-22,Checkout,5
17,2025-06-15,Purchase,6
18,2025-06-01,Landing,1
18,2025-06-06,Browse,2
19,2025-04-26,Landing,1
19,2025-04-26,Browse,2
20,2025-09-23,Landing,1
21,2025-10-18,Landing,1
21,2025-10-29,Browse,2
21,2025-10-28,Product View,3
22,2025-09-01,Landing,1
22,2025-08-24,Browse,2
22,2025-08-24,Product View,3
22,2025-08-30,Add to Cart,4
22,2025-09-04,Checkout,5
22,2025-08-25,Purchase,6
23,2025-08-03,Landing,1
24,2025-07-21,Landing,1
24,2025-07-22,Browse,2
24,2025-07-25,Product View,3
24,2025-07-23,Add to Cart,4
24,2025-07-31,Checkout,5
24,2025-07-27,Purchase,6
25,2025-06-21,Landing,1
25,2025-06-15,Browse,2
25,2025-06-26,Product View,3
25,2025-06-21,Add to Cart,4
26,2025-09-27,Landing,1
26,2025-09-25,Browse,2
26,2025-09-20,Product View,3
26,2025-09-22,Add to Cart,4
27,2025-12-01,Landing,1
27,2025-11-27,Browse,2
27,2025-11-20,Product View,3
27,2025-12-03,Add to Cart,4
27,2025-12-03,Checkout,5
27,2025-11-23,Purchase,6
27,2025-11-23,Signup,7
28,2025-10-12,Landing,1
28,2025-10-18,Browse,2
29,2025-03-30,Landing,1
29,2025-04-08,Browse,2
29,2025-04-12,Product View,3
29,2025-04-09,Add to Cart,4
30,2025-06-26,Landing,1
30,2025-06-30,Browse,2
31,2025-05-22,Landing,1
32,2025-04-21,Landing,1
32,2025-04-27,Browse,2
32,2025-04-21,Product View,3
32,2025-04-24,Add to Cart,4
32,2025-04-17,Checkout,5
32,2025-04-24,Purchase,6
33,2025-09-28,Landing,1
34,2025-11-23,Landing,1
34,2025-11-28,Browse,2
35,2025-07-20,Landing,1
35,2025-07-14,Browse,2
36,2025-09-12,Landing,1
36,2025-09-01,Browse,2
36,2025-09-06,Product View,3
36,2025-09-04,Add to Cart,4
36,2025-09-08,Checkout,5
37,2025-05-23,Landing,1
37,2025-05-20,Browse,2
37,2025-05-25,Product View,3
37,2025-05-22,Add to Cart,4
38,2025-05-03,Landing,1
39,2025-05-27,Landing,1
39,2025-05-24,Browse,2
40,2025-09-26,Landing,1
41,2025-12-16,Landing,1
41,2025-12-22,Browse,2
41,2025-12-22,Product View,3
41,2025-12-21,Add to Cart,4
41,2025-12-22,Checkout,5
41,2025-12-10,Purchase,6
41,2025-12-10,Signup,7
42,2025-04-26,Landing,1
42,2025-05-04,Browse,2
42,2025-05-04,Product View,3
42,2025-04-29,Add to Cart,4
43,2025-08-03,Landing,1
43,2025-08-09,Browse,2
43,2025-08-11,Product View,3
43,2025-08-12,Add to Cart,4
44,2025-12-24,Landing,1
44,2025-12-15,Browse,2
45,2025-05-10,Landing,1
45,2025-05-09,Browse,2
45,2025-05-14,Product View,3
45,2025-05-09,Add to Cart,4
46,2025-05-14,Landing,1
46,2025-05-21,Browse,2
47,2025-03-14,Landing,1
48,2025-04-12,Landing,1
48,2025-04-16,Browse,2
48,2025-04-12,Product View,3
48,2025-04-15,Add to Cart,4
48,2025-04-08,Checkout,5
49,2025-12-24,Landing,1
49,2025-12-25,Browse,2
49,2025-12-24,Product View,3
50,2025-09-29,Landing,1
50,2025-09-30,Browse,2
50,2025-09-23,Product View,3
50,2025-09-28,Add to Cart,4
51,2025-03-16,Landing,1
51,2025-03-18,Browse,2
51,2025-03-15,Product View,3
51,2025-03-18,Add to Cart,4
51,2025-03-15,Checkout,5
52,2025-07-06,Landing,1
53,2025-08-29,Landing,1
54,2025-06-01,Landing,1
54,2025-05-30,Browse,2
54,2025-06-07,Product View,3
54,2025-06-09,Add to Cart,4
54,2025-06-03,Checkout,5
55,2025-09-15,Landing,1
55,2025-09-07,Browse,2
55,2025-09-10,Product View,3
55,2025-09-17,Add to Cart,4
56,2025-05-31,Landing,1
56,2025-06-09,Browse,2
57,2025-05-01,Landing,1
58,2025-08-14,Landing,1
58,2025-08-03,Browse,2
59,2025-09-15,Landing,1
59,2025-09-13,Browse,2
59,2025-09-10,Product View,3
59,2025-09-11,Add to Cart,4
59,2025-09-03,Checkout,5
60,2025-05-06,Landing,1
60,2025-05-05,Browse,2
61,2025-11-10,Landing,1
61,2025-11-06,Browse,2
61,2025-11-01,Product View,3
61,2025-10-31,Add to Cart,4
62,2025-10-03,Landing,1
63,2025-05-05,Landing,1
63,2025-05-13,Browse,2
63,2025-05-10,Product View,3
63,2025-05-06,Add to Cart,4
64,2025-12-20,Landing,1
64,2025-12-27,Browse,2
65,2025-07-28,Landing,1
65,2025-07-19,Browse,2
65,2025-07-23,Product View,3
65,2025-08-01,Add to Cart,4
65,2025-07-24,Checkout,5
66,2025-09-24,Landing,1
66,2025-09-25,Browse,2
66,2025-09-15,Product View,3
67,2025-06-01,Landing,1
68,2025-06-20,Landing,1
68,2025-06-18,Browse,2
68,2025-06-09,Product View,3
69,2025-05-11,Landing,1
70,2025-07-19,Landing,1
70,2025-07-22,Browse,2
71,2025-06-05,Landing,1
72,2025-10-25,Landing,1
72,2025-10-17,Browse,2
73,2025-07-17,Landing,1
74,2025-05-04,Landing,1
74,2025-05-15,Browse,2
74,2025-05-15,Product View,3
74,2025-05-14,Add to Cart,4
74,2025-05-06,Checkout,5
74,2025-05-16,Purchase,6
74,2025-05-13,Signup,7
75,2025-09-27,Landing,1
75,2025-09-23,Browse,2
75,2025-09-30,Product View,3
75,2025-09-20,Add to Cart,4
75,2025-10-02,Checkout,5
76,2025-03-05,Landing,1
76,2025-03-02,Browse,2
76,2025-03-04,Product View,3
77,2025-10-02,Landing,1
77,2025-10-13,Browse,2
77,2025-10-07,Product View,3
77,2025-10-06,Add to Cart,4
78,2025-08-28,Landing,1
78,2025-08-19,Browse,2
79,2025-03-29,Landing,1
79,2025-04-07,Browse,2
79,2025-03-28,Product View,3
79,2025-04-03,Add to Cart,4
79,2025-03-29,Checkout,5
80,2025-06-04,Landing,1
81,2025-04-15,Landing,1
81,2025-04-06,Browse,2
81,2025-04-07,Product View,3
81,2025-04-11,Add to Cart,4
82,2025-06-08,Landing,1
83,2025-04-19,Landing,1
83,2025-05-01,Browse,2
84,2025-07-08,Landing,1
84,2025-07-14,Browse,2
84,2025-07-10,Product View,3
84,2025-07-16,Add to Cart,4
85,2025-06-10,Landing,1
85,2025-06-13,Browse,2
86,2025-12-05,Landing,1
86,2025-12-05,Browse,2
86,2025-12-05,Product View,3
86,2025-12-07,Add to Cart,4
86,2025-12-05,Checkout,5
86,2025-12-04,Purchase,6
86,2025-12-08,Signup,7
87,2025-07-01,Landing,1
87,2025-06-26,Browse,2
88,2025-05-05,Landing,1
88,2025-04-28,Browse,2
88,2025-05-02,Product View,3
88,2025-04-29,Add to Cart,4
88,2025-05-01,Checkout,5
89,2025-04-03,Landing,1
89,2025-03-31,Browse,2
89,2025-04-06,Product View,3
89,2025-04-04,Add to Cart,4
89,2025-04-08,Checkout,5
89,2025-03-29,Purchase,6
89,2025-04-03,Signup,7
90,2025-06-30,Landing,1
90,2025-06-30,Browse,2
90,2025-06-27,Product View,3
90,2025-06-25,Add to Cart,4
91,2025-05-09,Landing,1
92,2025-10-30,Landing,1
92,2025-10-27,Browse,2
92,2025-11-04,Product View,3
93,2025-03-25,Landing,1
94,2025-04-29,Landing,1
94,2025-04-29,Browse,2
94,2025-05-01,Product View,3
95,2025-05-10,Landing,1
96,2025-10-19,Landing,1
96,2025-10-28,Browse,2
97,2025-07-01,Landing,1
97,2025-06-23,Browse,2
98,2025-11-19,Landing,1
99,2025-11-22,Landing,1
99,2025-11-13,Browse,2
100,2025-07-10,Landing,1
100,2025-07-08,Browse,2
100,2025-06-29,Product View,3
101,2025-07-30,Landing,1
101,2025-08-08,Browse,2
102,2025-07-20,Landing,1
102,2025-07-28,Browse,2
102,2025-07-28,Product View,3
102,2025-07-29,Add to Cart,4
103,2025-08-03,Landing,1
103,2025-08-03,Browse,2
103,2025-07-31,Product View,3
104,2025-06-05,Landing,1
104,2025-06-04,Browse,2
105,2025-04-30,Landing,1
105,2025-04-30,Browse,2
105,2025-04-29,Product View,3
105,2025-04-25,Add to Cart,4
106,2025-11-13,Landing,1
107,2025-05-16,Landing,1
107,2025-05-16,Browse,2
107,2025-05-25,Product View,3
107,2025-05-28,Add to Cart,4
107,2025-05-21,Checkout,5
107,2025-05-28,Purchase,6
107,2025-05-28,Signup,7
108,2025-11-07,Landing,1
108,2025-11-03,Browse,2
108,2025-10-31,Product View,3
108,2025-11-06,Add to Cart,4
108,2025-11-05,Checkout,5
109,2025-10-12,Landing,1
109,2025-10-07,Browse,2
109,2025-10-03,Product View,3
110,2025-12-24,Landing,1
111,2025-07-22,Landing,1
111,2025-07-30,Browse,2
111,2025-07-23,Product View,3
112,2025-11-20,Landing,1
112,2025-11-20,Browse,2
112,2025-11-26,Product View,3
113,2025-03-20,Landing,1
113,2025-03-20,Browse,2
113,2025-03-16,Product View,3
113,2025-03-19,Add to Cart,4
114,2025-10-12,Landing,1
114,2025-10-10,Browse,2
114,2025-10-11,Product View,3
115,2025-10-25,Landing,1
116,2025-09-07,Landing,1
116,2025-09-18,Browse,2
116,2025-09-15,Product View,3
116,2025-09-17,Add to Cart,4
117,2025-09-01,Landing,1
117,2025-09-06,Browse,2
117,2025-09-07,Product View,3
118,2025-03-22,Landing,1
118,2025-03-18,Browse,2
118,2025-03-14,Product View,3
118,2025-03-12,Add to Cart,4
119,2025-10-11,Landing,1
120,2025-11-09,Landing,1
120,2025-11-13,Browse,2
121,2025-07-20,Landing,1
121,2025-07-17,Browse,2
121,2025-07-24,Product View,3
121,2025-07-13,Add to Cart,4
121,2025-07-14,Checkout,5
122,2025-10-31,Landing,1
123,2025-05-18,Landing,1
123,2025-05-29,Browse,2
123,2025-05-17,Product View,3
123,2025-05-21,Add to Cart,4
123,2025-05-18,Checkout,5
123,2025-05-29,Purchase,6
124,2025-05-07,Landing,1
124,2025-05-08,Browse,2
124,2025-05-13,Product View,3
124,2025-05-18,Add to Cart,4
124,2025-05-05,Checkout,5
124,2025-05-08,Purchase,6
124,2025-05-15,Signup,7
125,2025-09-22,Landing,1
125,2025-09-19,Browse,2
126,2025-07-27,Landing,1
127,2025-11-12,Landing,1
127,2025-11-16,Browse,2
128,2025-04-30,Landing,1
129,2025-11-11,Landing,1
129,2025-11-06,Browse,2
129,2025-11-12,Product View,3
129,2025-11-10,Add to Cart,4
129,2025-11-03,Checkout,5
129,2025-11-07,Purchase,6
130,2025-05-15,Landing,1
130,2025-05-22,Browse,2
131,2025-12-01,Landing,1
132,2025-04-09,Landing,1
132,2025-04-11,Browse,2
132,2025-04-13,Product View,3
132,2025-04-01,Add to Cart,4
132,2025-04-04,Checkout,5
132,2025-04-11,Purchase,6
133,2025-12-15,Landing,1
133,2025-12-05,Browse,2
133,2025-12-09,Product View,3
133,2025-12-06,Add to Cart,4
134,2025-07-02,Landing,1
134,2025-07-03,Browse,2
134,2025-07-06,Product View,3
134,2025-07-01,Add to Cart,4
134,2025-07-06,Checkout,5
134,2025-07-07,Purchase,6
134,2025-07-02,Signup,7
135,2025-04-13,Landing,1
135,2025-04-21,Browse,2
135,2025-04-12,Product View,3
135,2025-04-18,Add to Cart,4
135,2025-04-25,Checkout,5
136,2025-11-03,Landing,1
136,2025-10-29,Browse,2
136,2025-10-30,Product View,3
136,2025-11-06,Add to Cart,4
136,2025-11-02,Checkout,5
136,2025-11-06,Purchase,6
136,2025-11-03,Signup,7
137,2025-11-22,Landing,1
137,2025-11-14,Browse,2
137,2025-11-23,Product View,3
138,2025-10-21,Landing,1
138,2025-10-21,Browse,2
138,2025-11-03,Product View,3
138,2025-10-25,Add to Cart,4
138,2025-10-25,Checkout,5
138,2025-10-31,Purchase,6
138,2025-10-29,Signup,7
139,2025-10-19,Landing,1
139,2025-10-11,Browse,2
139,2025-10-21,Product View,3
139,2025-10-22,Add to Cart,4
140,2025-10-31,Landing,1
140,2025-10-23,Browse,2
140,2025-10-30,Product View,3
141,2025-11-15,Landing,1
142,2025-09-07,Landing,1
142,2025-09-02,Browse,2
142,2025-09-07,Product View,3
143,2025-07-14,Landing,1
143,2025-07-16,Browse,2
144,2025-07-07,Landing,1
145,2025-03-15,Landing,1
145,2025-03-16,Browse,2
145,2025-03-13,Product View,3
145,2025-03-14,Add to Cart,4
146,2025-06-19,Landing,1
146,2025-06-09,Browse,2
146,2025-06-13,Product View,3
146,2025-06-20,Add to Cart,4
146,2025-06-19,Checkout,5
146,2025-06-20,Purchase,6
146,2025-06-18,Signup,7
147,2025-06-17,Landing,1
147,2025-06-12,Browse,2
148,2025-03-30,Landing,1
148,2025-04-08,Browse,2
149,2025-08-16,Landing,1
149,2025-08-19,Browse,2
149,2025-08-08,Product View,3
150,2025-07-01,Landing,1
150,2025-07-07,Browse,2
150,2025-07-10,Product View,3
151,2025-05-29,Landing,1
151,2025-05-21,Browse,2
151,2025-05-26,Product View,3
151,2025-05-30,Add to Cart,4
151,2025-05-24,Checkout,5
151,2025-05-21,Purchase,6
152,2025-09-17,Landing,1
152,2025-09-12,Browse,2
152,2025-09-19,Product View,3
153,2025-07-17,Landing,1
153,2025-07-18,Browse,2
153,2025-07-12,Product View,3
153,2025-07-16,Add to Cart,4
153,2025-07-18,Checkout,5
153,2025-07-18,Purchase,6
153,2025-07-10,Signup,7
154,2025-10-15,Landing,1
154,2025-10-10,Browse,2
155,2025-11-28,Landing,1
155,2025-11-19,Browse,2
156,2025-06-24,Landing,1
156,2025-07-03,Browse,2
156,2025-06-29,Product View,3
156,2025-07-06,Add to Cart,4
156,2025-07-03,Checkout,5
156,2025-06-26,Purchase,6
157,2025-12-05,Landing,1
157,2025-11-30,Browse,2
158,2025-07-20,Landing,1
158,2025-07-26,Browse,2
158,2025-07-26,Product View,3
158,2025-07-18,Add to Cart,4
158,2025-07-16,Checkout,5
159,2025-06-25,Landing,1
159,2025-06-16,Browse,2
159,2025-06-23,Product View,3
160,2025-07-18,Landing,1
161,2025-11-30,Landing,1
161,2025-12-08,Browse,2
161,2025-12-07,Product View,3
162,2025-08-31,Landing,1
163,2025-11-06,Landing,1
163,2025-11-02,Browse,2
163,2025-11-06,Product View,3
163,2025-11-06,Add to Cart,4
163,2025-11-12,Checkout,5
163,2025-11-09,Purchase,6
163,2025-11-10,Signup,7
164,2025-08-02,Landing,1
164,2025-07-22,Browse,2
164,2025-07-28,Product View,3
164,2025-08-01,Add to Cart,4
164,2025-07-23,Checkout,5
164,2025-07-30,Purchase,6
164,2025-07-27,Signup,7
165,2025-12-12,Landing,1
166,2025-04-01,Landing,1
166,2025-04-03,Browse,2
167,2025-10-08,Landing,1
167,2025-10-15,Browse,2
167,2025-10-14,Product View,3
167,2025-10-08,Add to Cart,4
167,2025-10-05,Checkout,5
167,2025-10-15,Purchase,6
168,2025-10-01,Landing,1
168,2025-09-26,Browse,2
169,2025-04-30,Landing,1
169,2025-04-29,Browse,2
170,2025-11-21,Landing,1
170,2025-11-29,Browse,2
170,2025-11-26,Product View,3
171,2025-08-12,Landing,1
171,2025-08-06,Browse,2
172,2025-11-20,Landing,1
173,2025-07-14,Landing,1
173,2025-07-14,Browse,2
174,2025-08-25,Landing,1
174,2025-08-15,Browse,2
174,2025-08-16,Product View,3
174,2025-08-13,Add to Cart,4
174,2025-08-15,Checkout,5
175,2025-11-19,Landing,1
175,2025-11-26,Browse,2
175,2025-11-30,Product View,3
175,2025-11-24,Add to Cart,4
175,2025-11-30,Checkout,5
175,2025-11-27,Purchase,6
175,2025-11-20,Signup,7
176,2025-10-18,Landing,1
176,2025-10-08,Browse,2
176,2025-10-15,Product View,3
176,2025-10-12,Add to Cart,4
176,2025-10-16,Checkout,5
177,2025-07-24,Landing,1
178,2025-11-13,Landing,1
178,2025-11-07,Browse,2
178,2025-11-07,Product View,3
178,2025-11-08,Add to Cart,4
178,2025-11-12,Checkout,5
179,2025-09-03,Landing,1
179,2025-08-26,Browse,2
179,2025-08-25,Product View,3
179,2025-09-03,Add to Cart,4
179,2025-08-27,Checkout,5
180,2025-07-03,Landing,1
180,2025-07-11,Browse,2
180,2025-07-07,Product View,3
180,2025-07-13,Add to Cart,4
181,2025-05-04,Landing,1
182,2025-03-20,Landing,1
182,2025-03-16,Browse,2
182,2025-03-14,Product View,3
183,2025-08-09,Landing,1
183,2025-08-07,Browse,2
183,2025-08-10,Product View,3
183,2025-08-04,Add to Cart,4
183,2025-08-06,Checkout,5
183,2025-08-10,Purchase,6
184,2025-03-01,Landing,1
185,2025-03-11,Landing,1
185,2025-03-08,Browse,2
186,2025-04-15,Landing,1
186,2025-04-19,Browse,2
187,2025-06-24,Landing,1
187,2025-07-01,Browse,2
188,2025-05-02,Landing,1
189,2025-04-10,Landing,1
190,2025-06-17,Landing,1
190,2025-06-23,Browse,2
191,2025-05-29,Landing,1
191,2025-06-07,Browse,2
192,2025-04-10,Landing,1
193,2025-09-02,Landing,1
193,2025-09-07,Browse,2
194,2025-05-26,Landing,1
194,2025-05-19,Browse,2
195,2025-06-14,Landing,1
195,2025-06-05,Browse,2
195,2025-06-13,Product View,3
195,2025-06-17,Add to Cart,4
195,2025-06-07,Checkout,5
195,2025-06-14,Purchase,6
196,2025-03-13,Landing,1
196,2025-03-15,Browse,2
197,2025-05-08,Landing,1
198,2025-10-10,Landing,1
198,2025-10-13,Browse,2
198,2025-10-10,Product View,3
199,2025-05-15,Landing,1
199,2025-05-24,Browse,2
199,2025-05-24,Product View,3
200,2025-11-21,Landing,1
200,2025-11-21,Browse,2
201,2025-10-25,Landing,1
201,2025-10-27,Browse,2
201,2025-11-03,Product View,3
202,2025-12-07,Landing,1
202,2025-12-11,Browse,2
202,2025-12-07,Product View,3
202,2025-12-09,Add to Cart,4
202,2025-12-06,Checkout,5
203,2025-12-06,Landing,1
203,2025-11-28,Browse,2
204,2025-05-03,Landing,1
204,2025-05-11,Browse,2
205,2025-12-05,Landing,1
205,2025-12-05,Browse,2
205,2025-12-09,Product View,3
205,2025-12-12,Add to Cart,4
205,2025-12-13,Checkout,5
205,2025-12-11,Purchase,6
205,2025-12-15,Signup,7
206,2025-10-12,Landing,1
206,2025-10-04,Browse,2
207,2025-08-22,Landing,1
208,2025-06-11,Landing,1
208,2025-06-09,Browse,2
208,2025-06-10,Product View,3
208,2025-06-10,Add to Cart,4
208,2025-06-03,Checkout,5
209,2025-05-31,Landing,1
209,2025-05-22,Browse,2
210,2025-04-27,Landing,1
210,2025-05-09,Browse,2
211,2025-10-25,Landing,1
211,2025-10-23,Browse,2
211,2025-10-22,Product View,3
212,2025-08-12,Landing,1
212,2025-08-07,Browse,2
212,2025-08-03,Product View,3
212,2025-08-13,Add to Cart,4
212,2025-08-14,Checkout,5
213,2025-05-06,Landing,1
214,2025-11-23,Landing,1
214,2025-11-17,Browse,2
214,2025-11-27,Product View,3
214,2025-11-20,Add to Cart,4
214,2025-11-28,Checkout,5
214,2025-11-17,Purchase,6
214,2025-11-17,Signup,7
215,2025-11-22,Landing,1
215,2025-12-03,Browse,2
216,2025-09-14,Landing,1
216,2025-09-15,Browse,2
216,2025-09-17,Product View,3
217,2025-04-02,Landing,1
217,2025-04-05,Browse,2
217,2025-03-26,Product View,3
217,2025-03-27,Add to Cart,4
218,2025-12-15,Landing,1
218,2025-12-20,Browse,2
218,2025-12-13,Product View,3
218,2025-12-12,Add to Cart,4
218,2025-12-20,Checkout,5
219,2025-04-12,Landing,1
220,2025-06-23,Landing,1
220,2025-06-16,Browse,2
221,2025-05-09,Landing,1
222,2025-06-20,Landing,1
222,2025-06-23,Browse,2
223,2025-07-24,Landing,1
223,2025-07-16,Browse,2
224,2025-04-14,Landing,1
225,2025-04-03,Landing,1
225,2025-03-25,Browse,2
225,2025-04-03,Product View,3
226,2025-03-03,Landing,1
226,2025-03-15,Browse,2
227,2025-05-13,Landing,1
227,2025-05-07,Browse,2
228,2025-08-28,Landing,1
228,2025-09-04,Browse,2
228,2025-09-02,Product View,3
228,2025-09-01,Add to Cart,4
228,2025-09-04,Checkout,5
228,2025-09-03,Purchase,6
229,2025-12-08,Landing,1
229,2025-12-12,Browse,2
229,2025-12-11,Product View,3
230,2025-11-12,Landing,1
230,2025-11-18,Browse,2
231,2025-03-13,Landing,1
231,2025-03-18,Browse,2
231,2025-03-21,Product View,3
231,2025-03-17,Add to Cart,4
231,2025-03-17,Checkout,5
231,2025-03-24,Purchase,6
231,2025-03-18,Signup,7
232,2025-10-16,Landing,1
232,2025-10-09,Browse,2
232,2025-10-10,Product View,3
233,2025-03-08,Landing,1
233,2025-03-11,Browse,2
233,2025-03-19,Product View,3
234,2025-08-12,Landing,1
234,2025-08-08,Browse,2
234,2025-08-05,Product View,3
234,2025-08-08,Add to Cart,4
235,2025-09-22,Landing,1
236,2025-05-07,Landing,1
236,2025-05-11,Browse,2
236,2025-05-03,Product View,3
237,2025-11-30,Landing,1
237,2025-12-04,Browse,2
238,2025-07-24,Landing,1
238,2025-07-30,Browse,2
239,2025-06-18,Landing,1
239,2025-06-11,Browse,2
239,2025-06-18,Product View,3
239,2025-06-15,Add to Cart,4
239,2025-06-14,Checkout,5
240,2025-09-12,Landing,1
241,2025-10-21,Landing,1
242,2025-08-29,Landing,1
242,2025-09-03,Browse,2
242,2025-09-05,Product View,3
242,2025-09-07,Add to Cart,4
242,2025-09-07,Checkout,5
242,2025-08-31,Purchase,6
242,2025-09-01,Signup,7
243,2025-03-27,Landing,1
243,2025-04-01,Browse,2
243,2025-04-01,Product View,3
243,2025-03-30,Add to Cart,4
244,2025-10-01,Landing,1
244,2025-10-08,Browse,2
244,2025-10-07,Product View,3
244,2025-10-02,Add to Cart,4
244,2025-10-01,Checkout,5
244,2025-10-02,Purchase,6
244,2025-10-09,Signup,7
245,2025-08-04,Landing,1
246,2025-11-23,Landing,1
247,2025-10-15,Landing,1
247,2025-10-12,Browse,2
247,2025-10-17,Product View,3
247,2025-10-18,Add to Cart,4
247,2025-10-18,Checkout,5
247,2025-10-16,Purchase,6
248,2025-10-19,Landing,1
249,2025-06-20,Landing,1
249,2025-06-15,Browse,2
249,2025-06-25,Product View,3
249,2025-06-13,Add to Cart,4
250,2025-09-20,Landing,1
251,2025-09-29,Landing,1
251,2025-09-26,Browse,2
252,2025-05-06,Landing,1
252,2025-05-05,Browse,2
253,2025-07-02,Landing,1
254,2025-05-16,Landing,1
254,2025-05-14,Browse,2
254,2025-05-11,Product View,3
255,2025-04-22,Landing,1
255,2025-04-20,Browse,2
256,2025-08-18,Landing,1
256,2025-08-22,Browse,2
256,2025-08-12,Product View,3
256,2025-08-12,Add to Cart,4
256,2025-08-10,Checkout,5
256,2025-08-20,Purchase,6
256,2025-08-20,Signup,7
257,2025-11-09,Landing,1
257,2025-11-12,Browse,2
258,2025-08-14,Landing,1
258,2025-08-10,Browse,2
259,2025-05-16,Landing,1
259,2025-05-26,Browse,2
259,2025-05-22,Product View,3
259,2025-05-14,Add to Cart,4
260,2025-08-06,Landing,1
260,2025-08-15,Browse,2
261,2025-11-21,Landing,1
262,2025-09-28,Landing,1
262,2025-10-07,Browse,2
262,2025-09-26,Product View,3
263,2025-09-24,Landing,1
263,2025-09-29,Browse,2
263,2025-10-02,Product View,3
263,2025-10-01,Add to Cart,4
263,2025-10-01,Checkout,5
263,2025-09-19,Purchase,6
263,2025-09-28,Signup,7
264,2025-12-06,Landing,1
264,2025-12-03,Browse,2
264,2025-12-05,Product View,3
265,2025-10-18,Landing,1
266,2025-11-19,Landing,1
266,2025-11-15,Browse,2
266,2025-11-18,Product View,3
267,2025-04-13,Landing,1
267,2025-04-12,Browse,2
267,2025-04-11,Product View,3
267,2025-04-06,Add to Cart,4
267,2025-04-04,Checkout,5
267,2025-04-12,Purchase,6
268,2025-10-31,Landing,1
268,2025-11-09,Browse,2
268,2025-11-11,Product View,3
268,2025-11-05,Add to Cart,4
268,2025-10-30,Checkout,5
269,2025-05-19,Landing,1
270,2025-09-18,Landing,1
271,2025-10-25,Landing,1
271,2025-10-16,Browse,2
272,2025-12-23,Landing,1
272,2025-12-17,Browse,2
272,2025-12-18,Product View,3
273,2025-08-22,Landing,1
273,2025-08-26,Browse,2
273,2025-08-23,Product View,3
273,2025-08-23,Add to Cart,4
274,2025-10-19,Landing,1
274,2025-10-14,Browse,2
274,2025-10-24,Product View,3
275,2025-08-14,Landing,1
275,2025-08-17,Browse,2
275,2025-08-16,Product View,3
275,2025-08-10,Add to Cart,4
275,2025-08-15,Checkout,5
275,2025-08-17,Purchase,6
276,2025-09-27,Landing,1
276,2025-09-25,Browse,2
276,2025-09-24,Product View,3
276,2025-09-26,Add to Cart,4
276,2025-09-27,Checkout,5
277,2025-05-27,Landing,1
278,2025-10-18,Landing,1
279,2025-05-29,Landing,1
279,2025-05-18,Browse,2
280,2025-05-30,Landing,1
280,2025-05-25,Browse,2
280,2025-05-26,Product View,3
281,2025-05-30,Landing,1
281,2025-05-24,Browse,2
282,2025-03-05,Landing,1
282,2025-03-02,Browse,2
282,2025-03-07,Product View,3
283,2025-09-05,Landing,1
283,2025-09-16,Browse,2
283,2025-09-08,Product View,3
283,2025-09-13,Add to Cart,4
284,2025-11-05,Landing,1
284,2025-10-28,Browse,2
284,2025-10-27,Product View,3
284,2025-11-01,Add to Cart,4
284,2025-11-04,Checkout,5
285,2025-11-23,Landing,1
285,2025-12-05,Browse,2
286,2025-05-23,Landing,1
286,2025-05-16,Browse,2
287,2025-04-15,Landing,1
287,2025-04-16,Browse,2
287,2025-04-19,Product View,3
287,2025-04-20,Add to Cart,4
287,2025-04-18,Checkout,5
287,2025-04-25,Purchase,6
288,2025-06-04,Landing,1
288,2025-05-30,Browse,2
288,2025-06-04,Product View,3
289,2025-10-02,Landing,1
289,2025-10-02,Browse,2
289,2025-10-04,Product View,3
289,2025-09-28,Add to Cart,4
289,2025-09-25,Checkout,5
290,2025-09-19,Landing,1
290,2025-09-19,Browse,2
290,2025-09-18,Product View,3
290,2025-09-19,Add to Cart,4
290,2025-09-19,Checkout,5
290,2025-09-09,Purchase,6
290,2025-09-16,Signup,7
291,2025-11-21,Landing,1
291,2025-11-26,Browse,2
291,2025-11-21,Product View,3
292,2025-07-31,Landing,1
292,2025-07-31,Browse,2
292,2025-08-12,Product View,3
292,2025-08-12,Add to Cart,4
293,2025-05-06,Landing,1
293,2025-05-08,Browse,2
293,2025-05-01,Product View,3
293,2025-05-10,Add to Cart,4
294,2025-11-13,Landing,1
294,2025-11-22,Browse,2
294,2025-11-19,Product View,3
294,2025-11-16,Add to Cart,4
294,2025-11-18,Checkout,5
295,2025-06-10,Landing,1
295,2025-05-31,Browse,2
295,2025-06-04,Product View,3
295,2025-05-31,Add to Cart,4
295,2025-06-05,Checkout,5
295,2025-06-09,Purchase,6
295,2025-06-09,Signup,7
296,2025-07-12,Landing,1
296,2025-07-03,Browse,2
296,2025-07-06,Product View,3
296,2025-07-10,Add to Cart,4
296,2025-07-05,Checkout,5
296,2025-07-03,Purchase,6
296,2025-06-30,Signup,7
297,2025-09-02,Landing,1
298,2025-10-29,Landing,1
298,2025-10-27,Browse,2
298,2025-11-02,Product View,3
298,2025-11-06,Add to Cart,4
299,2025-05-19,Landing,1
299,2025-05-22,Browse,2
299,2025-05-15,Product View,3
300,2025-11-24,Landing,1
300,2025-11-24,Browse,2
300,2025-12-03,Product View,3
300,2025-12-06,Add to Cart,4
301,2025-05-14,Landing,1
302,2025-06-14,Landing,1
303,2025-11-06,Landing,1
304,2025-12-01,Landing,1
305,2025-09-18,Landing,1
305,2025-09-12,Browse,2
305,2025-09-05,Product View,3
305,2025-09-12,Add to Cart,4
305,2025-09-16,Checkout,5
305,2025-09-13,Purchase,6
306,2025-12-05,Landing,1
306,2025-12-05,Browse,2
307,2025-11-18,Landing,1
307,2025-11-16,Browse,2
308,2025-10-09,Landing,1
308,2025-10-13,Browse,2
308,2025-10-12,Product View,3
308,2025-10-19,Add to Cart,4
309,2025-06-13,Landing,1
309,2025-06-01,Browse,2
309,2025-06-03,Product View,3
309,2025-06-05,Add to Cart,4
310,2025-11-29,Landing,1
311,2025-10-09,Landing,1
312,2025-04-01,Landing,1
313,2025-03-22,Landing,1
313,2025-03-27,Browse,2
313,2025-03-26,Product View,3
313,2025-03-29,Add to Cart,4
314,2025-04-29,Landing,1
315,2025-09-05,Landing,1
315,2025-09-12,Browse,2
315,2025-09-15,Product View,3
315,2025-09-08,Add to Cart,4
316,2025-11-15,Landing,1
316,2025-11-13,Browse,2
316,2025-11-19,Product View,3
317,2025-06-09,Landing,1
317,2025-06-07,Browse,2
317,2025-06-03,Product View,3
318,2025-08-18,Landing,1
318,2025-08-20,Browse,2
318,2025-08-16,Product View,3
319,2025-08-11,Landing,1
319,2025-08-09,Browse,2
319,2025-08-08,Product View,3
319,2025-08-15,Add to Cart,4
319,2025-08-10,Checkout,5
319,2025-08-13,Purchase,6
320,2025-12-21,Landing,1
321,2025-10-16,Landing,1
321,2025-10-13,Browse,2
321,2025-10-03,Product View,3
321,2025-10-10,Add to Cart,4
322,2025-07-26,Landing,1
323,2025-03-09,Landing,1
323,2025-03-08,Browse,2
323,2025-03-07,Product View,3
323,2025-03-07,Add to Cart,4
324,2025-08-02,Landing,1
325,2025-11-10,Landing,1
325,2025-11-03,Browse,2
325,2025-11-08,Product View,3
326,2025-12-08,Landing,1
326,2025-12-15,Browse,2
326,2025-12-13,Product View,3
327,2025-03-22,Landing,1
327,2025-03-14,Browse,2
328,2025-07-20,Landing,1
328,2025-07-23,Browse,2
329,2025-08-13,Landing,1
329,2025-08-06,Browse,2
329,2025-08-10,Product View,3
330,2025-05-20,Landing,1
330,2025-05-26,Browse,2
330,2025-05-27,Product View,3
330,2025-05-26,Add to Cart,4
331,2025-07-07,Landing,1
331,2025-06-27,Browse,2
332,2025-05-26,Landing,1
332,2025-05-30,Browse,2
333,2025-04-17,Landing,1
333,2025-04-18,Browse,2
333,2025-04-24,Product View,3
333,2025-04-13,Add to Cart,4
334,2025-10-27,Landing,1
334,2025-10-28,Browse,2
335,2025-04-11,Landing,1
335,2025-03-29,Browse,2
335,2025-04-03,Product View,3
336,2025-05-05,Landing,1
337,2025-11-04,Landing,1
337,2025-11-12,Browse,2
337,2025-11-12,Product View,3
338,2025-05-29,Landing,1
339,2025-06-30,Landing,1
340,2025-12-19,Landing,1
340,2025-12-16,Browse,2
340,2025-12-15,Product View,3
341,2025-04-07,Landing,1
341,2025-04-17,Browse,2
341,2025-04-11,Product View,3
341,2025-04-08,Add to Cart,4
341,2025-04-16,Checkout,5
342,2025-04-06,Landing,1
343,2025-10-05,Landing,1
343,2025-09-29,Browse,2
344,2025-03-05,Landing,1
345,2025-04-16,Landing,1
345,2025-04-19,Browse,2
346,2025-06-10,Landing,1
346,2025-06-18,Browse,2
346,2025-06-12,Product View,3
346,2025-06-08,Add to Cart,4
347,2025-12-03,Landing,1
347,2025-12-04,Browse,2
347,2025-11-30,Product View,3
347,2025-11-29,Add to Cart,4
347,2025-11-27,Checkout,5
348,2025-11-14,Landing,1
348,2025-11-18,Browse,2
348,2025-11-21,Product View,3
348,2025-11-15,Add to Cart,4
348,2025-11-18,Checkout,5
348,2025-11-13,Purchase,6
348,2025-11-21,Signup,7
349,2025-05-08,Landing,1
349,2025-05-05,Browse,2
349,2025-04-28,Product View,3
349,2025-04-30,Add to Cart,4
350,2025-08-05,Landing,1
351,2025-10-21,Landing,1
352,2025-08-30,Landing,1
353,2025-04-02,Landing,1
353,2025-04-07,Browse,2
354,2025-11-19,Landing,1
354,2025-11-17,Browse,2
355,2025-06-28,Landing,1
355,2025-07-03,Browse,2
355,2025-07-06,Product View,3
356,2025-11-23,Landing,1
356,2025-11-13,Browse,2
356,2025-11-13,Product View,3
357,2025-11-04,Landing,1
357,2025-11-09,Browse,2
357,2025-11-02,Product View,3
358,2025-10-02,Landing,1
359,2025-05-09,Landing,1
359,2025-05-11,Browse,2
360,2025-08-14,Landing,1
360,2025-08-06,Browse,2
361,2025-11-04,Landing,1
361,2025-11-12,Browse,2
361,2025-11-11,Product View,3
362,2025-11-07,Landing,1
362,2025-11-03,Browse,2
362,2025-11-01,Product View,3
362,2025-11-08,Add to Cart,4
362,2025-10-31,Checkout,5
362,2025-10-29,Purchase,6
362,2025-10-28,Signup,7
363,2025-10-06,Landing,1
364,2025-09-27,Landing,1
364,2025-09-26,Browse,2
364,2025-09-22,Product View,3
364,2025-09-29,Add to Cart,4
365,2025-07-27,Landing,1
365,2025-07-16,Browse,2
365,2025-07-23,Product View,3
366,2025-11-21,Landing,1
366,2025-11-11,Browse,2
367,2025-09-03,Landing,1
368,2025-04-07,Landing,1
368,2025-04-08,Browse,2
368,2025-04-09,Product View,3
369,2025-06-07,Landing,1
369,2025-06-09,Browse,2
369,2025-06-09,Product View,3
369,2025-06-12,Add to Cart,4
369,2025-06-12,Checkout,5
370,2025-05-22,Landing,1
370,2025-05-24,Browse,2
370,2025-05-26,Product View,3
370,2025-05-13,Add to Cart,4
370,2025-05-26,Checkout,5
370,2025-05-22,Purchase,6
370,2025-05-24,Signup,7
371,2025-11-02,Landing,1
372,2025-07-30,Landing,1
373,2025-05-07,Landing,1
373,2025-05-15,Browse,2
373,2025-05-12,Product View,3
373,2025-05-05,Add to Cart,4
374,2025-09-19,Landing,1
374,2025-09-13,Browse,2
374,2025-09-20,Product View,3
374,2025-09-21,Add to Cart,4
375,2025-09-25,Landing,1
375,2025-09-12,Browse,2
375,2025-09-14,Product View,3
376,2025-08-28,Landing,1
377,2025-07-05,Landing,1
377,2025-07-03,Browse,2
378,2025-04-18,Landing,1
378,2025-04-14,Browse,2
378,2025-04-10,Product View,3
379,2025-08-24,Landing,1
379,2025-08-29,Browse,2
379,2025-08-22,Product View,3
379,2025-08-20,Add to Cart,4
380,2025-03-27,Landing,1
380,2025-04-02,Browse,2
380,2025-03-21,Product View,3
380,2025-04-01,Add to Cart,4
380,2025-03-31,Checkout,5
380,2025-03-30,Purchase,6
380,2025-03-31,Signup,7
381,2025-05-28,Landing,1
381,2025-06-08,Browse,2
381,2025-05-31,Product View,3
381,2025-06-08,Add to Cart,4
381,2025-06-05,Checkout,5
382,2025-03-11,Landing,1
382,2025-03-13,Browse,2
382,2025-03-14,Product View,3
382,2025-03-14,Add to Cart,4
382,2025-03-09,Checkout,5
383,2025-03-22,Landing,1
383,2025-03-28,Browse,2
383,2025-03-29,Product View,3
384,2025-06-17,Landing,1
384,2025-06-15,Browse,2
384,2025-06-21,Product View,3
384,2025-06-16,Add to Cart,4
385,2025-10-28,Landing,1
385,2025-10-25,Browse,2
385,2025-10-24,Product View,3
385,2025-10-30,Add to Cart,4
386,2025-11-05,Landing,1
386,2025-10-30,Browse,2
387,2025-06-27,Landing,1
387,2025-07-02,Browse,2
387,2025-06-24,Product View,3
387,2025-06-29,Add to Cart,4
387,2025-06-20,Checkout,5
387,2025-06-30,Purchase,6
387,2025-06-24,Signup,7
388,2025-05-15,Landing,1
389,2025-07-19,Landing,1
390,2025-12-11,Landing,1
391,2025-06-02,Landing,1
392,2025-07-07,Landing,1
392,2025-07-02,Browse,2
392,2025-06-28,Product View,3
392,2025-07-01,Add to Cart,4
392,2025-07-02,Checkout,5
393,2025-06-04,Landing,1
393,2025-06-01,Browse,2
393,2025-06-12,Product View,3
393,2025-06-07,Add to Cart,4
393,2025-06-13,Checkout,5
393,2025-06-02,Purchase,6
393,2025-06-10,Signup,7
394,2025-03-14,Landing,1
394,2025-03-15,Browse,2
395,2025-11-08,Landing,1
395,2025-11-04,Browse,2
396,2025-07-02,Landing,1
397,2025-05-16,Landing,1
397,2025-05-25,Browse,2
397,2025-05-15,Product View,3
397,2025-05-13,Add to Cart,4
397,2025-05-24,Checkout,5
397,2025-05-21,Purchase,6
397,2025-05-19,Signup,7
398,2025-11-06,Landing,1
399,2025-04-06,Landing,1
399,2025-04-16,Browse,2
400,2025-09-26,Landing,1
401,2025-06-10,Landing,1
402,2025-03-27,Landing,1
403,2025-05-06,Landing,1
403,2025-05-03,Browse,2
403,2025-04-29,Product View,3
403,2025-05-07,Add to Cart,4
403,2025-05-07,Checkout,5
403,2025-05-08,Purchase,6
403,2025-05-02,Signup,7
404,2025-07-28,Landing,1
404,2025-07-30,Browse,2
404,2025-07-31,Product View,3
404,2025-07-24,Add to Cart,4
404,2025-07-19,Checkout,5
405,2025-03-21,Landing,1
405,2025-03-31,Browse,2
405,2025-03-20,Product View,3
405,2025-03-27,Add to Cart,4
405,2025-03-23,Checkout,5
406,2025-07-03,Landing,1
406,2025-06-25,Browse,2
406,2025-06-30,Product View,3
406,2025-06-25,Add to Cart,4
406,2025-06-25,Checkout,5
407,2025-09-18,Landing,1
407,2025-09-17,Browse,2
408,2025-03-31,Landing,1
408,2025-04-06,Browse,2
408,2025-03-24,Product View,3
409,2025-09-30,Landing,1
410,2025-04-04,Landing,1
410,2025-04-02,Browse,2
411,2025-08-12,Landing,1
411,2025-08-14,Browse,2
412,2025-03-11,Landing,1
412,2025-03-13,Browse,2
413,2025-06-09,Landing,1
413,2025-06-17,Browse,2
413,2025-06-11,Product View,3
414,2025-03-11,Landing,1
414,2025-03-21,Browse,2
414,2025-03-16,Product View,3
414,2025-03-16,Add to Cart,4
414,2025-03-21,Checkout,5
414,2025-03-18,Purchase,6
415,2025-05-28,Landing,1
415,2025-05-27,Browse,2
415,2025-05-27,Product View,3
415,2025-05-29,Add to Cart,4
415,2025-05-28,Checkout,5
415,2025-06-04,Purchase,6
415,2025-05-26,Signup,7
416,2025-05-14,Landing,1
417,2025-05-14,Landing,1
417,2025-05-14,Browse,2
417,2025-05-13,Product View,3
417,2025-05-06,Add to Cart,4
417,2025-05-10,Checkout,5
417,2025-05-05,Purchase,6
417,2025-05-09,Signup,7
418,2025-05-11,Landing,1
418,2025-05-07,Browse,2
418,2025-05-09,Product View,3
418,2025-05-07,Add to Cart,4
418,2025-05-10,Checkout,5
419,2025-04-05,Landing,1
420,2025-09-28,Landing,1
420,2025-09-27,Browse,2
420,2025-09-26,Product View,3
420,2025-10-03,Add to Cart,4
420,2025-09-30,Checkout,5
421,2025-10-25,Landing,1
421,2025-10-20,Browse,2
422,2025-11-23,Landing,1
422,2025-11-24,Browse,2
422,2025-11-27,Product View,3
423,2025-05-23,Landing,1
423,2025-05-25,Browse,2
424,2025-04-18,Landing,1
424,2025-04-27,Browse,2
424,2025-04-21,Product View,3
424,2025-04-15,Add to Cart,4
424,2025-04-22,Checkout,5
425,2025-07-07,Landing,1
425,2025-07-14,Browse,2
425,2025-07-18,Product View,3
426,2025-05-27,Landing,1
426,2025-06-03,Browse,2
427,2025-11-09,Landing,1
428,2025-10-27,Landing,1
428,2025-11-01,Browse,2
428,2025-11-01,Product View,3
428,2025-11-08,Add to Cart,4
429,2025-04-20,Landing,1
429,2025-04-20,Browse,2
430,2025-05-15,Landing,1
430,2025-05-11,Browse,2
430,2025-05-18,Product View,3
431,2025-11-30,Landing,1
431,2025-11-28,Browse,2
431,2025-12-08,Product View,3
432,2025-03-16,Landing,1
432,2025-03-13,Browse,2
432,2025-03-19,Product View,3
432,2025-03-15,Add to Cart,4
432,2025-03-21,Checkout,5
432,2025-03-25,Purchase,6
433,2025-11-03,Landing,1
433,2025-11-02,Browse,2
434,2025-07-31,Landing,1
434,2025-08-05,Browse,2
434,2025-07-28,Product View,3
434,2025-08-05,Add to Cart,4
434,2025-07-27,Checkout,5
435,2025-07-25,Landing,1
436,2025-06-13,Landing,1
436,2025-06-15,Browse,2
436,2025-06-10,Product View,3
436,2025-06-08,Add to Cart,4
436,2025-06-13,Checkout,5
437,2025-07-07,Landing,1
437,2025-07-09,Browse,2
437,2025-07-02,Product View,3
437,2025-07-03,Add to Cart,4
437,2025-07-15,Checkout,5
437,2025-07-15,Purchase,6
437,2025-07-12,Signup,7
438,2025-10-28,Landing,1
438,2025-10-26,Browse,2
439,2025-07-22,Landing,1
439,2025-07-19,Browse,2
439,2025-07-21,Product View,3
439,2025-07-12,Add to Cart,4
440,2025-04-15,Landing,1
441,2025-06-23,Landing,1
442,2025-11-24,Landing,1
442,2025-11-19,Browse,2
442,2025-11-29,Product View,3
442,2025-11-25,Add to Cart,4
442,2025-11-24,Checkout,5
443,2025-08-06,Landing,1
443,2025-08-04,Browse,2
444,2025-04-20,Landing,1
444,2025-04-14,Browse,2
445,2025-05-31,Landing,1
446,2025-09-03,Landing,1
447,2025-11-06,Landing,1
447,2025-11-10,Browse,2
448,2025-09-13,Landing,1
449,2025-07-25,Landing,1
449,2025-07-28,Browse,2
449,2025-07-17,Product View,3
449,2025-07-22,Add to Cart,4
449,2025-07-24,Checkout,5
449,2025-07-25,Purchase,6
449,2025-07-26,Signup,7
450,2025-09-09,Landing,1
450,2025-09-05,Browse,2
450,2025-09-17,Product View,3
450,2025-09-09,Add to Cart,4
451,2025-05-31,Landing,1
452,2025-07-05,Landing,1
452,2025-07-13,Browse,2
453,2025-03-20,Landing,1
453,2025-03-13,Browse,2
453,2025-03-22,Product View,3
453,2025-03-15,Add to Cart,4
453,2025-03-16,Checkout,5
454,2025-04-16,Landing,1
455,2025-06-07,Landing,1
455,2025-06-08,Browse,2
456,2025-09-24,Landing,1
456,2025-09-25,Browse,2
457,2025-07-11,Landing,1
457,2025-07-01,Browse,2
457,2025-07-05,Product View,3
458,2025-03-10,Landing,1
458,2025-03-06,Browse,2
458,2025-03-13,Product View,3
458,2025-03-18,Add to Cart,4
459,2025-05-08,Landing,1
459,2025-05-14,Browse,2
459,2025-05-12,Product View,3
459,2025-05-07,Add to Cart,4
460,2025-11-06,Landing,1
461,2025-09-29,Landing,1
461,2025-10-02,Browse,2
461,2025-10-08,Product View,3
462,2025-11-26,Landing,1
462,2025-12-01,Browse,2
462,2025-11-25,Product View,3
462,2025-11-27,Add to Cart,4
463,2025-09-05,Landing,1
463,2025-09-03,Browse,2
463,2025-09-01,Product View,3
463,2025-08-28,Add to Cart,4
463,2025-08-30,Checkout,5
463,2025-08-29,Purchase,6
463,2025-08-23,Signup,7
464,2025-11-09,Landing,1
465,2025-11-24,Landing,1
465,2025-11-20,Browse,2
465,2025-11-20,Product View,3
466,2025-07-16,Landing,1
467,2025-09-17,Landing,1
468,2025-10-15,Landing,1
469,2025-07-07,Landing,1
469,2025-07-08,Browse,2
469,2025-07-01,Product View,3
469,2025-07-07,Add to Cart,4
469,2025-07-02,Checkout,5
470,2025-06-01,Landing,1
470,2025-06-12,Browse,2
471,2025-09-20,Landing,1
472,2025-08-30,Landing,1
472,2025-08-18,Browse,2
472,2025-08-18,Product View,3
473,2025-10-19,Landing,1
473,2025-10-28,Browse,2
473,2025-10-17,Product View,3
473,2025-10-26,Add to Cart,4
473,2025-10-22,Checkout,5
473,2025-10-19,Purchase,6
473,2025-10-16,Signup,7
474,2025-07-23,Landing,1
474,2025-08-01,Browse,2
474,2025-08-03,Product View,3
474,2025-07-22,Add to Cart,4
474,2025-07-21,Checkout,5
475,2025-05-26,Landing,1
476,2025-05-13,Landing,1
476,2025-05-16,Browse,2
476,2025-05-10,Product View,3
477,2025-12-08,Landing,1
478,2025-07-12,Landing,1
478,2025-07-12,Browse,2
478,2025-07-17,Product View,3
478,2025-07-14,Add to Cart,4
478,2025-07-07,Checkout,5
478,2025-07-06,Purchase,6
478,2025-07-11,Signup,7
479,2025-05-28,Landing,1
479,2025-05-30,Browse,2
480,2025-09-21,Landing,1
480,2025-10-01,Browse,2
480,2025-10-01,Product View,3
480,2025-10-01,Add to Cart,4
481,2025-10-21,Landing,1
481,2025-10-17,Browse,2
482,2025-07-06,Landing,1
482,2025-07-04,Browse,2
482,2025-07-06,Product View,3
483,2025-05-03,Landing,1
483,2025-05-03,Browse,2
483,2025-05-03,Product View,3
484,2025-04-03,Landing,1
484,2025-04-04,Browse,2
484,2025-04-15,Product View,3
484,2025-04-12,Add to Cart,4
484,2025-04-08,Checkout,5
485,2025-07-13,Landing,1
485,2025-07-23,Browse,2
486,2025-09-08,Landing,1
487,2025-11-15,Landing,1
488,2025-11-21,Landing,1
488,2025-11-30,Browse,2
489,2025-04-17,Landing,1
489,2025-04-15,Browse,2
489,2025-04-20,Product View,3
490,2025-05-15,Landing,1
490,2025-05-10,Browse,2
490,2025-05-11,Product View,3
490,2025-05-16,Add to Cart,4
491,2025-10-10,Landing,1
491,2025-10-10,Browse,2
491,2025-10-19,Product View,3
491,2025-10-10,Add to Cart,4
492,2025-03-02,Landing,1
492,2025-03-10,Browse,2
492,2025-03-10,Product View,3
492,2025-03-10,Add to Cart,4
492,2025-03-07,Checkout,5
493,2025-07-09,Landing,1
493,2025-07-13,Browse,2
493,2025-07-07,Product View,3
493,2025-07-10,Add to Cart,4
493,2025-07-07,Checkout,5
493,2025-07-15,Purchase,6
493,2025-07-17,Signup,7
494,2025-10-27,Landing,1
495,2025-09-14,Landing,1
495,2025-09-10,Browse,2
495,2025-09-13,Product View,3
495,2025-09-17,Add to Cart,4
495,2025-09-11,Checkout,5
496,2025-08-06,Landing,1
496,2025-08-06,Browse,2
497,2025-07-01,Landing,1
498,2025-10-14,Landing,1
498,2025-10-04,Browse,2
498,2025-10-04,Product View,3
498,2025-10-02,Add to Cart,4
499,2025-04-23,Landing,1
499,2025-04-15,Browse,2
500,2025-06-29,Landing,1
501,2025-11-10,Landing,1
501,2025-11-08,Browse,2
501,2025-11-08,Product View,3
501,2025-11-11,Add to Cart,4
501,2025-11-16,Checkout,5
501,2025-11-08,Purchase,6
502,2025-08-19,Landing,1
502,2025-08-24,Browse,2
502,2025-08-26,Product View,3
503,2025-04-01,Landing,1
503,2025-04-10,Browse,2
503,2025-04-10,Product View,3
504,2025-10-16,Landing,1
504,2025-10-22,Browse,2
505,2025-05-20,Landing,1
505,2025-05-23,Browse,2
506,2025-07-25,Landing,1
506,2025-07-21,Browse,2
506,2025-07-25,Product View,3
506,2025-07-18,Add to Cart,4
506,2025-07-28,Checkout,5
507,2025-11-15,Landing,1
507,2025-11-20,Browse,2
507,2025-11-25,Product View,3
507,2025-11-17,Add to Cart,4
507,2025-11-16,Checkout,5
507,2025-11-22,Purchase,6
507,2025-11-17,Signup,7
508,2025-09-01,Landing,1
509,2025-05-04,Landing,1
509,2025-05-10,Browse,2
509,2025-05-15,Product View,3
509,2025-05-16,Add to Cart,4
510,2025-08-18,Landing,1
510,2025-08-25,Browse,2
510,2025-08-24,Product View,3
510,2025-08-21,Add to Cart,4
511,2025-11-17,Landing,1
511,2025-11-11,Browse,2
511,2025-11-11,Product View,3
512,2025-10-14,Landing,1
512,2025-10-16,Browse,2
512,2025-10-23,Product View,3
512,2025-10-16,Add to Cart,4
513,2025-07-19,Landing,1
514,2025-06-28,Landing,1
514,2025-07-07,Browse,2
514,2025-07-07,Product View,3
515,2025-03-12,Landing,1
515,2025-03-20,Browse,2
515,2025-03-17,Product View,3
516,2025-12-20,Landing,1
516,2025-12-16,Browse,2
516,2025-12-22,Product View,3
517,2025-03-03,Landing,1
518,2025-11-17,Landing,1
519,2025-03-16,Landing,1
519,2025-03-24,Browse,2
519,2025-03-20,Product View,3
519,2025-03-17,Add to Cart,4
520,2025-08-08,Landing,1
520,2025-08-15,Browse,2
520,2025-08-06,Product View,3
520,2025-08-15,Add to Cart,4
521,2025-03-16,Landing,1
521,2025-03-24,Browse,2
522,2025-06-04,Landing,1
523,2025-04-27,Landing,1
524,2025-09-06,Landing,1
525,2025-11-08,Landing,1
525,2025-11-07,Browse,2
526,2025-03-19,Landing,1
526,2025-03-14,Browse,2
526,2025-03-22,Product View,3
527,2025-08-18,Landing,1
527,2025-08-11,Browse,2
528,2025-10-18,Landing,1
528,2025-10-29,Browse,2
528,2025-10-21,Product View,3
528,2025-10-27,Add to Cart,4
528,2025-10-25,Checkout,5
528,2025-10-29,Purchase,6
528,2025-10-23,Signup,7
529,2025-05-09,Landing,1
530,2025-09-22,Landing,1
531,2025-04-08,Landing,1
531,2025-04-05,Browse,2
532,2025-10-21,Landing,1
532,2025-10-19,Browse,2
532,2025-10-16,Product View,3
532,2025-10-23,Add to Cart,4
532,2025-10-21,Checkout,5
532,2025-10-22,Purchase,6
533,2025-05-11,Landing,1
534,2025-09-01,Landing,1
534,2025-08-28,Browse,2
535,2025-04-19,Landing,1
536,2025-08-26,Landing,1
537,2025-12-09,Landing,1
538,2025-08-27,Landing,1
538,2025-09-06,Browse,2
538,2025-08-31,Product View,3
539,2025-11-24,Landing,1
539,2025-12-02,Browse,2
540,2025-07-21,Landing,1
540,2025-07-11,Browse,2
540,2025-07-10,Product View,3
540,2025-07-21,Add to Cart,4
540,2025-07-10,Checkout,5
541,2025-04-14,Landing,1
542,2025-04-26,Landing,1
542,2025-04-21,Browse,2
543,2025-03-16,Landing,1
544,2025-08-20,Landing,1
544,2025-08-21,Browse,2
544,2025-08-22,Product View,3
544,2025-08-29,Add to Cart,4
544,2025-08-29,Checkout,5
544,2025-08-21,Purchase,6
545,2025-12-01,Landing,1
545,2025-11-25,Browse,2
546,2025-05-28,Landing,1
546,2025-05-21,Browse,2
546,2025-05-16,Product View,3
546,2025-05-22,Add to Cart,4
546,2025-05-23,Checkout,5
546,2025-05-17,Purchase,6
547,2025-03-29,Landing,1
547,2025-04-05,Browse,2
547,2025-04-01,Product View,3
547,2025-04-06,Add to Cart,4
548,2025-05-26,Landing,1
548,2025-05-28,Browse,2
549,2025-04-19,Landing,1
550,2025-05-11,Landing,1
550,2025-05-21,Browse,2
551,2025-10-29,Landing,1
552,2025-07-01,Landing,1
552,2025-06-22,Browse,2
553,2025-07-04,Landing,1
554,2025-12-01,Landing,1
554,2025-12-02,Browse,2
555,2025-12-10,Landing,1
555,2025-12-13,Browse,2
555,2025-12-11,Product View,3
555,2025-12-03,Add to Cart,4
556,2025-11-08,Landing,1
556,2025-11-11,Browse,2
557,2025-06-18,Landing,1
557,2025-06-17,Browse,2
558,2025-06-15,Landing,1
559,2025-11-11,Landing,1
559,2025-11-23,Browse,2
559,2025-11-22,Product View,3
560,2025-10-06,Landing,1
560,2025-09-26,Browse,2
560,2025-10-06,Product View,3
561,2025-12-08,Landing,1
562,2025-03-21,Landing,1
562,2025-03-21,Browse,2
562,2025-03-18,Product View,3
562,2025-03-26,Add to Cart,4
563,2025-08-19,Landing,1
563,2025-08-14,Browse,2
563,2025-08-17,Product View,3
563,2025-08-15,Add to Cart,4
564,2025-04-05,Landing,1
564,2025-04-11,Browse,2
564,2025-04-09,Product View,3
564,2025-04-09,Add to Cart,4
564,2025-04-13,Checkout,5
565,2025-11-15,Landing,1
565,2025-11-12,Browse,2
565,2025-11-15,Product View,3
565,2025-11-13,Add to Cart,4
565,2025-11-16,Checkout,5
565,2025-11-18,Purchase,6
566,2025-08-30,Landing,1
566,2025-09-07,Browse,2
566,2025-08-26,Product View,3
566,2025-09-03,Add to Cart,4
566,2025-09-04,Checkout,5
566,2025-09-01,Purchase,6
566,2025-08-31,Signup,7
567,2025-03-16,Landing,1
567,2025-03-15,Browse,2
567,2025-03-13,Product View,3
568,2025-08-18,Landing,1
568,2025-08-22,Browse,2
568,2025-08-15,Product View,3
569,2025-12-15,Landing,1
569,2025-12-27,Browse,2
569,2025-12-23,Product View,3
569,2025-12-17,Add to Cart,4
569,2025-12-17,Checkout,5
569,2025-12-24,Purchase,6
570,2025-06-19,Landing,1
570,2025-06-17,Browse,2
570,2025-06-18,Product View,3
570,2025-06-24,Add to Cart,4
571,2025-04-23,Landing,1
572,2025-11-29,Landing,1
573,2025-10-27,Landing,1
573,2025-10-29,Browse,2
574,2025-05-25,Landing,1
575,2025-09-20,Landing,1
576,2025-03-23,Landing,1
576,2025-03-25,Browse,2
576,2025-03-24,Product View,3
577,2025-05-18,Landing,1
577,2025-05-15,Browse,2
577,2025-05-11,Product View,3
578,2025-03-12,Landing,1
578,2025-03-11,Browse,2
578,2025-03-14,Product View,3
578,2025-03-14,Add to Cart,4
578,2025-03-09,Checkout,5
578,2025-03-05,Purchase,6
578,2025-03-11,Signup,7
579,2025-03-20,Landing,1
579,2025-03-14,Browse,2
579,2025-03-09,Product View,3
579,2025-03-12,Add to Cart,4
579,2025-03-19,Checkout,5
580,2025-09-20,Landing,1
580,2025-09-17,Browse,2
580,2025-09-18,Product View,3
580,2025-09-21,Add to Cart,4
581,2025-06-26,Landing,1
581,2025-06-25,Browse,2
581,2025-06-26,Product View,3
581,2025-07-05,Add to Cart,4
581,2025-06-29,Checkout,5
581,2025-07-01,Purchase,6
581,2025-07-03,Signup,7
582,2025-08-22,Landing,1
582,2025-08-22,Browse,2
583,2025-12-01,Landing,1
584,2025-06-01,Landing,1
584,2025-06-03,Browse,2
584,2025-06-06,Product View,3
584,2025-06-10,Add to Cart,4
584,2025-06-12,Checkout,5
584,2025-06-05,Purchase,6
584,2025-06-06,Signup,7
585,2025-09-18,Landing,1
585,2025-09-09,Browse,2
585,2025-09-15,Product View,3
585,2025-09-12,Add to Cart,4
586,2025-07-03,Landing,1
586,2025-07-14,Browse,2
586,2025-07-04,Product View,3
586,2025-07-10,Add to Cart,4
586,2025-07-07,Checkout,5
586,2025-07-10,Purchase,6
586,2025-07-07,Signup,7
587,2025-11-06,Landing,1
587,2025-11-10,Browse,2
587,2025-11-05,Product View,3
587,2025-11-07,Add to Cart,4
588,2025-03-30,Landing,1
589,2025-06-13,Landing,1
589,2025-06-16,Browse,2
589,2025-06-17,Product View,3
590,2025-03-31,Landing,1
591,2025-06-28,Landing,1
591,2025-06-26,Browse,2
591,2025-07-02,Product View,3
592,2025-03-26,Landing,1
593,2025-11-07,Landing,1
594,2025-07-18,Landing,1
595,2025-06-23,Landing,1
595,2025-06-17,Browse,2
596,2025-08-31,Landing,1
596,2025-08-30,Browse,2
597,2025-06-29,Landing,1
597,2025-07-01,Browse,2
597,2025-06-26,Product View,3
597,2025-06-27,Add to Cart,4
597,2025-07-05,Checkout,5
598,2025-06-11,Landing,1
598,2025-06-06,Browse,2
598,2025-06-08,Product View,3
598,2025-06-03,Add to Cart,4
598,2025-06-09,Checkout,5
599,2025-11-17,Landing,1
599,2025-11-09,Browse,2
599,2025-11-19,Product View,3
599,2025-11-16,Add to Cart,4
600,2025-10-03,Landing,1
601,2025-09-30,Landing,1
601,2025-09-28,Browse,2
602,2025-10-09,Landing,1
602,2025-10-12,Browse,2
602,2025-10-15,Product View,3
602,2025-10-14,Add to Cart,4
602,2025-10-17,Checkout,5
602,2025-10-20,Purchase,6
602,2025-10-21,Signup,7
603,2025-09-30,Landing,1
604,2025-07-04,Landing,1
604,2025-06-27,Browse,2
604,2025-07-03,Product View,3
605,2025-08-28,Landing,1
605,2025-09-02,Browse,2
606,2025-07-20,Landing,1
606,2025-07-15,Browse,2
607,2025-11-19,Landing,1
607,2025-11-13,Browse,2
608,2025-08-24,Landing,1
608,2025-08-20,Browse,2
608,2025-08-30,Product View,3
608,2025-08-20,Add to Cart,4
608,2025-08-28,Checkout,5
609,2025-03-17,Landing,1
610,2025-12-21,Landing,1
610,2025-12-14,Browse,2
610,2025-12-17,Product View,3
610,2025-12-16,Add to Cart,4
610,2025-12-20,Checkout,5
610,2025-12-23,Purchase,6
611,2025-07-28,Landing,1
611,2025-07-16,Browse,2
612,2025-12-12,Landing,1
613,2025-12-05,Landing,1
613,2025-12-10,Browse,2
613,2025-12-02,Product View,3
614,2025-05-09,Landing,1
615,2025-07-13,Landing,1
616,2025-04-21,Landing,1
616,2025-04-30,Browse,2
616,2025-05-04,Product View,3
616,2025-05-02,Add to Cart,4
617,2025-04-28,Landing,1
617,2025-04-27,Browse,2
617,2025-04-24,Product View,3
617,2025-05-03,Add to Cart,4
617,2025-05-03,Checkout,5
617,2025-05-02,Purchase,6
617,2025-04-30,Signup,7
618,2025-05-13,Landing,1
618,2025-05-10,Browse,2
619,2025-11-26,Landing,1
619,2025-11-27,Browse,2
619,2025-11-28,Product View,3
620,2025-04-23,Landing,1
620,2025-04-21,Browse,2
620,2025-05-01,Product View,3
620,2025-04-30,Add to Cart,4
621,2025-09-05,Landing,1
621,2025-09-05,Browse,2
621,2025-09-05,Product View,3
622,2025-07-26,Landing,1
622,2025-07-31,Browse,2
622,2025-07-28,Product View,3
623,2025-11-01,Landing,1
623,2025-10-20,Browse,2
623,2025-10-19,Product View,3
623,2025-10-28,Add to Cart,4
623,2025-10-31,Checkout,5
623,2025-10-19,Purchase,6
624,2025-12-17,Landing,1
624,2025-12-16,Browse,2
624,2025-12-24,Product View,3
624,2025-12-23,Add to Cart,4
625,2025-05-14,Landing,1
626,2025-11-12,Landing,1
627,2025-10-09,Landing,1
627,2025-10-14,Browse,2
628,2025-03-30,Landing,1
628,2025-03-28,Browse,2
628,2025-03-22,Product View,3
629,2025-06-22,Landing,1
630,2025-06-11,Landing,1
630,2025-06-10,Browse,2
630,2025-06-11,Product View,3
630,2025-06-05,Add to Cart,4
630,2025-06-06,Checkout,5
631,2025-07-01,Landing,1
631,2025-06-27,Browse,2
631,2025-07-01,Product View,3
631,2025-06-26,Add to Cart,4
631,2025-06-29,Checkout,5
631,2025-06-28,Purchase,6
632,2025-07-26,Landing,1
633,2025-12-09,Landing,1
634,2025-12-15,Landing,1
634,2025-12-23,Browse,2
634,2025-12-15,Product View,3
635,2025-04-28,Landing,1
635,2025-05-02,Browse,2
636,2025-05-12,Landing,1
636,2025-05-02,Browse,2
636,2025-05-12,Product View,3
636,2025-05-06,Add to Cart,4
637,2025-07-15,Landing,1
637,2025-07-12,Browse,2
637,2025-07-06,Product View,3
637,2025-07-09,Add to Cart,4
638,2025-05-07,Landing,1
639,2025-09-25,Landing,1
639,2025-10-04,Browse,2
640,2025-09-01,Landing,1
641,2025-10-23,Landing,1
642,2025-06-10,Landing,1
643,2025-11-27,Landing,1
643,2025-12-06,Browse,2
643,2025-12-05,Product View,3
643,2025-12-03,Add to Cart,4
643,2025-11-29,Checkout,5
644,2025-08-13,Landing,1
644,2025-08-03,Browse,2
644,2025-08-14,Product View,3
644,2025-08-07,Add to Cart,4
644,2025-08-03,Checkout,5
645,2025-04-18,Landing,1
645,2025-04-17,Browse,2
646,2025-05-09,Landing,1
646,2025-05-08,Browse,2
646,2025-05-16,Product View,3
647,2025-04-17,Landing,1
648,2025-04-21,Landing,1
648,2025-04-18,Browse,2
648,2025-04-28,Product View,3
648,2025-04-24,Add to Cart,4
649,2025-04-23,Landing,1
649,2025-04-28,Browse,2
650,2025-11-10,Landing,1
651,2025-06-29,Landing,1
651,2025-06-20,Browse,2
651,2025-06-23,Product View,3
651,2025-06-29,Add to Cart,4
651,2025-06-24,Checkout,5
652,2025-12-02,Landing,1
653,2025-10-11,Landing,1
653,2025-10-14,Browse,2
653,2025-10-11,Product View,3
653,2025-10-20,Add to Cart,4
653,2025-10-16,Checkout,5
653,2025-10-21,Purchase,6
654,2025-03-24,Landing,1
655,2025-10-10,Landing,1
655,2025-10-07,Browse,2
656,2025-08-09,Landing,1
656,2025-08-15,Browse,2
657,2025-03-10,Landing,1
658,2025-05-18,Landing,1
658,2025-05-29,Browse,2
659,2025-06-23,Landing,1
659,2025-06-26,Browse,2
659,2025-06-21,Product View,3
660,2025-05-19,Landing,1
660,2025-05-17,Browse,2
661,2025-07-28,Landing,1
661,2025-07-28,Browse,2
662,2025-03-29,Landing,1
662,2025-03-23,Browse,2
662,2025-03-29,Product View,3
662,2025-03-30,Add to Cart,4
663,2025-03-29,Landing,1
663,2025-04-02,Browse,2
663,2025-03-20,Product View,3
663,2025-03-26,Add to Cart,4
664,2025-09-29,Landing,1
665,2025-06-02,Landing,1
665,2025-05-29,Browse,2
666,2025-10-19,Landing,1
666,2025-10-22,Browse,2
667,2025-08-30,Landing,1
668,2025-08-18,Landing,1
668,2025-08-20,Browse,2
668,2025-08-18,Product View,3
669,2025-04-23,Landing,1
669,2025-04-22,Browse,2
669,2025-04-15,Product View,3
669,2025-04-20,Add to Cart,4
669,2025-04-19,Checkout,5
670,2025-05-14,Landing,1
670,2025-05-16,Browse,2
670,2025-05-15,Product View,3
671,2025-09-25,Landing,1
671,2025-09-29,Browse,2
671,2025-09-24,Product View,3
671,2025-10-01,Add to Cart,4
671,2025-09-30,Checkout,5
671,2025-09-27,Purchase,6
671,2025-10-01,Signup,7
672,2025-07-14,Landing,1
672,2025-07-19,Browse,2
673,2025-07-10,Landing,1
673,2025-07-06,Browse,2
674,2025-08-04,Landing,1
674,2025-08-02,Browse,2
674,2025-08-01,Product View,3
674,2025-08-01,Add to Cart,4
674,2025-08-11,Checkout,5
675,2025-10-28,Landing,1
675,2025-10-31,Browse,2
675,2025-10-29,Product View,3
675,2025-10-19,Add to Cart,4
675,2025-10-31,Checkout,5
676,2025-04-07,Landing,1
677,2025-03-22,Landing,1
677,2025-04-02,Browse,2
678,2025-08-03,Landing,1
679,2025-09-05,Landing,1
679,2025-09-04,Browse,2
679,2025-09-09,Product View,3
679,2025-09-01,Add to Cart,4
680,2025-05-02,Landing,1
680,2025-04-28,Browse,2
680,2025-05-02,Product View,3
681,2025-08-13,Landing,1
681,2025-08-14,Browse,2
681,2025-08-13,Product View,3
681,2025-08-16,Add to Cart,4
681,2025-08-14,Checkout,5
682,2025-05-18,Landing,1
683,2025-08-31,Landing,1
683,2025-08-31,Browse,2
683,2025-09-04,Product View,3
684,2025-04-03,Landing,1
684,2025-04-08,Browse,2
684,2025-03-26,Product View,3
684,2025-03-30,Add to Cart,4
685,2025-07-03,Landing,1
686,2025-09-01,Landing,1
686,2025-08-21,Browse,2
687,2025-03-14,Landing,1
687,2025-03-16,Browse,2
687,2025-03-08,Product View,3
687,2025-03-07,Add to Cart,4
687,2025-03-09,Checkout,5
688,2025-10-05,Landing,1
688,2025-09-30,Browse,2
688,2025-10-06,Product View,3
688,2025-10-02,Add to Cart,4
688,2025-10-08,Checkout,5
689,2025-11-13,Landing,1
689,2025-11-10,Browse,2
689,2025-11-18,Product View,3
690,2025-11-18,Landing,1
691,2025-06-30,Landing,1
691,2025-06-23,Browse,2
692,2025-06-25,Landing,1
692,2025-06-17,Browse,2
693,2025-10-25,Landing,1
694,2025-04-13,Landing,1
694,2025-04-08,Browse,2
694,2025-04-02,Product View,3
695,2025-06-04,Landing,1
695,2025-06-12,Browse,2
695,2025-06-09,Product View,3
696,2025-05-10,Landing,1
696,2025-05-14,Browse,2
696,2025-05-19,Product View,3
696,2025-05-14,Add to Cart,4
696,2025-05-15,Checkout,5
697,2025-11-26,Landing,1
697,2025-11-24,Browse,2
697,2025-11-20,Product View,3
697,2025-11-26,Add to Cart,4
697,2025-11-28,Checkout,5
697,2025-11-28,Purchase,6
697,2025-11-22,Signup,7
698,2025-11-02,Landing,1
698,2025-11-04,Browse,2
698,2025-11-07,Product View,3
698,2025-11-06,Add to Cart,4
699,2025-12-23,Landing,1
700,2025-06-20,Landing,1
700,2025-06-18,Browse,2
700,2025-06-12,Product View,3
701,2025-04-05,Landing,1
701,2025-04-15,Browse,2
701,2025-04-12,Product View,3
701,2025-04-08,Add to Cart,4
702,2025-10-30,Landing,1
703,2025-07-14,Landing,1
704,2025-10-23,Landing,1
704,2025-10-20,Browse,2
704,2025-10-22,Product View,3
704,2025-10-22,Add to Cart,4
704,2025-10-28,Checkout,5
705,2025-11-21,Landing,1
705,2025-11-23,Browse,2
705,2025-11-19,Product View,3
705,2025-11-15,Add to Cart,4
705,2025-11-22,Checkout,5
705,2025-11-14,Purchase,6
706,2025-07-01,Landing,1
706,2025-07-05,Browse,2
706,2025-06-30,Product View,3
706,2025-07-03,Add to Cart,4
706,2025-06-25,Checkout,5
707,2025-07-30,Landing,1
707,2025-07-25,Browse,2
707,2025-07-31,Product View,3
707,2025-07-24,Add to Cart,4
708,2025-03-15,Landing,1
708,2025-03-10,Browse,2
709,2025-12-05,Landing,1
709,2025-12-02,Browse,2
709,2025-12-02,Product View,3
710,2025-09-27,Landing,1
711,2025-07-16,Landing,1
711,2025-07-25,Browse,2
711,2025-07-15,Product View,3
712,2025-11-11,Landing,1
712,2025-11-12,Browse,2
712,2025-11-07,Product View,3
712,2025-11-10,Add to Cart,4
713,2025-10-14,Landing,1
713,2025-10-17,Browse,2
713,2025-10-19,Product View,3
713,2025-10-12,Add to Cart,4
714,2025-11-20,Landing,1
714,2025-11-15,Browse,2
714,2025-11-21,Product View,3
714,2025-11-25,Add to Cart,4
714,2025-11-13,Checkout,5
715,2025-05-08,Landing,1
716,2025-03-15,Landing,1
716,2025-03-09,Browse,2
716,2025-03-14,Product View,3
717,2025-05-10,Landing,1
718,2025-05-04,Landing,1
719,2025-07-03,Landing,1
719,2025-06-25,Browse,2
719,2025-06-29,Product View,3
719,2025-07-07,Add to Cart,4
719,2025-06-28,Checkout,5
720,2025-08-07,Landing,1
720,2025-08-03,Browse,2
720,2025-08-06,Product View,3
720,2025-08-06,Add to Cart,4
721,2025-06-17,Landing,1
721,2025-06-25,Browse,2
722,2025-09-17,Landing,1
723,2025-08-15,Landing,1
723,2025-08-07,Browse,2
723,2025-08-09,Product View,3
724,2025-08-25,Landing,1
725,2025-08-08,Landing,1
725,2025-08-13,Browse,2
726,2025-04-04,Landing,1
726,2025-04-09,Browse,2
726,2025-04-05,Product View,3
727,2025-08-12,Landing,1
727,2025-08-13,Browse,2
727,2025-08-10,Product View,3
727,2025-08-14,Add to Cart,4
727,2025-08-11,Checkout,5
727,2025-08-12,Purchase,6
728,2025-09-24,Landing,1
728,2025-09-18,Browse,2
729,2025-07-22,Landing,1
729,2025-07-25,Browse,2
729,2025-07-26,Product View,3
730,2025-04-09,Landing,1
731,2025-09-27,Landing,1
731,2025-09-21,Browse,2
731,2025-10-02,Product View,3
731,2025-09-22,Add to Cart,4
731,2025-09-27,Checkout,5
731,2025-09-26,Purchase,6
731,2025-10-01,Signup,7
732,2025-11-01,Landing,1
732,2025-10-24,Browse,2
732,2025-10-25,Product View,3
732,2025-10-25,Add to Cart,4
732,2025-10-23,Checkout,5
733,2025-03-31,Landing,1
733,2025-04-03,Browse,2
733,2025-04-05,Product View,3
733,2025-03-29,Add to Cart,4
734,2025-05-30,Landing,1
734,2025-06-10,Browse,2
735,2025-06-11,Landing,1
735,2025-06-20,Browse,2
735,2025-06-11,Product View,3
736,2025-10-16,Landing,1
736,2025-10-09,Browse,2
736,2025-10-12,Product View,3
737,2025-03-10,Landing,1
737,2025-03-04,Browse,2
737,2025-03-09,Product View,3
737,2025-03-09,Add to Cart,4
738,2025-08-28,Landing,1
738,2025-08-28,Browse,2
739,2025-06-21,Landing,1
740,2025-11-04,Landing,1
740,2025-10-28,Browse,2
740,2025-10-22,Product View,3
740,2025-10-23,Add to Cart,4
740,2025-10-28,Checkout,5
740,2025-10-24,Purchase,6
741,2025-06-16,Landing,1
741,2025-06-06,Browse,2
742,2025-12-05,Landing,1
742,2025-11-28,Browse,2
743,2025-10-26,Landing,1
743,2025-10-17,Browse,2
743,2025-10-17,Product View,3
744,2025-11-04,Landing,1
745,2025-06-13,Landing,1
745,2025-06-04,Browse,2
745,2025-06-08,Product View,3
745,2025-06-16,Add to Cart,4
745,2025-06-06,Checkout,5
746,2025-08-19,Landing,1
746,2025-08-29,Browse,2
746,2025-08-25,Product View,3
747,2025-08-14,Landing,1
747,2025-08-10,Browse,2
747,2025-08-10,Product View,3
747,2025-08-09,Add to Cart,4
747,2025-08-07,Checkout,5
747,2025-08-05,Purchase,6
747,2025-08-04,Signup,7
748,2025-09-29,Landing,1
748,2025-09-28,Browse,2
749,2025-08-04,Landing,1
749,2025-08-06,Browse,2
750,2025-06-20,Landing,1
750,2025-06-15,Browse,2
751,2025-07-25,Landing,1
751,2025-08-01,Browse,2
751,2025-07-28,Product View,3
752,2025-11-03,Landing,1
753,2025-03-24,Landing,1
753,2025-03-26,Browse,2
753,2025-04-06,Product View,3
753,2025-04-01,Add to Cart,4
753,2025-04-04,Checkout,5
754,2025-05-21,Landing,1
754,2025-05-28,Browse,2
754,2025-05-23,Product View,3
754,2025-05-25,Add to Cart,4
754,2025-05-31,Checkout,5
754,2025-05-27,Purchase,6
754,2025-05-27,Signup,7
755,2025-12-23,Landing,1
755,2025-12-19,Browse,2
755,2025-12-12,Product View,3
755,2025-12-24,Add to Cart,4
756,2025-04-23,Landing,1
756,2025-04-30,Browse,2
757,2025-09-24,Landing,1
758,2025-09-03,Landing,1
758,2025-08-27,Browse,2
758,2025-08-30,Product View,3
758,2025-09-03,Add to Cart,4
758,2025-09-03,Checkout,5
758,2025-08-31,Purchase,6
758,2025-09-03,Signup,7
759,2025-06-13,Landing,1
759,2025-06-16,Browse,2
759,2025-06-13,Product View,3
759,2025-06-08,Add to Cart,4
759,2025-06-15,Checkout,5
760,2025-04-09,Landing,1
761,2025-07-30,Landing,1
761,2025-07-31,Browse,2
761,2025-07-25,Product View,3
762,2025-11-28,Landing,1
762,2025-11-30,Browse,2
763,2025-11-07,Landing,1
763,2025-11-08,Browse,2
764,2025-09-02,Landing,1
764,2025-09-14,Browse,2
765,2025-10-26,Landing,1
765,2025-10-18,Browse,2
765,2025-10-24,Product View,3
766,2025-06-18,Landing,1
766,2025-06-22,Browse,2
766,2025-06-28,Product View,3
767,2025-06-08,Landing,1
768,2025-11-11,Landing,1
768,2025-11-01,Browse,2
769,2025-08-05,Landing,1
769,2025-07-29,Browse,2
769,2025-08-08,Product View,3
770,2025-09-02,Landing,1
770,2025-08-29,Browse,2
770,2025-09-08,Product View,3
770,2025-08-29,Add to Cart,4
770,2025-08-30,Checkout,5
771,2025-12-08,Landing,1
771,2025-12-10,Browse,2
771,2025-12-08,Product View,3
771,2025-12-01,Add to Cart,4
771,2025-12-04,Checkout,5
772,2025-07-07,Landing,1
772,2025-06-30,Browse,2
773,2025-03-15,Landing,1
774,2025-11-15,Landing,1
774,2025-11-09,Browse,2
774,2025-11-04,Product View,3
774,2025-11-17,Add to Cart,4
774,2025-11-17,Checkout,5
775,2025-09-25,Landing,1
775,2025-09-18,Browse,2
775,2025-09-25,Product View,3
776,2025-03-07,Landing,1
776,2025-03-09,Browse,2
777,2025-06-04,Landing,1
777,2025-06-05,Browse,2
777,2025-05-30,Product View,3
777,2025-05-29,Add to Cart,4
777,2025-06-02,Checkout,5
777,2025-06-04,Purchase,6
777,2025-06-01,Signup,7
778,2025-06-18,Landing,1
778,2025-06-20,Browse,2
779,2025-09-29,Landing,1
779,2025-09-18,Browse,2
780,2025-04-14,Landing,1
780,2025-04-15,Browse,2
781,2025-10-21,Landing,1
782,2025-05-24,Landing,1
782,2025-05-31,Browse,2
782,2025-05-22,Product View,3
782,2025-05-29,Add to Cart,4
782,2025-05-24,Checkout,5
782,2025-05-30,Purchase,6
783,2025-04-17,Landing,1
784,2025-03-15,Landing,1
784,2025-03-25,Browse,2
785,2025-09-07,Landing,1
786,2025-10-13,Landing,1
787,2025-06-03,Landing,1
787,2025-06-05,Browse,2
787,2025-05-26,Product View,3
787,2025-06-03,Add to Cart,4
787,2025-05-26,Checkout,5
787,2025-05-27,Purchase,6
788,2025-06-09,Landing,1
788,2025-06-08,Browse,2
788,2025-06-04,Product View,3
788,2025-06-07,Add to Cart,4
788,2025-06-04,Checkout,5
789,2025-03-15,Landing,1
789,2025-03-22,Browse,2
789,2025-03-22,Product View,3
789,2025-03-20,Add to Cart,4
790,2025-04-07,Landing,1
790,2025-04-02,Browse,2
791,2025-12-18,Landing,1
791,2025-12-10,Browse,2
791,2025-12-06,Product View,3
792,2025-03-20,Landing,1
792,2025-03-17,Browse,2
792,2025-03-07,Product View,3
793,2025-10-19,Landing,1
793,2025-10-16,Browse,2
793,2025-10-26,Product View,3
793,2025-10-16,Add to Cart,4
794,2025-09-07,Landing,1
795,2025-07-11,Landing,1
795,2025-07-09,Browse,2
796,2025-06-21,Landing,1
796,2025-06-29,Browse,2
796,2025-07-01,Product View,3
796,2025-06-30,Add to Cart,4
797,2025-12-17,Landing,1
797,2025-12-18,Browse,2
798,2025-06-06,Landing,1
798,2025-06-12,Browse,2
798,2025-06-02,Product View,3
798,2025-06-06,Add to Cart,4
798,2025-06-10,Checkout,5
798,2025-06-14,Purchase,6
798,2025-06-11,Signup,7
799,2025-11-03,Landing,1
799,2025-11-14,Browse,2
800,2025-05-02,Landing,1
800,2025-04-27,Browse,2
801,2025-07-28,Landing,1
801,2025-07-24,Browse,2
801,2025-07-25,Product View,3
801,2025-07-22,Add to Cart,4
801,2025-07-23,Checkout,5
801,2025-07-26,Purchase,6
801,2025-07-28,Signup,7
802,2025-11-19,Landing,1
803,2025-12-10,Landing,1
804,2025-11-05,Landing,1
804,2025-10-28,Browse,2
804,2025-11-04,Product View,3
804,2025-10-28,Add to Cart,4
804,2025-10-26,Checkout,5
805,2025-05-08,Landing,1
806,2025-07-16,Landing,1
806,2025-07-18,Browse,2
806,2025-07-19,Product View,3
806,2025-07-11,Add to Cart,4
807,2025-03-17,Landing,1
808,2025-09-16,Landing,1
808,2025-09-09,Browse,2
809,2025-04-03,Landing,1
809,2025-04-04,Browse,2
810,2025-06-10,Landing,1
810,2025-06-04,Browse,2
810,2025-06-11,Product View,3
810,2025-06-03,Add to Cart,4
810,2025-06-10,Checkout,5
811,2025-05-15,Landing,1
811,2025-05-10,Browse,2
811,2025-05-06,Product View,3
811,2025-05-07,Add to Cart,4
811,2025-05-17,Checkout,5
812,2025-06-04,Landing,1
812,2025-06-05,Browse,2
812,2025-05-29,Product View,3
813,2025-11-12,Landing,1
813,2025-11-23,Browse,2
813,2025-11-19,Product View,3
813,2025-11-18,Add to Cart,4
813,2025-11-14,Checkout,5
814,2025-08-09,Landing,1
814,2025-08-07,Browse,2
814,2025-08-02,Product View,3
814,2025-08-06,Add to Cart,4
814,2025-08-12,Checkout,5
815,2025-10-20,Landing,1
815,2025-10-08,Browse,2
816,2025-09-23,Landing,1
817,2025-09-06,Landing,1
817,2025-09-07,Browse,2
817,2025-09-09,Product View,3
818,2025-06-23,Landing,1
819,2025-04-12,Landing,1
819,2025-04-10,Browse,2
820,2025-07-22,Landing,1
820,2025-07-19,Browse,2
821,2025-11-16,Landing,1
821,2025-11-15,Browse,2
821,2025-11-20,Product View,3
821,2025-11-16,Add to Cart,4
821,2025-11-12,Checkout,5
821,2025-11-19,Purchase,6
821,2025-11-12,Signup,7
822,2025-11-18,Landing,1
823,2025-12-27,Landing,1
823,2025-12-17,Browse,2
823,2025-12-19,Product View,3
823,2025-12-18,Add to Cart,4
823,2025-12-20,Checkout,5
824,2025-07-21,Landing,1
824,2025-07-21,Browse,2
825,2025-10-09,Landing,1
825,2025-10-02,Browse,2
825,2025-10-07,Product View,3
826,2025-04-16,Landing,1
826,2025-04-20,Browse,2
827,2025-09-03,Landing,1
827,2025-09-02,Browse,2
828,2025-11-28,Landing,1
828,2025-11-17,Browse,2
829,2025-10-23,Landing,1
829,2025-10-22,Browse,2
829,2025-10-28,Product View,3
829,2025-10-30,Add to Cart,4
829,2025-10-22,Checkout,5
829,2025-10-27,Purchase,6
829,2025-10-17,Signup,7
830,2025-09-18,Landing,1
830,2025-09-15,Browse,2
831,2025-08-10,Landing,1
831,2025-08-10,Browse,2
831,2025-08-15,Product View,3
831,2025-08-12,Add to Cart,4
832,2025-03-16,Landing,1
832,2025-03-19,Browse,2
832,2025-03-18,Product View,3
832,2025-03-18,Add to Cart,4
832,2025-03-19,Checkout,5
833,2025-05-09,Landing,1
833,2025-05-05,Browse,2
833,2025-05-02,Product View,3
833,2025-05-10,Add to Cart,4
834,2025-05-31,Landing,1
834,2025-06-12,Browse,2
835,2025-07-01,Landing,1
836,2025-05-08,Landing,1
836,2025-05-09,Browse,2
836,2025-05-15,Product View,3
836,2025-05-06,Add to Cart,4
836,2025-05-12,Checkout,5
837,2025-07-29,Landing,1
837,2025-07-30,Browse,2
837,2025-08-05,Product View,3
837,2025-07-31,Add to Cart,4
837,2025-07-26,Checkout,5
837,2025-07-29,Purchase,6
838,2025-05-21,Landing,1
838,2025-05-31,Browse,2
839,2025-08-15,Landing,1
839,2025-08-17,Browse,2
840,2025-07-16,Landing,1
840,2025-07-12,Browse,2
841,2025-04-28,Landing,1
842,2025-05-19,Landing,1
842,2025-05-16,Browse,2
843,2025-07-01,Landing,1
843,2025-07-01,Browse,2
843,2025-06-23,Product View,3
844,2025-08-27,Landing,1
844,2025-08-29,Browse,2
844,2025-08-19,Product View,3
844,2025-08-23,Add to Cart,4
844,2025-08-24,Checkout,5
844,2025-08-27,Purchase,6
845,2025-04-02,Landing,1
845,2025-03-31,Browse,2
845,2025-03-30,Product View,3
845,2025-03-30,Add to Cart,4
846,2025-09-21,Landing,1
847,2025-06-29,Landing,1
847,2025-07-01,Browse,2
847,2025-07-10,Product View,3
848,2025-05-03,Landing,1
848,2025-05-04,Browse,2
848,2025-05-08,Product View,3
848,2025-05-08,Add to Cart,4
848,2025-05-11,Checkout,5
848,2025-05-04,Purchase,6
849,2025-04-05,Landing,1
849,2025-04-10,Browse,2
849,2025-04-10,Product View,3
850,2025-12-17,Landing,1
851,2025-08-15,Landing,1
851,2025-08-05,Browse,2
851,2025-08-15,Product View,3
851,2025-08-05,Add to Cart,4
851,2025-08-15,Checkout,5
851,2025-08-17,Purchase,6
852,2025-09-29,Landing,1
852,2025-09-29,Browse,2
852,2025-09-20,Product View,3
852,2025-09-22,Add to Cart,4
852,2025-09-29,Checkout,5
853,2025-10-12,Landing,1
853,2025-10-08,Browse,2
853,2025-10-06,Product View,3
853,2025-10-13,Add to Cart,4
853,2025-10-04,Checkout,5
853,2025-10-05,Purchase,6
854,2025-04-03,Landing,1
854,2025-04-09,Browse,2
855,2025-07-07,Landing,1
855,2025-07-03,Browse,2
855,2025-07-05,Product View,3
855,2025-07-04,Add to Cart,4
855,2025-07-07,Checkout,5
856,2025-09-10,Landing,1
856,2025-09-01,Browse,2
857,2025-05-23,Landing,1
857,2025-06-02,Browse,2
857,2025-06-02,Product View,3
857,2025-05-24,Add to Cart,4
857,2025-06-03,Checkout,5
857,2025-05-28,Purchase,6
858,2025-09-24,Landing,1
859,2025-07-31,Landing,1
859,2025-08-07,Browse,2
859,2025-08-04,Product View,3
860,2025-04-11,Landing,1
861,2025-05-13,Landing,1
861,2025-05-02,Browse,2
861,2025-05-08,Product View,3
861,2025-05-04,Add to Cart,4
862,2025-11-13,Landing,1
863,2025-10-17,Landing,1
864,2025-09-09,Landing,1
864,2025-09-04,Browse,2
865,2025-10-11,Landing,1
865,2025-10-16,Browse,2
866,2025-07-24,Landing,1
866,2025-07-21,Browse,2
867,2025-11-10,Landing,1
867,2025-11-12,Browse,2
867,2025-11-12,Product View,3
868,2025-09-23,Landing,1
868,2025-09-23,Browse,2
869,2025-10-30,Landing,1
869,2025-10-24,Browse,2
869,2025-10-24,Product View,3
869,2025-10-24,Add to Cart,4
869,2025-10-20,Checkout,5
870,2025-06-12,Landing,1
870,2025-06-11,Browse,2
870,2025-06-08,Product View,3
871,2025-09-06,Landing,1
871,2025-09-13,Browse,2
871,2025-09-09,Product View,3
871,2025-09-17,Add to Cart,4
871,2025-09-15,Checkout,5
871,2025-09-06,Purchase,6
871,2025-09-13,Signup,7
872,2025-12-15,Landing,1
872,2025-12-04,Browse,2
873,2025-06-12,Landing,1
874,2025-07-21,Landing,1
875,2025-05-31,Landing,1
875,2025-05-22,Browse,2
875,2025-05-30,Product View,3
876,2025-03-26,Landing,1
876,2025-04-07,Browse,2
876,2025-04-02,Product View,3
877,2025-11-17,Landing,1
877,2025-11-29,Browse,2
877,2025-11-28,Product View,3
877,2025-11-21,Add to Cart,4
878,2025-10-15,Landing,1
879,2025-11-14,Landing,1
880,2025-10-22,Landing,1
880,2025-10-18,Browse,2
880,2025-10-27,Product View,3
881,2025-09-19,Landing,1
881,2025-09-20,Browse,2
881,2025-09-15,Product View,3
881,2025-09-18,Add to Cart,4
881,2025-09-20,Checkout,5
882,2025-08-27,Landing,1
882,2025-08-30,Browse,2
882,2025-08-30,Product View,3
882,2025-08-23,Add to Cart,4
883,2025-11-01,Landing,1
883,2025-11-10,Browse,2
883,2025-11-06,Product View,3
883,2025-11-04,Add to Cart,4
884,2025-12-07,Landing,1
885,2025-03-27,Landing,1
886,2025-11-11,Landing,1
886,2025-11-15,Browse,2
886,2025-11-16,Product View,3
886,2025-11-18,Add to Cart,4
886,2025-11-15,Checkout,5
886,2025-11-12,Purchase,6
887,2025-05-06,Landing,1
888,2025-03-30,Landing,1
888,2025-04-04,Browse,2
888,2025-03-28,Product View,3
888,2025-03-29,Add to Cart,4
888,2025-04-10,Checkout,5
888,2025-03-31,Purchase,6
888,2025-04-10,Signup,7
889,2025-06-21,Landing,1
889,2025-06-29,Browse,2
890,2025-04-10,Landing,1
890,2025-04-06,Browse,2
890,2025-04-11,Product View,3
890,2025-04-07,Add to Cart,4
890,2025-04-05,Checkout,5
891,2025-06-01,Landing,1
891,2025-06-14,Browse,2
891,2025-06-11,Product View,3
892,2025-10-20,Landing,1
893,2025-10-19,Landing,1
894,2025-08-08,Landing,1
894,2025-07-31,Browse,2
894,2025-08-09,Product View,3
894,2025-07-31,Add to Cart,4
895,2025-11-30,Landing,1
895,2025-11-29,Browse,2
895,2025-11-30,Product View,3
896,2025-07-26,Landing,1
896,2025-07-24,Browse,2
896,2025-07-31,Product View,3
896,2025-07-25,Add to Cart,4
897,2025-08-02,Landing,1
897,2025-08-09,Browse,2
897,2025-08-14,Product View,3
898,2025-04-02,Landing,1
898,2025-03-29,Browse,2
899,2025-10-07,Landing,1
899,2025-10-17,Browse,2
899,2025-10-12,Product View,3
899,2025-10-11,Add to Cart,4
900,2025-07-11,Landing,1
901,2025-05-25,Landing,1
901,2025-05-19,Browse,2
901,2025-05-22,Product View,3
901,2025-05-23,Add to Cart,4
902,2025-04-16,Landing,1
902,2025-04-28,Browse,2
903,2025-12-15,Landing,1
903,2025-12-08,Browse,2
904,2025-03-14,Landing,1
905,2025-05-27,Landing,1
905,2025-05-18,Browse,2
906,2025-07-07,Landing,1
906,2025-07-02,Browse,2
906,2025-07-06,Product View,3
907,2025-11-27,Landing,1
907,2025-12-02,Browse,2
908,2025-11-14,Landing,1
908,2025-11-10,Browse,2
909,2025-05-14,Landing,1
909,2025-05-10,Browse,2
909,2025-05-18,Product View,3
909,2025-05-22,Add to Cart,4
910,2025-12-13,Landing,1
911,2025-11-28,Landing,1
911,2025-12-04,Browse,2
911,2025-11-30,Product View,3
911,2025-12-10,Add to Cart,4
911,2025-11-28,Checkout,5
911,2025-12-08,Purchase,6
911,2025-11-28,Signup,7
912,2025-04-12,Landing,1
912,2025-04-05,Browse,2
913,2025-07-18,Landing,1
913,2025-07-17,Browse,2
913,2025-07-10,Product View,3
913,2025-07-15,Add to Cart,4
914,2025-10-04,Landing,1
915,2025-05-19,Landing,1
915,2025-05-24,Browse,2
915,2025-05-18,Product View,3
916,2025-10-10,Landing,1
916,2025-09-30,Browse,2
916,2025-10-08,Product View,3
917,2025-08-08,Landing,1
917,2025-08-09,Browse,2
917,2025-08-18,Product View,3
918,2025-10-06,Landing,1
918,2025-09-29,Browse,2
918,2025-10-06,Product View,3
919,2025-04-04,Landing,1
920,2025-07-21,Landing,1
920,2025-07-11,Browse,2
920,2025-07-23,Product View,3
921,2025-06-09,Landing,1
921,2025-06-09,Browse,2
921,2025-06-01,Product View,3
921,2025-05-30,Add to Cart,4
921,2025-06-10,Checkout,5
922,2025-03-28,Landing,1
922,2025-04-02,Browse,2
922,2025-04-03,Product View,3
923,2025-09-27,Landing,1
923,2025-09-24,Browse,2
924,2025-09-08,Landing,1
924,2025-08-29,Browse,2
925,2025-07-01,Landing,1
925,2025-06-28,Browse,2
925,2025-07-07,Product View,3
925,2025-06-28,Add to Cart,4
925,2025-07-02,Checkout,5
926,2025-07-12,Landing,1
927,2025-11-01,Landing,1
928,2025-09-20,Landing,1
928,2025-09-22,Browse,2
928,2025-09-21,Product View,3
928,2025-09-24,Add to Cart,4
928,2025-09-29,Checkout,5
928,2025-09-24,Purchase,6
928,2025-09-17,Signup,7
929,2025-12-23,Landing,1
929,2025-12-23,Browse,2
929,2025-12-20,Product View,3
930,2025-04-09,Landing,1
931,2025-06-26,Landing,1
931,2025-07-01,Browse,2
931,2025-07-02,Product View,3
932,2025-10-31,Landing,1
933,2025-07-10,Landing,1
933,2025-07-15,Browse,2
933,2025-07-07,Product View,3
933,2025-07-09,Add to Cart,4
934,2025-09-03,Landing,1
934,2025-08-24,Browse,2
934,2025-08-30,Product View,3
934,2025-08-29,Add to Cart,4
935,2025-07-04,Landing,1
935,2025-06-26,Browse,2
935,2025-06-25,Product View,3
935,2025-06-26,Add to Cart,4
935,2025-07-07,Checkout,5
936,2025-05-06,Landing,1
936,2025-04-29,Browse,2
936,2025-05-09,Product View,3
936,2025-05-04,Add to Cart,4
936,2025-05-01,Checkout,5
936,2025-05-10,Purchase,6
936,2025-05-05,Signup,7
937,2025-06-14,Landing,1
937,2025-06-23,Browse,2
937,2025-06-12,Product View,3
937,2025-06-19,Add to Cart,4
938,2025-10-15,Landing,1
939,2025-08-31,Landing,1
939,2025-08-22,Browse,2
939,2025-08-21,Product View,3
939,2025-08-24,Add to Cart,4
940,2025-08-07,Landing,1
941,2025-08-01,Landing,1
941,2025-08-01,Browse,2
941,2025-07-29,Product View,3
941,2025-07-26,Add to Cart,4
942,2025-06-20,Landing,1
943,2025-07-05,Landing,1
943,2025-06-30,Browse,2
944,2025-08-28,Landing,1
945,2025-12-03,Landing,1
945,2025-11-25,Browse,2
945,2025-11-22,Product View,3
946,2025-06-30,Landing,1
947,2025-10-10,Landing,1
947,2025-10-17,Browse,2
947,2025-10-06,Product View,3
948,2025-08-04,Landing,1
949,2025-11-13,Landing,1
949,2025-11-13,Browse,2
949,2025-11-03,Product View,3
950,2025-05-12,Landing,1
951,2025-09-30,Landing,1
952,2025-10-03,Landing,1
953,2025-04-19,Landing,1
954,2025-10-25,Landing,1
954,2025-11-03,Browse,2
955,2025-05-16,Landing,1
955,2025-05-26,Browse,2
955,2025-05-22,Product View,3
956,2025-07-13,Landing,1
957,2025-05-24,Landing,1
957,2025-05-31,Browse,2
957,2025-06-01,Product View,3
958,2025-12-05,Landing,1
958,2025-12-15,Browse,2
959,2025-12-12,Landing,1
959,2025-12-13,Browse,2
960,2025-10-01,Landing,1
960,2025-10-11,Browse,2
960,2025-10-05,Product View,3
960,2025-10-07,Add to Cart,4
960,2025-10-05,Checkout,5
961,2025-04-16,Landing,1
961,2025-04-18,Browse,2
962,2025-04-27,Landing,1
963,2025-10-27,Landing,1
963,2025-11-06,Browse,2
964,2025-07-04,Landing,1
965,2025-05-01,Landing,1
966,2025-10-04,Landing,1
967,2025-09-15,Landing,1
967,2025-09-20,Browse,2
968,2025-05-13,Landing,1
968,2025-05-17,Browse,2
969,2025-05-04,Landing,1
969,2025-05-10,Browse,2
969,2025-04-30,Product View,3
969,2025-05-04,Add to Cart,4
970,2025-04-10,Landing,1
970,2025-04-12,Browse,2
970,2025-04-01,Product View,3
970,2025-04-12,Add to Cart,4
970,2025-04-11,Checkout,5
971,2025-08-01,Landing,1
972,2025-07-06,Landing,1
972,2025-06-29,Browse,2
972,2025-07-02,Product View,3
972,2025-06-27,Add to Cart,4
972,2025-06-27,Checkout,5
973,2025-05-15,Landing,1
973,2025-05-14,Browse,2
973,2025-05-11,Product View,3
973,2025-05-03,Add to Cart,4
973,2025-05-09,Checkout,5
973,2025-05-14,Purchase,6
973,2025-05-02,Signup,7
974,2025-06-08,Landing,1
974,2025-06-03,Browse,2
974,2025-06-13,Product View,3
974,2025-06-01,Add to Cart,4
975,2025-12-02,Landing,1
975,2025-12-08,Browse,2
975,2025-12-06,Product View,3
975,2025-11-30,Add to Cart,4
975,2025-12-13,Checkout,5
976,2025-06-19,Landing,1
976,2025-06-23,Browse,2
976,2025-06-29,Product View,3
977,2025-06-10,Landing,1
977,2025-06-12,Browse,2
978,2025-05-07,Landing,1
978,2025-05-08,Browse,2
978,2025-05-04,Product View,3
979,2025-11-06,Landing,1
979,2025-11-05,Browse,2
979,2025-11-05,Product View,3
979,2025-11-07,Add to Cart,4
980,2025-06-18,Landing,1
980,2025-06-18,Browse,2
980,2025-06-08,Product View,3
980,2025-06-09,Add to Cart,4
980,2025-06-14,Checkout,5
981,2025-03-26,Landing,1
981,2025-03-29,Browse,2
981,2025-04-02,Product View,3
982,2025-06-13,Landing,1
982,2025-06-20,Browse,2
982,2025-06-20,Product View,3
983,2025-04-17,Landing,1
983,2025-04-26,Browse,2
983,2025-04-16,Product View,3
983,2025-04-26,Add to Cart,4
984,2025-05-03,Landing,1
985,2025-08-28,Landing,1
985,2025-08-23,Browse,2
985,2025-09-02,Product View,3
986,2025-03-13,Landing,1
986,2025-03-18,Browse,2
986,2025-03-22,Product View,3
986,2025-03-25,Add to Cart,4
986,2025-03-22,Checkout,5
987,2025-12-03,Landing,1
987,2025-12-02,Browse,2
987,2025-12-08,Product View,3
988,2025-09-04,Landing,1
988,2025-09-13,Browse,2
989,2025-08-20,Landing,1
989,2025-08-19,Browse,2
989,2025-08-15,Product View,3
989,2025-08-18,Add to Cart,4
989,2025-08-14,Checkout,5
990,2025-04-03,Landing,1
991,2025-07-06,Landing,1
991,2025-07-14,Browse,2
991,2025-07-17,Product View,3
992,2025-07-11,Landing,1
993,2025-05-01,Landing,1
994,2025-04-05,Landing,1
994,2025-03-30,Browse,2
995,2025-11-08,Landing,1
995,2025-11-17,Browse,2
995,2025-11-17,Product View,3
996,2025-06-30,Landing,1
996,2025-06-23,Browse,2
996,2025-06-30,Product View,3
996,2025-06-19,Add to Cart,4
997,2025-05-25,Landing,1
997,2025-05-30,Browse,2
997,2025-05-27,Product View,3
998,2025-11-06,Landing,1
998,2025-11-03,Browse,2
998,2025-11-09,Product View,3
998,2025-10-31,Add to Cart,4
998,2025-11-12,Checkout,5
998,2025-11-07,Purchase,6
998,2025-11-06,Signup,7
999,2025-09-22,Landing,1
999,2025-09-17,Browse,2
1000,2025-05-31,Landing,1
1001,2025-07-03,Landing,1
1001,2025-06-29,Browse,2
1001,2025-07-04,Product View,3
1002,2025-05-20,Landing,1
1002,2025-05-28,Browse,2
1003,2025-04-05,Landing,1
1003,2025-04-07,Browse,2
1004,2025-10-13,Landing,1
1004,2025-10-20,Browse,2
1004,2025-10-07,Product View,3
1004,2025-10-12,Add to Cart,4
1004,2025-10-08,Checkout,5
1005,2025-10-25,Landing,1
1006,2025-04-21,Landing,1
1006,2025-04-15,Browse,2
1006,2025-04-15,Product View,3
1006,2025-04-16,Add to Cart,4
1007,2025-05-19,Landing,1
1007,2025-05-20,Browse,2
1008,2025-09-24,Landing,1
1008,2025-10-01,Browse,2
1009,2025-03-18,Landing,1
1009,2025-03-20,Browse,2
1010,2025-06-10,Landing,1
1011,2025-05-07,Landing,1
1011,2025-05-12,Browse,2
1011,2025-04-30,Product View,3
1012,2025-11-04,Landing,1
1012,2025-11-12,Browse,2
1012,2025-11-17,Product View,3
1012,2025-11-11,Add to Cart,4
1012,2025-11-08,Checkout,5
1012,2025-11-11,Purchase,6
1013,2025-06-23,Landing,1
1014,2025-06-29,Landing,1
1015,2025-08-01,Landing,1
1015,2025-08-07,Browse,2
1016,2025-06-26,Landing,1
1016,2025-07-05,Browse,2
1017,2025-03-07,Landing,1
1017,2025-03-16,Browse,2
1018,2025-11-27,Landing,1
1019,2025-05-15,Landing,1
1019,2025-05-11,Browse,2
1019,2025-05-10,Product View,3
1019,2025-05-08,Add to Cart,4
1020,2025-10-15,Landing,1
1020,2025-10-23,Browse,2
1021,2025-10-24,Landing,1
1021,2025-10-22,Browse,2
1021,2025-10-17,Product View,3
1021,2025-10-21,Add to Cart,4
1021,2025-10-30,Checkout,5
1022,2025-05-09,Landing,1
1023,2025-03-14,Landing,1
1023,2025-03-06,Browse,2
1024,2025-12-26,Landing,1
1024,2025-12-25,Browse,2
1024,2025-12-15,Product View,3
1024,2025-12-25,Add to Cart,4
1024,2025-12-16,Checkout,5
1024,2025-12-14,Purchase,6
1024,2025-12-23,Signup,7
1025,2025-05-16,Landing,1
1025,2025-05-23,Browse,2
1026,2025-03-30,Landing,1
1026,2025-03-27,Browse,2
1026,2025-03-28,Product View,3
1026,2025-04-01,Add to Cart,4
1027,2025-09-03,Landing,1
1027,2025-09-01,Browse,2
1028,2025-09-27,Landing,1
1029,2025-09-23,Landing,1
1029,2025-10-06,Browse,2
1030,2025-04-07,Landing,1
1030,2025-03-27,Browse,2
1030,2025-03-27,Product View,3
1031,2025-08-02,Landing,1
1032,2025-10-04,Landing,1
1032,2025-09-30,Browse,2
1032,2025-10-01,Product View,3
1032,2025-10-03,Add to Cart,4
1032,2025-09-30,Checkout,5
1032,2025-10-04,Purchase,6
1032,2025-10-05,Signup,7
1033,2025-09-15,Landing,1
1034,2025-11-03,Landing,1
1034,2025-10-30,Browse,2
1035,2025-12-04,Landing,1
1035,2025-12-04,Browse,2
1036,2025-06-12,Landing,1
1036,2025-06-16,Browse,2
1036,2025-06-08,Product View,3
1036,2025-06-17,Add to Cart,4
1037,2025-12-14,Landing,1
1037,2025-12-13,Browse,2
1037,2025-12-07,Product View,3
1037,2025-12-07,Add to Cart,4
1037,2025-12-09,Checkout,5
1038,2025-08-18,Landing,1
1038,2025-08-22,Browse,2
1038,2025-08-18,Product View,3
1038,2025-08-12,Add to Cart,4
1038,2025-08-13,Checkout,5
1038,2025-08-15,Purchase,6
1038,2025-08-19,Signup,7
1039,2025-07-14,Landing,1
1039,2025-07-13,Browse,2
1039,2025-07-11,Product View,3
1040,2025-07-25,Landing,1
1041,2025-06-27,Landing,1
1042,2025-05-12,Landing,1
1043,2025-07-02,Landing,1
1044,2025-05-19,Landing,1
1045,2025-10-06,Landing,1
1046,2025-08-27,Landing,1
1046,2025-09-02,Browse,2
1046,2025-08-23,Product View,3
1046,2025-08-29,Add to Cart,4
1047,2025-11-25,Landing,1
1047,2025-11-21,Browse,2
1047,2025-11-19,Product View,3
1047,2025-11-27,Add to Cart,4
1047,2025-11-17,Checkout,5
1047,2025-11-15,Purchase,6
1047,2025-11-15,Signup,7
1048,2025-12-18,Landing,1
1048,2025-12-14,Browse,2
1048,2025-12-27,Product View,3
1049,2025-03-25,Landing,1
1050,2025-07-19,Landing,1
1051,2025-10-03,Landing,1
1051,2025-10-09,Browse,2
1051,2025-10-15,Product View,3
1052,2025-07-31,Landing,1
1053,2025-03-10,Landing,1
1053,2025-03-10,Browse,2
1053,2025-03-15,Product View,3
1054,2025-11-13,Landing,1
1054,2025-11-02,Browse,2
1054,2025-11-06,Product View,3
1055,2025-08-12,Landing,1
1056,2025-05-09,Landing,1
1056,2025-05-05,Browse,2
1056,2025-05-09,Product View,3
1056,2025-05-06,Add to Cart,4
1056,2025-05-09,Checkout,5
1056,2025-05-14,Purchase,6
1056,2025-05-06,Signup,7
1057,2025-06-24,Landing,1
1057,2025-06-28,Browse,2
1057,2025-06-18,Product View,3
1057,2025-06-18,Add to Cart,4
1058,2025-06-18,Landing,1
1058,2025-06-22,Browse,2
1058,2025-06-23,Product View,3
1058,2025-06-24,Add to Cart,4
1058,2025-06-15,Checkout,5
1058,2025-06-15,Purchase,6
1058,2025-06-20,Signup,7
1059,2025-06-03,Landing,1
1060,2025-07-07,Landing,1
1060,2025-07-06,Browse,2
1061,2025-06-18,Landing,1
1061,2025-06-18,Browse,2
1062,2025-08-10,Landing,1
1062,2025-08-01,Browse,2
1062,2025-08-03,Product View,3
1062,2025-08-12,Add to Cart,4
1062,2025-08-03,Checkout,5
1062,2025-08-06,Purchase,6
1063,2025-05-05,Landing,1
1063,2025-04-25,Browse,2
1063,2025-04-26,Product View,3
1064,2025-07-10,Landing,1
1064,2025-07-14,Browse,2
1065,2025-12-03,Landing,1
1065,2025-11-28,Browse,2
1065,2025-12-06,Product View,3
1065,2025-12-04,Add to Cart,4
1066,2025-03-18,Landing,1
1066,2025-03-14,Browse,2
1067,2025-03-22,Landing,1
1067,2025-03-26,Browse,2
1068,2025-05-08,Landing,1
1068,2025-04-29,Browse,2
1068,2025-05-12,Product View,3
1069,2025-10-19,Landing,1
1069,2025-10-17,Browse,2
1069,2025-10-25,Product View,3
1069,2025-10-29,Add to Cart,4
1070,2025-07-21,Landing,1
1070,2025-07-25,Browse,2
1070,2025-07-19,Product View,3
1071,2025-07-30,Landing,1
1071,2025-08-11,Browse,2
1071,2025-08-11,Product View,3
1071,2025-08-10,Add to Cart,4
1071,2025-08-12,Checkout,5
1071,2025-07-30,Purchase,6
1071,2025-08-12,Signup,7
1072,2025-09-24,Landing,1
1072,2025-09-22,Browse,2
1072,2025-09-15,Product View,3
1073,2025-12-17,Landing,1
1073,2025-12-12,Browse,2
1074,2025-09-15,Landing,1
1074,2025-09-17,Browse,2
1075,2025-07-07,Landing,1
1076,2025-04-02,Landing,1
1076,2025-04-05,Browse,2
1076,2025-04-10,Product View,3
1076,2025-04-03,Add to Cart,4
1076,2025-04-09,Checkout,5
1076,2025-04-02,Purchase,6
1076,2025-04-13,Signup,7
1077,2025-12-06,Landing,1
1077,2025-12-07,Browse,2
1077,2025-11-24,Product View,3
1077,2025-12-07,Add to Cart,4
1078,2025-06-19,Landing,1
1078,2025-06-11,Browse,2
1078,2025-06-14,Product View,3
1079,2025-09-08,Landing,1
1080,2025-03-18,Landing,1
1080,2025-03-26,Browse,2
1080,2025-03-17,Product View,3
1080,2025-03-23,Add to Cart,4
1080,2025-03-20,Checkout,5
1080,2025-03-19,Purchase,6
1081,2025-04-08,Landing,1
1081,2025-04-13,Browse,2
1081,2025-04-08,Product View,3
1081,2025-04-14,Add to Cart,4
1082,2025-10-05,Landing,1
1083,2025-04-26,Landing,1
1083,2025-04-18,Browse,2
1083,2025-04-17,Product View,3
1083,2025-04-14,Add to Cart,4
1083,2025-04-15,Checkout,5
1084,2025-05-31,Landing,1
1084,2025-05-31,Browse,2
1085,2025-05-20,Landing,1
1085,2025-05-11,Browse,2
1086,2025-09-02,Landing,1
1086,2025-08-27,Browse,2
1086,2025-08-30,Product View,3
1086,2025-09-06,Add to Cart,4
1087,2025-09-16,Landing,1
1088,2025-07-25,Landing,1
1088,2025-07-18,Browse,2
1089,2025-07-07,Landing,1
1089,2025-07-10,Browse,2
1089,2025-07-04,Product View,3
1089,2025-07-07,Add to Cart,4
1090,2025-04-05,Landing,1
1090,2025-04-03,Browse,2
1090,2025-03-31,Product View,3
1090,2025-03-23,Add to Cart,4
1090,2025-03-25,Checkout,5
1091,2025-06-16,Landing,1
1092,2025-12-19,Landing,1
1093,2025-08-02,Landing,1
1094,2025-10-26,Landing,1
1095,2025-11-23,Landing,1
1095,2025-11-12,Browse,2
1096,2025-09-06,Landing,1
1097,2025-03-28,Landing,1
1097,2025-03-25,Browse,2
1098,2025-10-13,Landing,1
1098,2025-10-06,Browse,2
1099,2025-11-08,Landing,1
1100,2025-07-19,Landing,1
1101,2025-06-19,Landing,1
1102,2025-10-27,Landing,1
1102,2025-11-07,Browse,2
1103,2025-10-14,Landing,1
1103,2025-10-06,Browse,2
1104,2025-04-05,Landing,1
1104,2025-04-04,Browse,2
1105,2025-12-01,Landing,1
1105,2025-12-04,Browse,2
1105,2025-11-30,Product View,3
1106,2025-04-19,Landing,1
1106,2025-04-12,Browse,2
1106,2025-04-13,Product View,3
1106,2025-04-12,Add to Cart,4
1107,2025-09-30,Landing,1
1107,2025-09-24,Browse,2
1108,2025-12-15,Landing,1
1109,2025-05-04,Landing,1
1110,2025-06-26,Landing,1
1110,2025-06-24,Browse,2
1110,2025-07-01,Product View,3
1110,2025-07-02,Add to Cart,4
1110,2025-06-29,Checkout,5
1110,2025-06-25,Purchase,6
1111,2025-06-22,Landing,1
1111,2025-07-04,Browse,2
1111,2025-06-28,Product View,3
1112,2025-10-13,Landing,1
1112,2025-10-20,Browse,2
1112,2025-10-13,Product View,3
1112,2025-10-12,Add to Cart,4
1112,2025-10-12,Checkout,5
1112,2025-10-21,Purchase,6
1113,2025-09-05,Landing,1
1113,2025-08-25,Browse,2
1114,2025-04-14,Landing,1
1115,2025-08-04,Landing,1
1115,2025-08-16,Browse,2
1115,2025-08-16,Product View,3
1115,2025-08-12,Add to Cart,4
1115,2025-08-14,Checkout,5
1116,2025-08-27,Landing,1
1116,2025-08-28,Browse,2
1116,2025-08-18,Product View,3
1117,2025-08-03,Landing,1
1117,2025-08-03,Browse,2
1117,2025-08-04,Product View,3
1117,2025-08-04,Add to Cart,4
1117,2025-07-27,Checkout,5
1117,2025-08-01,Purchase,6
1117,2025-07-31,Signup,7
1118,2025-07-26,Landing,1
1118,2025-07-25,Browse,2
1118,2025-07-25,Product View,3
1118,2025-07-26,Add to Cart,4
1118,2025-08-01,Checkout,5
1119,2025-07-01,Landing,1
1120,2025-11-19,Landing,1
1120,2025-11-12,Browse,2
1120,2025-11-19,Product View,3
1120,2025-11-10,Add to Cart,4
1120,2025-11-07,Checkout,5
1121,2025-05-14,Landing,1
1121,2025-05-13,Browse,2
1122,2025-11-12,Landing,1
1122,2025-10-31,Browse,2
1122,2025-11-05,Product View,3
1123,2025-09-22,Landing,1
1123,2025-09-20,Browse,2
1123,2025-09-23,Product View,3
1123,2025-09-26,Add to Cart,4
1124,2025-03-08,Landing,1
1124,2025-03-18,Browse,2
1124,2025-03-06,Product View,3
1125,2025-09-03,Landing,1
1125,2025-09-04,Browse,2
1125,2025-09-12,Product View,3
1125,2025-08-30,Add to Cart,4
1126,2025-08-07,Landing,1
1126,2025-08-04,Browse,2
1126,2025-08-02,Product View,3
1127,2025-08-03,Landing,1
1128,2025-09-21,Landing,1
1128,2025-09-19,Browse,2
1128,2025-09-30,Product View,3
1128,2025-09-30,Add to Cart,4
1128,2025-10-01,Checkout,5
1129,2025-03-30,Landing,1
1129,2025-03-28,Browse,2
1130,2025-04-14,Landing,1
1131,2025-03-19,Landing,1
1131,2025-03-12,Browse,2
1132,2025-05-28,Landing,1
1132,2025-05-26,Browse,2
1132,2025-06-03,Product View,3
1132,2025-06-04,Add to Cart,4
1132,2025-05-28,Checkout,5
1133,2025-10-15,Landing,1
1133,2025-10-22,Browse,2
1133,2025-10-16,Product View,3
1134,2025-03-26,Landing,1
1134,2025-03-17,Browse,2
1134,2025-03-23,Product View,3
1135,2025-08-24,Landing,1
1135,2025-09-01,Browse,2
1135,2025-08-21,Product View,3
1136,2025-05-18,Landing,1
1136,2025-05-22,Browse,2
1136,2025-05-12,Product View,3
1137,2025-07-31,Landing,1
1138,2025-10-15,Landing,1
1138,2025-10-13,Browse,2
1138,2025-10-17,Product View,3
1138,2025-10-11,Add to Cart,4
1138,2025-10-15,Checkout,5
1139,2025-07-18,Landing,1
1139,2025-07-21,Browse,2
1140,2025-05-12,Landing,1
1140,2025-05-16,Browse,2
1141,2025-08-04,Landing,1
1141,2025-08-04,Browse,2
1141,2025-08-01,Product View,3
1142,2025-03-10,Landing,1
1142,2025-03-19,Browse,2
1142,2025-03-13,Product View,3
1143,2025-07-03,Landing,1
1143,2025-07-06,Browse,2
1143,2025-07-07,Product View,3
1144,2025-05-29,Landing,1
1144,2025-05-28,Browse,2
1144,2025-05-28,Product View,3
1144,2025-05-31,Add to Cart,4
1145,2025-03-16,Landing,1
1146,2025-06-03,Landing,1
1146,2025-06-04,Browse,2
1147,2025-11-24,Landing,1
1147,2025-11-13,Browse,2
1148,2025-07-20,Landing,1
1149,2025-10-16,Landing,1
1150,2025-10-04,Landing,1
1150,2025-10-05,Browse,2
1150,2025-10-04,Product View,3
1151,2025-11-09,Landing,1
1151,2025-11-06,Browse,2
1151,2025-11-01,Product View,3
1151,2025-11-10,Add to Cart,4
1152,2025-05-29,Landing,1
1153,2025-11-19,Landing,1
1153,2025-11-22,Browse,2
1154,2025-04-20,Landing,1
1154,2025-04-16,Browse,2
1154,2025-04-11,Product View,3
1154,2025-04-10,Add to Cart,4
1155,2025-11-12,Landing,1
1155,2025-11-04,Browse,2
1155,2025-11-09,Product View,3
1155,2025-11-09,Add to Cart,4
1156,2025-03-12,Landing,1
1156,2025-03-12,Browse,2
1157,2025-08-13,Landing,1
1157,2025-08-10,Browse,2
1157,2025-08-03,Product View,3
1157,2025-08-07,Add to Cart,4
1157,2025-08-09,Checkout,5
1158,2025-09-01,Landing,1
1159,2025-10-10,Landing,1
1159,2025-10-07,Browse,2
1159,2025-10-06,Product View,3
1159,2025-10-09,Add to Cart,4
1159,2025-10-11,Checkout,5
1160,2025-11-21,Landing,1
1160,2025-11-15,Browse,2
1160,2025-11-26,Product View,3
1160,2025-11-22,Add to Cart,4
1160,2025-11-20,Checkout,5
1160,2025-11-22,Purchase,6
1160,2025-11-16,Signup,7
1161,2025-12-18,Landing,1
1161,2025-12-08,Browse,2
1162,2025-05-02,Landing,1
1162,2025-05-05,Browse,2
1163,2025-09-20,Landing,1
1163,2025-09-15,Browse,2
1163,2025-09-17,Product View,3
1163,2025-09-13,Add to Cart,4
1163,2025-09-18,Checkout,5
1163,2025-09-15,Purchase,6
1163,2025-09-13,Signup,7
1164,2025-04-14,Landing,1
1164,2025-04-11,Browse,2
1165,2025-10-14,Landing,1
1165,2025-10-07,Browse,2
1165,2025-10-11,Product View,3
1166,2025-04-08,Landing,1
1166,2025-04-08,Browse,2
1166,2025-04-10,Product View,3
1166,2025-04-11,Add to Cart,4
1167,2025-11-26,Landing,1
1168,2025-12-11,Landing,1
1168,2025-12-07,Browse,2
1169,2025-09-29,Landing,1
1169,2025-10-01,Browse,2
1169,2025-09-27,Product View,3
1169,2025-09-25,Add to Cart,4
1170,2025-07-31,Landing,1
1170,2025-07-26,Browse,2
1170,2025-07-24,Product View,3
1170,2025-07-23,Add to Cart,4
1170,2025-08-05,Checkout,5
1171,2025-05-05,Landing,1
1171,2025-05-03,Browse,2
1172,2025-04-02,Landing,1
1172,2025-04-10,Browse,2
1172,2025-04-09,Product View,3
1172,2025-04-03,Add to Cart,4
1173,2025-06-18,Landing,1
1173,2025-06-10,Browse,2
1173,2025-06-19,Product View,3
1173,2025-06-11,Add to Cart,4
1173,2025-06-13,Checkout,5
1174,2025-07-02,Landing,1
1174,2025-07-03,Browse,2
1174,2025-07-03,Product View,3
1174,2025-07-08,Add to Cart,4
1175,2025-10-16,Landing,1
1176,2025-08-13,Landing,1
1177,2025-07-28,Landing,1
1177,2025-07-30,Browse,2
1178,2025-07-21,Landing,1
1178,2025-07-21,Browse,2
1179,2025-08-26,Landing,1
1180,2025-09-02,Landing,1
1181,2025-11-08,Landing,1
1181,2025-11-12,Browse,2
1181,2025-11-05,Product View,3
1181,2025-11-03,Add to Cart,4
1181,2025-11-03,Checkout,5
1181,2025-11-06,Purchase,6
1181,2025-11-05,Signup,7
1182,2025-04-22,Landing,1
1183,2025-11-24,Landing,1
1183,2025-11-22,Browse,2
1183,2025-11-22,Product View,3
1184,2025-07-15,Landing,1
1184,2025-07-20,Browse,2
1184,2025-07-19,Product View,3
1184,2025-07-16,Add to Cart,4
1185,2025-11-24,Landing,1
1186,2025-09-06,Landing,1
1187,2025-10-15,Landing,1
1187,2025-10-02,Browse,2
1187,2025-10-10,Product View,3
1187,2025-10-03,Add to Cart,4
1188,2025-08-14,Landing,1
1188,2025-08-09,Browse,2
1189,2025-04-06,Landing,1
1190,2025-06-08,Landing,1
1190,2025-06-08,Browse,2
1190,2025-06-13,Product View,3
1190,2025-06-11,Add to Cart,4
1190,2025-06-17,Checkout,5
1190,2025-06-17,Purchase,6
1190,2025-06-07,Signup,7
1191,2025-10-01,Landing,1
1191,2025-10-04,Browse,2
1191,2025-10-05,Product View,3
1191,2025-10-05,Add to Cart,4
1192,2025-11-14,Landing,1
1192,2025-11-08,Browse,2
1192,2025-11-07,Product View,3
1192,2025-11-11,Add to Cart,4
1193,2025-09-22,Landing,1
1194,2025-11-02,Landing,1
1194,2025-11-03,Browse,2
1194,2025-11-12,Product View,3
1194,2025-11-15,Add to Cart,4
1194,2025-11-07,Checkout,5
1195,2025-05-08,Landing,1
1195,2025-05-04,Browse,2
1195,2025-05-11,Product View,3
1195,2025-05-08,Add to Cart,4
1195,2025-05-03,Checkout,5
1196,2025-08-27,Landing,1
1196,2025-08-25,Browse,2
1196,2025-08-21,Product View,3
1197,2025-12-08,Landing,1
1198,2025-09-12,Landing,1
1198,2025-09-19,Browse,2
1198,2025-09-12,Product View,3
1198,2025-09-09,Add to Cart,4
1199,2025-05-25,Landing,1
1199,2025-06-01,Browse,2
1200,2025-10-22,Landing,1
1200,2025-10-20,Browse,2
1201,2025-08-28,Landing,1
1201,2025-08-19,Browse,2
1202,2025-06-27,Landing,1
1202,2025-06-19,Browse,2
1202,2025-06-20,Product View,3
1202,2025-06-24,Add to Cart,4
1203,2025-10-01,Landing,1
1203,2025-09-28,Browse,2
1203,2025-10-03,Product View,3
1203,2025-09-28,Add to Cart,4
1203,2025-10-04,Checkout,5
1203,2025-10-06,Purchase,6
1203,2025-09-27,Signup,7
1204,2025-04-28,Landing,1
1204,2025-05-08,Browse,2
1204,2025-05-09,Product View,3
1204,2025-05-11,Add to Cart,4
1204,2025-05-06,Checkout,5
1205,2025-06-03,Landing,1
1205,2025-05-31,Browse,2
1205,2025-05-24,Product View,3
1206,2025-08-14,Landing,1
1206,2025-08-17,Browse,2
1207,2025-07-14,Landing,1
1207,2025-07-13,Browse,2
1207,2025-07-17,Product View,3
1208,2025-05-15,Landing,1
1208,2025-05-21,Browse,2
1208,2025-05-20,Product View,3
1209,2025-06-13,Landing,1
1209,2025-06-08,Browse,2
1210,2025-10-12,Landing,1
1210,2025-10-14,Browse,2
1211,2025-04-11,Landing,1
1212,2025-09-10,Landing,1
1213,2025-05-22,Landing,1
1213,2025-05-29,Browse,2
1213,2025-05-29,Product View,3
1213,2025-05-17,Add to Cart,4
1213,2025-05-21,Checkout,5
1214,2025-10-24,Landing,1
1214,2025-11-05,Browse,2
1214,2025-11-01,Product View,3
1214,2025-10-27,Add to Cart,4
1214,2025-11-02,Checkout,5
1214,2025-11-02,Purchase,6
1214,2025-11-03,Signup,7
1215,2025-09-21,Landing,1
1215,2025-09-17,Browse,2
1215,2025-09-22,Product View,3
1215,2025-09-13,Add to Cart,4
1215,2025-09-17,Checkout,5
1215,2025-09-23,Purchase,6
1216,2025-06-28,Landing,1
1216,2025-06-27,Browse,2
1217,2025-11-14,Landing,1
1217,2025-11-13,Browse,2
1217,2025-11-03,Product View,3
1217,2025-11-05,Add to Cart,4
1217,2025-11-04,Checkout,5
1217,2025-11-13,Purchase,6
1217,2025-11-01,Signup,7
1218,2025-10-30,Landing,1
1218,2025-10-19,Browse,2
1218,2025-10-22,Product View,3
1219,2025-09-13,Landing,1
1220,2025-06-29,Landing,1
1220,2025-07-02,Browse,2
1221,2025-03-12,Landing,1
1222,2025-09-14,Landing,1
1223,2025-07-28,Landing,1
1223,2025-08-05,Browse,2
1223,2025-08-06,Product View,3
1223,2025-07-29,Add to Cart,4
1224,2025-08-04,Landing,1
1224,2025-07-31,Browse,2
1224,2025-08-05,Product View,3
1224,2025-07-31,Add to Cart,4
1224,2025-07-30,Checkout,5
1224,2025-07-27,Purchase,6
1224,2025-08-05,Signup,7
1225,2025-08-02,Landing,1
1225,2025-07-30,Browse,2
1225,2025-08-02,Product View,3
1226,2025-11-07,Landing,1
1226,2025-10-31,Browse,2
1226,2025-11-04,Product View,3
1226,2025-11-02,Add to Cart,4
1227,2025-11-06,Landing,1
1227,2025-10-28,Browse,2
1228,2025-06-29,Landing,1
1228,2025-06-22,Browse,2
1229,2025-04-08,Landing,1
1229,2025-04-08,Browse,2
1229,2025-04-03,Product View,3
1230,2025-08-02,Landing,1
1231,2025-08-15,Landing,1
1231,2025-08-14,Browse,2
1232,2025-04-08,Landing,1
1232,2025-04-09,Browse,2
1232,2025-04-20,Product View,3
1233,2025-10-13,Landing,1
1233,2025-10-16,Browse,2
1233,2025-10-13,Product View,3
1233,2025-10-09,Add to Cart,4
1233,2025-10-11,Checkout,5
1233,2025-10-10,Purchase,6
1234,2025-04-12,Landing,1
1235,2025-11-16,Landing,1
1235,2025-11-08,Browse,2
1235,2025-11-20,Product View,3
1235,2025-11-16,Add to Cart,4
1236,2025-12-17,Landing,1
1236,2025-12-25,Browse,2
1236,2025-12-23,Product View,3
1236,2025-12-15,Add to Cart,4
1237,2025-07-14,Landing,1
1237,2025-07-10,Browse,2
1237,2025-07-23,Product View,3
1238,2025-05-06,Landing,1
1239,2025-12-20,Landing,1
1239,2025-12-11,Browse,2
1239,2025-12-20,Product View,3
1239,2025-12-20,Add to Cart,4
1239,2025-12-08,Checkout,5
1239,2025-12-20,Purchase,6
1240,2025-10-06,Landing,1
1240,2025-10-10,Browse,2
1240,2025-10-04,Product View,3
1241,2025-09-24,Landing,1
1242,2025-08-08,Landing,1
1243,2025-07-15,Landing,1
1244,2025-03-23,Landing,1
1244,2025-03-28,Browse,2
1244,2025-03-30,Product View,3
1245,2025-10-06,Landing,1
1245,2025-10-06,Browse,2
1246,2025-03-17,Landing,1
1246,2025-03-16,Browse,2
1246,2025-03-18,Product View,3
1246,2025-03-19,Add to Cart,4
1246,2025-03-21,Checkout,5
1247,2025-10-28,Landing,1
1247,2025-10-30,Browse,2
1248,2025-07-18,Landing,1
1249,2025-12-08,Landing,1
1249,2025-11-27,Browse,2
1249,2025-12-01,Product View,3
1250,2025-09-22,Landing,1
1250,2025-09-26,Browse,2
1250,2025-09-22,Product View,3
1250,2025-09-29,Add to Cart,4
1250,2025-09-24,Checkout,5
1250,2025-09-22,Purchase,6
1250,2025-09-22,Signup,7
1251,2025-08-12,Landing,1
1251,2025-08-21,Browse,2
1252,2025-06-30,Landing,1
1253,2025-10-23,Landing,1
1253,2025-10-28,Browse,2
1253,2025-10-27,Product View,3
1253,2025-10-19,Add to Cart,4
1253,2025-10-24,Checkout,5
1253,2025-10-29,Purchase,6
1253,2025-10-17,Signup,7
1254,2025-11-08,Landing,1
1255,2025-03-26,Landing,1
1256,2025-05-25,Landing,1
1256,2025-05-31,Browse,2
1256,2025-06-01,Product View,3
1257,2025-04-04,Landing,1
1257,2025-04-06,Browse,2
1257,2025-04-11,Product View,3
1257,2025-04-10,Add to Cart,4
1257,2025-04-09,Checkout,5
1258,2025-11-04,Landing,1
1258,2025-11-07,Browse,2
1258,2025-11-12,Product View,3
1259,2025-05-24,Landing,1
1259,2025-05-31,Browse,2
1260,2025-09-04,Landing,1
1261,2025-10-21,Landing,1
1261,2025-10-19,Browse,2
1261,2025-10-21,Product View,3
1261,2025-10-13,Add to Cart,4
1262,2025-08-02,Landing,1
1262,2025-07-28,Browse,2
1262,2025-07-24,Product View,3
1262,2025-07-24,Add to Cart,4
1263,2025-03-22,Landing,1
1263,2025-03-22,Browse,2
1264,2025-05-06,Landing,1
1265,2025-07-29,Landing,1
1265,2025-07-28,Browse,2
1265,2025-07-29,Product View,3
1265,2025-08-03,Add to Cart,4
1266,2025-11-25,Landing,1
1267,2025-10-01,Landing,1
1268,2025-10-19,Landing,1
1268,2025-10-14,Browse,2
1269,2025-08-06,Landing,1
1269,2025-08-07,Browse,2
1269,2025-08-07,Product View,3
1270,2025-08-20,Landing,1
1270,2025-08-15,Browse,2
1271,2025-08-13,Landing,1
1271,2025-08-17,Browse,2
1271,2025-08-14,Product View,3
1272,2025-11-13,Landing,1
1272,2025-11-15,Browse,2
1273,2025-05-28,Landing,1
1274,2025-03-23,Landing,1
1275,2025-10-21,Landing,1
1275,2025-10-30,Browse,2
1276,2025-12-10,Landing,1
1276,2025-12-14,Browse,2
1276,2025-12-08,Product View,3
1276,2025-12-07,Add to Cart,4
1276,2025-12-13,Checkout,5
1277,2025-04-14,Landing,1
1277,2025-04-14,Browse,2
1277,2025-04-07,Product View,3
1278,2025-08-06,Landing,1
1278,2025-08-11,Browse,2
1278,2025-08-12,Product View,3
1279,2025-07-10,Landing,1
1280,2025-03-29,Landing,1
1280,2025-04-10,Browse,2
1281,2025-08-19,Landing,1
1281,2025-08-17,Browse,2
1282,2025-05-18,Landing,1
1282,2025-05-20,Browse,2
1283,2025-11-23,Landing,1
1283,2025-11-30,Browse,2
1283,2025-11-21,Product View,3
1284,2025-07-28,Landing,1
1284,2025-07-29,Browse,2
1285,2025-04-26,Landing,1
1285,2025-04-22,Browse,2
1285,2025-04-19,Product View,3
1285,2025-04-16,Add to Cart,4
1286,2025-09-26,Landing,1
1286,2025-09-21,Browse,2
1287,2025-10-29,Landing,1
1287,2025-10-25,Browse,2
1288,2025-10-14,Landing,1
1288,2025-10-11,Browse,2
1288,2025-10-18,Product View,3
1289,2025-12-15,Landing,1
1289,2025-12-05,Browse,2
1290,2025-03-10,Landing,1
1291,2025-10-30,Landing,1
1291,2025-10-20,Browse,2
1292,2025-10-14,Landing,1
1292,2025-10-11,Browse,2
1292,2025-10-14,Product View,3
1292,2025-10-05,Add to Cart,4
1293,2025-07-28,Landing,1
1293,2025-08-04,Browse,2
1294,2025-07-30,Landing,1
1294,2025-08-08,Browse,2
1295,2025-08-12,Landing,1
1295,2025-08-14,Browse,2
1296,2025-05-23,Landing,1
1296,2025-05-19,Browse,2
1296,2025-05-24,Product View,3
1297,2025-03-16,Landing,1
1297,2025-03-09,Browse,2
1298,2025-05-01,Landing,1
1299,2025-07-25,Landing,1
1299,2025-07-18,Browse,2
1299,2025-07-18,Product View,3
1299,2025-07-25,Add to Cart,4
1300,2025-08-23,Landing,1
1300,2025-08-16,Browse,2
1300,2025-08-15,Product View,3
1300,2025-08-21,Add to Cart,4
1301,2025-11-24,Landing,1
1301,2025-12-06,Browse,2
1301,2025-11-27,Product View,3
1301,2025-12-07,Add to Cart,4
1302,2025-07-04,Landing,1
1302,2025-06-27,Browse,2
1302,2025-07-10,Product View,3
1303,2025-11-08,Landing,1
1304,2025-08-04,Landing,1
1305,2025-04-09,Landing,1
1305,2025-04-09,Browse,2
1305,2025-04-06,Product View,3
1305,2025-04-08,Add to Cart,4
1305,2025-04-10,Checkout,5
1306,2025-12-02,Landing,1
1306,2025-12-01,Browse,2
1306,2025-11-22,Product View,3
1306,2025-11-25,Add to Cart,4
1307,2025-05-19,Landing,1
1308,2025-05-04,Landing,1
1308,2025-05-12,Browse,2
1308,2025-05-12,Product View,3
1309,2025-05-28,Landing,1
1309,2025-05-29,Browse,2
1309,2025-06-09,Product View,3
1309,2025-06-01,Add to Cart,4
1309,2025-05-30,Checkout,5
1309,2025-06-05,Purchase,6
1309,2025-05-29,Signup,7
1310,2025-09-14,Landing,1
1310,2025-09-18,Browse,2
1310,2025-09-16,Product View,3
1310,2025-09-24,Add to Cart,4
1311,2025-08-22,Landing,1
1311,2025-08-17,Browse,2
1312,2025-11-27,Landing,1
1312,2025-11-28,Browse,2
1312,2025-11-26,Product View,3
1313,2025-03-17,Landing,1
1313,2025-03-17,Browse,2
1313,2025-03-24,Product View,3
1314,2025-06-12,Landing,1
1314,2025-06-06,Browse,2
1314,2025-06-03,Product View,3
1314,2025-06-06,Add to Cart,4
1314,2025-06-10,Checkout,5
1314,2025-06-02,Purchase,6
1314,2025-06-03,Signup,7
1315,2025-10-05,Landing,1
1316,2025-10-24,Landing,1
1317,2025-12-11,Landing,1
1317,2025-12-07,Browse,2
1318,2025-04-30,Landing,1
1319,2025-07-05,Landing,1
1319,2025-07-06,Browse,2
1319,2025-07-10,Product View,3
1319,2025-07-07,Add to Cart,4
1319,2025-07-03,Checkout,5
1319,2025-07-10,Purchase,6
1319,2025-07-09,Signup,7
1320,2025-11-13,Landing,1
1321,2025-12-07,Landing,1
1322,2025-05-07,Landing,1
1323,2025-06-21,Landing,1
1323,2025-06-13,Browse,2
1324,2025-11-14,Landing,1
1324,2025-11-19,Browse,2
1324,2025-11-11,Product View,3
1325,2025-12-09,Landing,1
1325,2025-12-14,Browse,2
1325,2025-12-19,Product View,3
1325,2025-12-14,Add to Cart,4
1325,2025-12-18,Checkout,5
1325,2025-12-16,Purchase,6
1325,2025-12-21,Signup,7
1326,2025-04-13,Landing,1
1326,2025-04-06,Browse,2
1326,2025-04-10,Product View,3
1327,2025-12-10,Landing,1
1327,2025-12-22,Browse,2
1327,2025-12-12,Product View,3
1327,2025-12-21,Add to Cart,4
1328,2025-08-06,Landing,1
1328,2025-08-09,Browse,2
1328,2025-08-15,Product View,3
1329,2025-06-28,Landing,1
1329,2025-07-01,Browse,2
1330,2025-04-10,Landing,1
1330,2025-04-18,Browse,2
1330,2025-04-22,Product View,3
1331,2025-05-21,Landing,1
1332,2025-12-02,Landing,1
1332,2025-12-06,Browse,2
1332,2025-12-12,Product View,3
1332,2025-12-07,Add to Cart,4
1332,2025-12-01,Checkout,5
1332,2025-12-09,Purchase,6
1332,2025-12-03,Signup,7
1333,2025-07-09,Landing,1
1333,2025-07-18,Browse,2
1333,2025-07-08,Product View,3
1334,2025-05-29,Landing,1
1335,2025-08-11,Landing,1
1335,2025-08-14,Browse,2
1336,2025-12-01,Landing,1
1336,2025-11-30,Browse,2
1336,2025-12-11,Product View,3
1336,2025-12-12,Add to Cart,4
1336,2025-12-12,Checkout,5
1337,2025-05-28,Landing,1
1337,2025-06-05,Browse,2
1337,2025-06-08,Product View,3
1338,2025-04-17,Landing,1
1338,2025-04-21,Browse,2
1339,2025-08-20,Landing,1
1340,2025-05-07,Landing,1
1340,2025-05-06,Browse,2
1341,2025-11-29,Landing,1
1341,2025-12-04,Browse,2
1342,2025-03-19,Landing,1
1342,2025-03-19,Browse,2
1342,2025-03-27,Product View,3
1343,2025-08-17,Landing,1
1343,2025-08-22,Browse,2
1344,2025-06-26,Landing,1
1345,2025-04-07,Landing,1
1346,2025-03-19,Landing,1
1346,2025-03-23,Browse,2
1346,2025-03-21,Product View,3
1346,2025-03-10,Add to Cart,4
1347,2025-05-16,Landing,1
1347,2025-05-20,Browse,2
1348,2025-03-23,Landing,1
1348,2025-03-12,Browse,2
1349,2025-05-20,Landing,1
1349,2025-05-10,Browse,2
1349,2025-05-16,Product View,3
1349,2025-05-08,Add to Cart,4
1350,2025-03-13,Landing,1
1351,2025-06-25,Landing,1
1351,2025-07-05,Browse,2
1351,2025-07-06,Product View,3
1352,2025-05-24,Landing,1
1352,2025-05-23,Browse,2
1352,2025-05-24,Product View,3
1352,2025-05-31,Add to Cart,4
1353,2025-11-01,Landing,1
1353,2025-10-25,Browse,2
1354,2025-08-19,Landing,1
1354,2025-08-22,Browse,2
1354,2025-08-18,Product View,3
1354,2025-08-21,Add to Cart,4
1354,2025-08-20,Checkout,5
1354,2025-08-22,Purchase,6
1355,2025-10-11,Landing,1
1355,2025-10-06,Browse,2
1355,2025-10-03,Product View,3
1355,2025-10-07,Add to Cart,4
1355,2025-09-28,Checkout,5
1355,2025-10-02,Purchase,6
1355,2025-10-04,Signup,7
1356,2025-08-29,Landing,1
1356,2025-08-16,Browse,2
1356,2025-08-26,Product View,3
1356,2025-08-25,Add to Cart,4
1357,2025-03-24,Landing,1
1357,2025-04-04,Browse,2
1357,2025-03-23,Product View,3
1357,2025-04-04,Add to Cart,4
1358,2025-08-28,Landing,1
1358,2025-08-22,Browse,2
1359,2025-08-11,Landing,1
1360,2025-09-08,Landing,1
1361,2025-07-13,Landing,1
1362,2025-11-24,Landing,1
1363,2025-04-03,Landing,1
1363,2025-03-26,Browse,2
1363,2025-04-01,Product View,3
1363,2025-03-25,Add to Cart,4
1363,2025-03-28,Checkout,5
1364,2025-05-12,Landing,1
1364,2025-05-19,Browse,2
1364,2025-05-14,Product View,3
1364,2025-05-09,Add to Cart,4
1365,2025-12-16,Landing,1
1365,2025-12-25,Browse,2
1366,2025-10-08,Landing,1
1366,2025-10-13,Browse,2
1367,2025-11-10,Landing,1
1368,2025-09-10,Landing,1
1369,2025-09-16,Landing,1
1369,2025-09-24,Browse,2
1369,2025-09-24,Product View,3
1369,2025-09-21,Add to Cart,4
1369,2025-09-24,Checkout,5
1370,2025-09-07,Landing,1
1370,2025-09-08,Browse,2
1371,2025-03-05,Landing,1
1372,2025-11-06,Landing,1
1372,2025-11-14,Browse,2
1372,2025-11-17,Product View,3
1372,2025-11-08,Add to Cart,4
1372,2025-11-13,Checkout,5
1373,2025-06-03,Landing,1
1373,2025-06-08,Browse,2
1373,2025-06-01,Product View,3
1374,2025-06-04,Landing,1
1374,2025-05-29,Browse,2
1375,2025-07-11,Landing,1
1375,2025-07-19,Browse,2
1375,2025-07-15,Product View,3
1375,2025-07-09,Add to Cart,4
1375,2025-07-08,Checkout,5
1376,2025-10-12,Landing,1
1376,2025-10-12,Browse,2
1377,2025-10-02,Landing,1
1377,2025-10-09,Browse,2
1378,2025-05-21,Landing,1
1378,2025-05-13,Browse,2
1378,2025-05-11,Product View,3
1378,2025-05-18,Add to Cart,4
1378,2025-05-18,Checkout,5
1379,2025-08-17,Landing,1
1379,2025-08-16,Browse,2
1379,2025-08-16,Product View,3
1379,2025-08-22,Add to Cart,4
1380,2025-10-14,Landing,1
1380,2025-10-06,Browse,2
1380,2025-10-13,Product View,3
1380,2025-10-05,Add to Cart,4
1380,2025-10-07,Checkout,5
1381,2025-11-10,Landing,1
1381,2025-11-12,Browse,2
1382,2025-09-13,Landing,1
1382,2025-09-13,Browse,2
1383,2025-06-14,Landing,1
1383,2025-06-15,Browse,2
1383,2025-06-19,Product View,3
1383,2025-06-15,Add to Cart,4
1383,2025-06-14,Checkout,5
1384,2025-04-15,Landing,1
1384,2025-04-04,Browse,2
1385,2025-04-13,Landing,1
1386,2025-10-28,Landing,1
1386,2025-10-24,Browse,2
1387,2025-08-26,Landing,1
1387,2025-09-05,Browse,2
1387,2025-08-29,Product View,3
1387,2025-08-25,Add to Cart,4
1387,2025-09-05,Checkout,5
1387,2025-08-30,Purchase,6
1387,2025-09-01,Signup,7
1388,2025-04-30,Landing,1
1388,2025-05-04,Browse,2
1389,2025-06-20,Landing,1
1389,2025-06-12,Browse,2
1389,2025-06-15,Product View,3
1390,2025-04-23,Landing,1
1390,2025-04-10,Browse,2
1391,2025-05-09,Landing,1
1391,2025-05-16,Browse,2
1391,2025-05-17,Product View,3
1391,2025-05-12,Add to Cart,4
1392,2025-09-09,Landing,1
1392,2025-09-11,Browse,2
1393,2025-10-27,Landing,1
1394,2025-07-17,Landing,1
1395,2025-07-01,Landing,1
1395,2025-06-25,Browse,2
1395,2025-06-22,Product View,3
1395,2025-06-26,Add to Cart,4
1395,2025-06-20,Checkout,5
1395,2025-06-24,Purchase,6
1395,2025-06-25,Signup,7
1396,2025-06-12,Landing,1
1396,2025-06-17,Browse,2
1396,2025-06-13,Product View,3
1397,2025-05-10,Landing,1
1397,2025-05-08,Browse,2
1397,2025-05-14,Product View,3
1397,2025-05-18,Add to Cart,4
1398,2025-04-27,Landing,1
1398,2025-04-16,Browse,2
1398,2025-04-20,Product View,3
1399,2025-03-30,Landing,1
1399,2025-04-04,Browse,2
1400,2025-05-15,Landing,1
1400,2025-05-12,Browse,2
1400,2025-05-08,Product View,3
1401,2025-11-20,Landing,1
1401,2025-11-12,Browse,2
1401,2025-11-20,Product View,3
1401,2025-11-19,Add to Cart,4
1401,2025-11-21,Checkout,5
1401,2025-11-16,Purchase,6
1401,2025-11-19,Signup,7
1402,2025-10-10,Landing,1
1402,2025-09-30,Browse,2
1402,2025-10-02,Product View,3
1402,2025-09-30,Add to Cart,4
1402,2025-10-10,Checkout,5
1402,2025-10-09,Purchase,6
1403,2025-05-26,Landing,1
1403,2025-05-19,Browse,2
1403,2025-05-25,Product View,3
1403,2025-05-23,Add to Cart,4
1403,2025-05-27,Checkout,5
1403,2025-05-20,Purchase,6
1404,2025-10-30,Landing,1
1404,2025-10-23,Browse,2
1404,2025-11-01,Product View,3
1404,2025-10-28,Add to Cart,4
1404,2025-10-31,Checkout,5
1405,2025-10-02,Landing,1
1406,2025-07-14,Landing,1
1406,2025-07-17,Browse,2
1406,2025-07-13,Product View,3
1406,2025-07-15,Add to Cart,4
1407,2025-12-01,Landing,1
1407,2025-11-27,Browse,2
1407,2025-12-01,Product View,3
1407,2025-12-07,Add to Cart,4
1408,2025-12-05,Landing,1
1409,2025-06-02,Landing,1
1409,2025-06-10,Browse,2
1410,2025-11-08,Landing,1
1410,2025-11-02,Browse,2
1410,2025-11-05,Product View,3
1411,2025-05-25,Landing,1
1411,2025-06-01,Browse,2
1411,2025-06-05,Product View,3
1411,2025-06-01,Add to Cart,4
1411,2025-06-02,Checkout,5
1412,2025-04-27,Landing,1
1412,2025-04-24,Browse,2
1412,2025-04-24,Product View,3
1412,2025-04-22,Add to Cart,4
1412,2025-04-25,Checkout,5
1412,2025-04-29,Purchase,6
1413,2025-05-08,Landing,1
1413,2025-05-06,Browse,2
1413,2025-05-14,Product View,3
1414,2025-03-07,Landing,1
1414,2025-03-11,Browse,2
1415,2025-05-29,Landing,1
1415,2025-06-03,Browse,2
1415,2025-05-28,Product View,3
1416,2025-07-24,Landing,1
1416,2025-07-22,Browse,2
1416,2025-07-12,Product View,3
1416,2025-07-24,Add to Cart,4
1416,2025-07-17,Checkout,5
1416,2025-07-24,Purchase,6
1417,2025-06-30,Landing,1
1417,2025-06-29,Browse,2
1418,2025-08-06,Landing,1
1418,2025-08-06,Browse,2
1418,2025-07-31,Product View,3
1418,2025-08-04,Add to Cart,4
1418,2025-08-08,Checkout,5
1419,2025-07-10,Landing,1
1419,2025-07-14,Browse,2
1419,2025-07-16,Product View,3
1419,2025-07-09,Add to Cart,4
1419,2025-07-03,Checkout,5
1420,2025-04-04,Landing,1
1421,2025-03-29,Landing,1
1421,2025-03-22,Browse,2
1422,2025-03-23,Landing,1
1422,2025-03-25,Browse,2
1422,2025-03-18,Product View,3
1422,2025-03-17,Add to Cart,4
1422,2025-03-15,Checkout,5
1422,2025-03-23,Purchase,6
1422,2025-03-16,Signup,7
1423,2025-12-03,Landing,1
1424,2025-05-20,Landing,1
1425,2025-05-04,Landing,1
1425,2025-05-09,Browse,2
1425,2025-05-07,Product View,3
1426,2025-07-02,Landing,1
1427,2025-11-14,Landing,1
1427,2025-11-15,Browse,2
1428,2025-08-04,Landing,1
1428,2025-08-03,Browse,2
1428,2025-07-30,Product View,3
1428,2025-07-29,Add to Cart,4
1428,2025-08-02,Checkout,5
1428,2025-08-03,Purchase,6
1429,2025-03-14,Landing,1
1429,2025-03-24,Browse,2
1430,2025-08-11,Landing,1
1430,2025-08-15,Browse,2
1431,2025-06-26,Landing,1
1431,2025-06-22,Browse,2
1431,2025-07-04,Product View,3
1431,2025-06-29,Add to Cart,4
1431,2025-07-02,Checkout,5
1431,2025-06-24,Purchase,6
1431,2025-06-27,Signup,7
1432,2025-06-21,Landing,1
1433,2025-10-12,Landing,1
1433,2025-10-09,Browse,2
1434,2025-09-29,Landing,1
1434,2025-09-17,Browse,2
1434,2025-09-19,Product View,3
1435,2025-09-17,Landing,1
1435,2025-09-07,Browse,2
1435,2025-09-08,Product View,3
1435,2025-09-08,Add to Cart,4
1436,2025-09-23,Landing,1
1437,2025-12-12,Landing,1
1438,2025-07-02,Landing,1
1438,2025-06-30,Browse,2
1438,2025-07-07,Product View,3
1439,2025-07-29,Landing,1
1439,2025-08-08,Browse,2
1440,2025-05-07,Landing,1
1440,2025-05-05,Browse,2
1441,2025-08-16,Landing,1
1441,2025-08-09,Browse,2
1441,2025-08-14,Product View,3
1442,2025-09-20,Landing,1
1442,2025-09-30,Browse,2
1442,2025-09-28,Product View,3
1443,2025-10-07,Landing,1
1443,2025-10-07,Browse,2
1443,2025-10-08,Product View,3
1444,2025-08-04,Landing,1
1445,2025-06-18,Landing,1
1445,2025-06-24,Browse,2
1445,2025-06-27,Product View,3
1445,2025-06-15,Add to Cart,4
1446,2025-03-30,Landing,1
1447,2025-03-17,Landing,1
1447,2025-03-16,Browse,2
1448,2025-09-13,Landing,1
1449,2025-06-26,Landing,1
1450,2025-10-09,Landing,1
1450,2025-10-07,Browse,2
1450,2025-10-06,Product View,3
1451,2025-11-17,Landing,1
1451,2025-11-26,Browse,2
1451,2025-11-23,Product View,3
1451,2025-11-23,Add to Cart,4
1452,2025-06-18,Landing,1
1452,2025-06-26,Browse,2
1453,2025-06-19,Landing,1
1454,2025-10-22,Landing,1
1454,2025-10-17,Browse,2
1454,2025-10-23,Product View,3
1454,2025-10-21,Add to Cart,4
1454,2025-10-23,Checkout,5
1454,2025-10-16,Purchase,6
1454,2025-10-22,Signup,7
1455,2025-05-07,Landing,1
1456,2025-05-16,Landing,1
1456,2025-05-09,Browse,2
1456,2025-05-17,Product View,3
1456,2025-05-13,Add to Cart,4
1456,2025-05-15,Checkout,5
1456,2025-05-06,Purchase,6
1456,2025-05-16,Signup,7
1457,2025-04-13,Landing,1
1457,2025-04-09,Browse,2
1457,2025-04-16,Product View,3
1457,2025-04-19,Add to Cart,4
1457,2025-04-10,Checkout,5
1457,2025-04-22,Purchase,6
1458,2025-04-18,Landing,1
1458,2025-04-17,Browse,2
1458,2025-04-24,Product View,3
1459,2025-10-09,Landing,1
1459,2025-10-14,Browse,2
1459,2025-10-17,Product View,3
1459,2025-10-17,Add to Cart,4
1459,2025-10-07,Checkout,5
1459,2025-10-09,Purchase,6
1460,2025-11-28,Landing,1
1460,2025-11-29,Browse,2
1461,2025-09-15,Landing,1
1461,2025-09-14,Browse,2
1461,2025-09-13,Product View,3
1462,2025-09-11,Landing,1
1463,2025-10-06,Landing,1
1463,2025-10-02,Browse,2
1463,2025-09-25,Product View,3
1463,2025-09-27,Add to Cart,4
1464,2025-11-25,Landing,1
1465,2025-06-20,Landing,1
1465,2025-06-22,Browse,2
1465,2025-06-22,Product View,3
1465,2025-06-24,Add to Cart,4
1465,2025-06-30,Checkout,5
1466,2025-08-03,Landing,1
1467,2025-07-29,Landing,1
1468,2025-07-22,Landing,1
1469,2025-07-11,Landing,1
1469,2025-07-01,Browse,2
1470,2025-03-31,Landing,1
1471,2025-04-09,Landing,1
1471,2025-04-08,Browse,2
1471,2025-04-12,Product View,3
1472,2025-06-01,Landing,1
1473,2025-06-12,Landing,1
1474,2025-06-14,Landing,1
1474,2025-06-24,Browse,2
1474,2025-06-17,Product View,3
1475,2025-08-18,Landing,1
1475,2025-08-28,Browse,2
1476,2025-10-29,Landing,1
1476,2025-10-24,Browse,2
1476,2025-10-22,Product View,3
1477,2025-08-23,Landing,1
1477,2025-08-16,Browse,2
1478,2025-09-21,Landing,1
1478,2025-09-16,Browse,2
1478,2025-09-12,Product View,3
1478,2025-09-18,Add to Cart,4
1479,2025-08-15,Landing,1
1479,2025-08-13,Browse,2
1480,2025-07-05,Landing,1
1480,2025-07-06,Browse,2
1481,2025-08-23,Landing,1
1481,2025-08-15,Browse,2
1481,2025-08-27,Product View,3
1481,2025-08-21,Add to Cart,4
1481,2025-08-23,Checkout,5
1481,2025-08-26,Purchase,6
1481,2025-08-22,Signup,7
1482,2025-10-18,Landing,1
1483,2025-09-22,Landing,1
1484,2025-09-18,Landing,1
1484,2025-09-11,Browse,2
1485,2025-08-04,Landing,1
1485,2025-07-31,Browse,2
1485,2025-08-04,Product View,3
1485,2025-08-03,Add to Cart,4
1485,2025-08-04,Checkout,5
1485,2025-08-11,Purchase,6
1485,2025-07-30,Signup,7
1486,2025-11-06,Landing,1
1487,2025-08-27,Landing,1
1487,2025-08-28,Browse,2
1487,2025-08-24,Product View,3
1487,2025-08-29,Add to Cart,4
1488,2025-03-31,Landing,1
1489,2025-11-21,Landing,1
1489,2025-11-29,Browse,2
1489,2025-11-28,Product View,3
1490,2025-08-18,Landing,1
1490,2025-08-23,Browse,2
1491,2025-05-12,Landing,1
1492,2025-05-04,Landing,1
1492,2025-05-11,Browse,2
1492,2025-05-06,Product View,3
1492,2025-05-04,Add to Cart,4
1493,2025-08-07,Landing,1
1493,2025-08-10,Browse,2
1493,2025-08-01,Product View,3
1493,2025-08-04,Add to Cart,4
1493,2025-07-31,Checkout,5
1493,2025-07-28,Purchase,6
1493,2025-07-28,Signup,7
1494,2025-12-05,Landing,1
1495,2025-05-31,Landing,1
1495,2025-06-11,Browse,2
1495,2025-06-02,Product View,3
1495,2025-05-31,Add to Cart,4
1495,2025-06-04,Checkout,5
1495,2025-06-07,Purchase,6
1495,2025-06-02,Signup,7
1496,2025-11-13,Landing,1
1496,2025-11-11,Browse,2
1497,2025-10-30,Landing,1
1498,2025-10-04,Landing,1
1498,2025-10-09,Browse,2
1498,2025-10-13,Product View,3
1498,2025-10-05,Add to Cart,4
1498,2025-10-16,Checkout,5
1498,2025-10-05,Purchase,6
1499,2025-08-23,Landing,1
1500,2025-11-15,Landing,1
1500,2025-11-07,Browse,2
1500,2025-11-11,Product View,3
1500,2025-11-04,Add to Cart,4
1500,2025-11-02,Checkout,5
1500,2025-11-05,Purchase,6
1501,2025-08-16,Landing,1
1501,2025-08-22,Browse,2
1501,2025-08-24,Product View,3
1502,2025-05-01,Landing,1
1503,2025-06-25,Landing,1
1504,2025-11-12,Landing,1
1504,2025-11-18,Browse,2
1504,2025-11-20,Product View,3
1504,2025-11-24,Add to Cart,4
1504,2025-11-23,Checkout,5
1504,2025-11-13,Purchase,6
1505,2025-10-30,Landing,1
1505,2025-10-27,Browse,2
1505,2025-11-08,Product View,3
1506,2025-07-28,Landing,1
1507,2025-11-03,Landing,1
1508,2025-03-25,Landing,1
1508,2025-04-04,Browse,2
1508,2025-04-03,Product View,3
1509,2025-09-13,Landing,1
1510,2025-05-17,Landing,1
1511,2025-05-03,Landing,1
1511,2025-04-27,Browse,2
1511,2025-04-27,Product View,3
1512,2025-10-18,Landing,1
1512,2025-10-28,Browse,2
1512,2025-10-24,Product View,3
1513,2025-04-18,Landing,1
1513,2025-04-18,Browse,2
1514,2025-06-26,Landing,1
1514,2025-06-28,Browse,2
1514,2025-06-27,Product View,3
1515,2025-05-04,Landing,1
1516,2025-07-16,Landing,1
1516,2025-07-16,Browse,2
1516,2025-07-22,Product View,3
1517,2025-05-24,Landing,1
1517,2025-05-25,Browse,2
1518,2025-11-27,Landing,1
1519,2025-08-29,Landing,1
1519,2025-09-03,Browse,2
1519,2025-09-06,Product View,3
1519,2025-09-07,Add to Cart,4
1520,2025-05-09,Landing,1
1520,2025-05-16,Browse,2
1521,2025-03-21,Landing,1
1521,2025-03-21,Browse,2
1521,2025-03-26,Product View,3
1521,2025-03-29,Add to Cart,4
1522,2025-06-15,Landing,1
1522,2025-06-20,Browse,2
1523,2025-08-15,Landing,1
1523,2025-08-02,Browse,2
1523,2025-08-09,Product View,3
1523,2025-08-09,Add to Cart,4
1523,2025-08-02,Checkout,5
1523,2025-08-12,Purchase,6
1523,2025-08-10,Signup,7
1524,2025-11-01,Landing,1
1525,2025-05-06,Landing,1
1525,2025-05-09,Browse,2
1525,2025-05-07,Product View,3
1525,2025-05-12,Add to Cart,4
1526,2025-03-15,Landing,1
1526,2025-03-16,Browse,2
1526,2025-03-21,Product View,3
1527,2025-06-06,Landing,1
1527,2025-05-29,Browse,2
1527,2025-06-04,Product View,3
1528,2025-09-09,Landing,1
1528,2025-09-06,Browse,2
1528,2025-09-10,Product View,3
1528,2025-09-08,Add to Cart,4
1528,2025-09-04,Checkout,5
1528,2025-09-14,Purchase,6
1528,2025-09-12,Signup,7
1529,2025-05-08,Landing,1
1530,2025-06-14,Landing,1
1530,2025-06-11,Browse,2
1530,2025-06-10,Product View,3
1530,2025-06-09,Add to Cart,4
1531,2025-09-20,Landing,1
1532,2025-04-28,Landing,1
1533,2025-11-15,Landing,1
1533,2025-11-15,Browse,2
1533,2025-11-06,Product View,3
1533,2025-11-12,Add to Cart,4
1534,2025-04-18,Landing,1
1535,2025-09-24,Landing,1
1535,2025-09-17,Browse,2
1535,2025-09-21,Product View,3
1536,2025-07-16,Landing,1
1536,2025-07-27,Browse,2
1536,2025-07-19,Product View,3
1536,2025-07-26,Add to Cart,4
1536,2025-07-28,Checkout,5
1537,2025-09-06,Landing,1
1538,2025-12-09,Landing,1
1538,2025-12-18,Browse,2
1538,2025-12-10,Product View,3
1538,2025-12-19,Add to Cart,4
1538,2025-12-20,Checkout,5
1538,2025-12-10,Purchase,6
1538,2025-12-13,Signup,7
1539,2025-04-17,Landing,1
1539,2025-04-20,Browse,2
1540,2025-08-12,Landing,1
1540,2025-08-03,Browse,2
1540,2025-08-01,Product View,3
1540,2025-08-03,Add to Cart,4
1541,2025-10-13,Landing,1
1542,2025-12-13,Landing,1
1542,2025-12-10,Browse,2
1542,2025-12-06,Product View,3
1543,2025-09-28,Landing,1
1543,2025-09-26,Browse,2
1544,2025-04-25,Landing,1
1544,2025-05-03,Browse,2
1544,2025-04-27,Product View,3
1545,2025-07-07,Landing,1
1545,2025-07-11,Browse,2
1545,2025-07-15,Product View,3
1546,2025-08-31,Landing,1
1547,2025-08-26,Landing,1
1547,2025-08-21,Browse,2
1548,2025-07-23,Landing,1
1549,2025-03-09,Landing,1
1549,2025-03-18,Browse,2
1549,2025-03-20,Product View,3
1549,2025-03-20,Add to Cart,4
1549,2025-03-18,Checkout,5
1549,2025-03-09,Purchase,6
1549,2025-03-07,Signup,7
1550,2025-05-08,Landing,1
1550,2025-05-08,Browse,2
1551,2025-10-03,Landing,1
1551,2025-10-03,Browse,2
1552,2025-07-30,Landing,1
1553,2025-09-14,Landing,1
1553,2025-09-07,Browse,2
1554,2025-05-03,Landing,1
1554,2025-05-12,Browse,2
1554,2025-05-10,Product View,3
1554,2025-05-04,Add to Cart,4
1554,2025-05-05,Checkout,5
1554,2025-05-08,Purchase,6
1555,2025-03-23,Landing,1
1556,2025-09-28,Landing,1
1556,2025-09-28,Browse,2
1557,2025-12-08,Landing,1
1557,2025-12-09,Browse,2
1558,2025-10-29,Landing,1
1559,2025-04-20,Landing,1
1560,2025-11-09,Landing,1
1561,2025-08-18,Landing,1
1561,2025-08-19,Browse,2
1562,2025-11-13,Landing,1
1562,2025-11-12,Browse,2
1563,2025-06-02,Landing,1
1563,2025-05-30,Browse,2
1564,2025-05-19,Landing,1
1564,2025-05-17,Browse,2
1564,2025-05-24,Product View,3
1564,2025-05-14,Add to Cart,4
1564,2025-05-26,Checkout,5
1564,2025-05-17,Purchase,6
1564,2025-05-14,Signup,7
1565,2025-03-12,Landing,1
1566,2025-05-24,Landing,1
1566,2025-05-26,Browse,2
1566,2025-05-19,Product View,3
1567,2025-11-06,Landing,1
1568,2025-04-13,Landing,1
1569,2025-11-18,Landing,1
1569,2025-11-14,Browse,2
1569,2025-11-17,Product View,3
1570,2025-07-11,Landing,1
1570,2025-07-12,Browse,2
1571,2025-08-23,Landing,1
1572,2025-09-29,Landing,1
1572,2025-10-01,Browse,2
1572,2025-10-05,Product View,3
1573,2025-11-28,Landing,1
1573,2025-12-04,Browse,2
1573,2025-12-01,Product View,3
1574,2025-09-26,Landing,1
1574,2025-09-15,Browse,2
1574,2025-09-21,Product View,3
1575,2025-10-03,Landing,1
1576,2025-06-27,Landing,1
1576,2025-07-02,Browse,2
1577,2025-04-12,Landing,1
1577,2025-04-19,Browse,2
1578,2025-10-31,Landing,1
1579,2025-08-17,Landing,1
1579,2025-08-15,Browse,2
1580,2025-08-25,Landing,1
1581,2025-11-03,Landing,1
1582,2025-10-11,Landing,1
1582,2025-10-09,Browse,2
1582,2025-09-30,Product View,3
1583,2025-06-17,Landing,1
1583,2025-06-16,Browse,2
1583,2025-06-24,Product View,3
1584,2025-11-21,Landing,1
1584,2025-11-12,Browse,2
1584,2025-11-18,Product View,3
1584,2025-11-12,Add to Cart,4
1584,2025-11-11,Checkout,5
1585,2025-06-24,Landing,1
1585,2025-06-23,Browse,2
1586,2025-09-04,Landing,1
1586,2025-09-01,Browse,2
1586,2025-09-05,Product View,3
1587,2025-10-30,Landing,1
1587,2025-11-09,Browse,2
1587,2025-11-02,Product View,3
1588,2025-07-28,Landing,1
1588,2025-07-29,Browse,2
1589,2025-08-06,Landing,1
1589,2025-08-11,Browse,2
1589,2025-08-17,Product View,3
1590,2025-05-28,Landing,1
1590,2025-05-25,Browse,2
1590,2025-05-30,Product View,3
1591,2025-11-29,Landing,1
1592,2025-10-01,Landing,1
1593,2025-07-25,Landing,1
1593,2025-07-18,Browse,2
1593,2025-07-18,Product View,3
1593,2025-07-22,Add to Cart,4
1593,2025-07-24,Checkout,5
1593,2025-07-21,Purchase,6
1594,2025-07-05,Landing,1
1594,2025-07-01,Browse,2
1594,2025-06-29,Product View,3
1595,2025-10-31,Landing,1
1595,2025-10-24,Browse,2
1595,2025-10-28,Product View,3
1595,2025-10-22,Add to Cart,4
1595,2025-10-25,Checkout,5
1595,2025-10-24,Purchase,6
1595,2025-10-31,Signup,7
1596,2025-08-27,Landing,1
1596,2025-09-08,Browse,2
1597,2025-08-05,Landing,1
1597,2025-08-04,Browse,2
1597,2025-08-09,Product View,3
1598,2025-12-19,Landing,1
1598,2025-12-13,Browse,2
1598,2025-12-10,Product View,3
1598,2025-12-16,Add to Cart,4
1598,2025-12-09,Checkout,5
1599,2025-12-08,Landing,1
1600,2025-08-18,Landing,1
1601,2025-10-03,Landing,1
1601,2025-10-06,Browse,2
1601,2025-10-01,Product View,3
1602,2025-03-19,Landing,1
1602,2025-03-11,Browse,2
1603,2025-05-31,Landing,1
1603,2025-05-31,Browse,2
1603,2025-05-23,Product View,3
1603,2025-05-26,Add to Cart,4
1603,2025-05-28,Checkout,5
1603,2025-05-23,Purchase,6
1604,2025-09-08,Landing,1
1604,2025-09-03,Browse,2
1605,2025-08-28,Landing,1
1606,2025-07-12,Landing,1
1606,2025-07-08,Browse,2
1606,2025-07-08,Product View,3
1606,2025-07-13,Add to Cart,4
1606,2025-07-07,Checkout,5
1606,2025-07-07,Purchase,6
1607,2025-09-09,Landing,1
1608,2025-09-19,Landing,1
1609,2025-11-22,Landing,1
1610,2025-08-01,Landing,1
1610,2025-08-02,Browse,2
1610,2025-07-30,Product View,3
1611,2025-03-20,Landing,1
1611,2025-03-16,Browse,2
1612,2025-06-11,Landing,1
1612,2025-06-16,Browse,2
1612,2025-06-13,Product View,3
1612,2025-06-09,Add to Cart,4
1613,2025-03-31,Landing,1
1613,2025-03-31,Browse,2
1613,2025-04-06,Product View,3
1613,2025-04-04,Add to Cart,4
1614,2025-04-30,Landing,1
1614,2025-05-06,Browse,2
1614,2025-05-08,Product View,3
1614,2025-05-04,Add to Cart,4
1615,2025-08-08,Landing,1
1616,2025-05-14,Landing,1
1617,2025-10-26,Landing,1
1617,2025-10-14,Browse,2
1618,2025-09-05,Landing,1
1618,2025-09-03,Browse,2
1619,2025-07-07,Landing,1
1619,2025-07-08,Browse,2
1619,2025-07-03,Product View,3
1619,2025-07-09,Add to Cart,4
1619,2025-07-01,Checkout,5
1620,2025-10-10,Landing,1
1620,2025-10-10,Browse,2
1620,2025-10-17,Product View,3
1621,2025-05-16,Landing,1
1622,2025-10-28,Landing,1
1622,2025-10-30,Browse,2
1622,2025-10-26,Product View,3
1622,2025-11-04,Add to Cart,4
1622,2025-10-26,Checkout,5
1622,2025-11-06,Purchase,6
1622,2025-11-04,Signup,7
1623,2025-08-25,Landing,1
1624,2025-09-07,Landing,1
1624,2025-08-27,Browse,2
1624,2025-09-04,Product View,3
1624,2025-08-31,Add to Cart,4
1624,2025-08-26,Checkout,5
1624,2025-08-30,Purchase,6
1624,2025-08-30,Signup,7
1625,2025-05-24,Landing,1
1626,2025-04-26,Landing,1
1626,2025-04-17,Browse,2
1626,2025-04-16,Product View,3
1626,2025-04-24,Add to Cart,4
1626,2025-04-18,Checkout,5
1627,2025-10-27,Landing,1
1627,2025-11-01,Browse,2
1627,2025-11-05,Product View,3
1627,2025-11-01,Add to Cart,4
1628,2025-12-08,Landing,1
1628,2025-12-14,Browse,2
1628,2025-12-16,Product View,3
1629,2025-03-26,Landing,1
1629,2025-04-07,Browse,2
1629,2025-04-07,Product View,3
1630,2025-04-27,Landing,1
1630,2025-05-04,Browse,2
1631,2025-06-11,Landing,1
1631,2025-06-04,Browse,2
1632,2025-10-15,Landing,1
1633,2025-11-28,Landing,1
1634,2025-11-01,Landing,1
1635,2025-12-06,Landing,1
1636,2025-07-10,Landing,1
1637,2025-12-07,Landing,1
1638,2025-03-22,Landing,1
1639,2025-04-17,Landing,1
1639,2025-04-24,Browse,2
1640,2025-09-14,Landing,1
1640,2025-09-16,Browse,2
1640,2025-09-15,Product View,3
1640,2025-09-21,Add to Cart,4
1640,2025-09-11,Checkout,5
1640,2025-09-22,Purchase,6
1641,2025-03-29,Landing,1
1641,2025-04-10,Browse,2
1642,2025-08-07,Landing,1
1642,2025-07-29,Browse,2
1643,2025-07-13,Landing,1
1643,2025-07-15,Browse,2
1643,2025-07-04,Product View,3
1643,2025-07-16,Add to Cart,4
1644,2025-05-18,Landing,1
1644,2025-05-13,Browse,2
1645,2025-04-11,Landing,1
1645,2025-04-11,Browse,2
1645,2025-04-06,Product View,3
1645,2025-04-01,Add to Cart,4
1645,2025-03-29,Checkout,5
1645,2025-04-03,Purchase,6
1645,2025-04-05,Signup,7
1646,2025-06-15,Landing,1
1647,2025-06-11,Landing,1
1647,2025-06-07,Browse,2
1647,2025-06-14,Product View,3
1648,2025-12-14,Landing,1
1649,2025-09-10,Landing,1
1649,2025-09-15,Browse,2
1650,2025-11-03,Landing,1
1650,2025-10-27,Browse,2
1650,2025-11-03,Product View,3
1650,2025-10-31,Add to Cart,4
1651,2025-10-14,Landing,1
1651,2025-10-19,Browse,2
1652,2025-07-18,Landing,1
1653,2025-11-23,Landing,1
1654,2025-05-01,Landing,1
1654,2025-05-07,Browse,2
1654,2025-05-01,Product View,3
1654,2025-05-07,Add to Cart,4
1654,2025-05-05,Checkout,5
1654,2025-04-28,Purchase,6
1655,2025-11-14,Landing,1
1656,2025-06-06,Landing,1
1656,2025-06-15,Browse,2
1656,2025-06-14,Product View,3
1657,2025-09-07,Landing,1
1657,2025-09-15,Browse,2
1658,2025-12-11,Landing,1
1658,2025-12-13,Browse,2
1658,2025-12-08,Product View,3
1659,2025-07-26,Landing,1
1660,2025-12-08,Landing,1
1660,2025-11-30,Browse,2
1660,2025-12-06,Product View,3
1661,2025-09-24,Landing,1
1661,2025-09-28,Browse,2
1661,2025-09-25,Product View,3
1661,2025-09-19,Add to Cart,4
1662,2025-08-12,Landing,1
1662,2025-08-17,Browse,2
1662,2025-08-07,Product View,3
1662,2025-08-15,Add to Cart,4
1663,2025-07-23,Landing,1
1663,2025-07-26,Browse,2
1663,2025-07-19,Product View,3
1663,2025-07-30,Add to Cart,4
1663,2025-07-21,Checkout,5
1664,2025-10-25,Landing,1
1664,2025-10-24,Browse,2
1665,2025-05-18,Landing,1
1665,2025-05-19,Browse,2
1666,2025-12-06,Landing,1
1666,2025-12-03,Browse,2
1666,2025-12-13,Product View,3
1666,2025-12-05,Add to Cart,4
1667,2025-10-15,Landing,1
1667,2025-10-28,Browse,2
1667,2025-10-25,Product View,3
1667,2025-10-25,Add to Cart,4
1667,2025-10-18,Checkout,5
1668,2025-10-27,Landing,1
1669,2025-05-19,Landing,1
1669,2025-05-21,Browse,2
1670,2025-04-20,Landing,1
1671,2025-09-29,Landing,1
1671,2025-09-30,Browse,2
1671,2025-09-29,Product View,3
1671,2025-10-06,Add to Cart,4
1671,2025-10-08,Checkout,5
1671,2025-10-08,Purchase,6
1672,2025-04-23,Landing,1
1672,2025-04-26,Browse,2
1672,2025-04-25,Product View,3
1672,2025-04-26,Add to Cart,4
1672,2025-04-15,Checkout,5
1673,2025-10-29,Landing,1
1673,2025-10-25,Browse,2
1673,2025-11-01,Product View,3
1673,2025-10-26,Add to Cart,4
1673,2025-10-23,Checkout,5
1673,2025-10-27,Purchase,6
1674,2025-08-18,Landing,1
1674,2025-08-17,Browse,2
1674,2025-08-17,Product View,3
1674,2025-08-10,Add to Cart,4
1674,2025-08-18,Checkout,5
1675,2025-05-14,Landing,1
1675,2025-05-16,Browse,2
1675,2025-05-21,Product View,3
1675,2025-05-13,Add to Cart,4
1675,2025-05-18,Checkout,5
1675,2025-05-12,Purchase,6
1675,2025-05-20,Signup,7
1676,2025-08-10,Landing,1
1676,2025-08-16,Browse,2
1676,2025-08-09,Product View,3
1676,2025-08-13,Add to Cart,4
1677,2025-11-30,Landing,1
1677,2025-12-04,Browse,2
1677,2025-12-06,Product View,3
1677,2025-11-24,Add to Cart,4
1678,2025-05-21,Landing,1
1679,2025-05-12,Landing,1
1679,2025-05-16,Browse,2
1680,2025-05-22,Landing,1
1680,2025-05-25,Browse,2
1680,2025-05-26,Product View,3
1680,2025-05-21,Add to Cart,4
1680,2025-05-21,Checkout,5
1681,2025-09-24,Landing,1
1681,2025-09-17,Browse,2
1681,2025-09-24,Product View,3
1682,2025-08-16,Landing,1
1682,2025-08-09,Browse,2
1682,2025-08-09,Product View,3
1683,2025-10-22,Landing,1
1683,2025-10-25,Browse,2
1684,2025-09-06,Landing,1
1684,2025-09-03,Browse,2
1685,2025-04-09,Landing,1
1685,2025-04-03,Browse,2
1686,2025-04-23,Landing,1
1687,2025-09-26,Landing,1
1688,2025-08-14,Landing,1
1689,2025-08-25,Landing,1
1690,2025-12-12,Landing,1
1690,2025-12-04,Browse,2
1690,2025-12-04,Product View,3
1690,2025-12-05,Add to Cart,4
1690,2025-12-16,Checkout,5
1690,2025-12-12,Purchase,6
1690,2025-12-17,Signup,7
1691,2025-03-14,Landing,1
1691,2025-03-04,Browse,2
1692,2025-07-02,Landing,1
1693,2025-03-18,Landing,1
1694,2025-11-24,Landing,1
1694,2025-11-15,Browse,2
1694,2025-11-18,Product View,3
1695,2025-07-01,Landing,1
1695,2025-06-27,Browse,2
1695,2025-06-29,Product View,3
1696,2025-04-09,Landing,1
1696,2025-04-11,Browse,2
1696,2025-04-11,Product View,3
1696,2025-04-16,Add to Cart,4
1697,2025-12-09,Landing,1
1697,2025-12-18,Browse,2
1697,2025-12-13,Product View,3
1697,2025-12-20,Add to Cart,4
1697,2025-12-12,Checkout,5
1697,2025-12-20,Purchase,6
1698,2025-08-28,Landing,1
1699,2025-06-28,Landing,1
1699,2025-06-28,Browse,2
1699,2025-07-01,Product View,3
1699,2025-07-07,Add to Cart,4
1699,2025-06-25,Checkout,5
1699,2025-06-24,Purchase,6
1700,2025-05-06,Landing,1
1701,2025-03-11,Landing,1
1702,2025-06-22,Landing,1
1702,2025-06-17,Browse,2
1702,2025-06-24,Product View,3
1702,2025-06-24,Add to Cart,4
1702,2025-06-15,Checkout,5
1703,2025-06-19,Landing,1
1703,2025-06-22,Browse,2
1703,2025-06-29,Product View,3
1704,2025-07-27,Landing,1
1704,2025-07-26,Browse,2
1704,2025-08-01,Product View,3
1705,2025-10-30,Landing,1
1705,2025-10-30,Browse,2
1705,2025-10-24,Product View,3
1706,2025-12-05,Landing,1
1706,2025-12-09,Browse,2
1706,2025-12-07,Product View,3
1706,2025-12-06,Add to Cart,4
1707,2025-12-17,Landing,1
1707,2025-12-16,Browse,2
1707,2025-12-15,Product View,3
1707,2025-12-14,Add to Cart,4
1707,2025-12-16,Checkout,5
1707,2025-12-10,Purchase,6
1707,2025-12-06,Signup,7
1708,2025-09-10,Landing,1
1708,2025-09-06,Browse,2
1709,2025-07-15,Landing,1
1709,2025-07-17,Browse,2
1709,2025-07-07,Product View,3
1710,2025-12-14,Landing,1
1711,2025-05-15,Landing,1
1711,2025-05-16,Browse,2
1711,2025-05-04,Product View,3
1711,2025-05-07,Add to Cart,4
1712,2025-06-03,Landing,1
1712,2025-06-02,Browse,2
1713,2025-06-06,Landing,1
1713,2025-06-06,Browse,2
1714,2025-03-17,Landing,1
1714,2025-03-23,Browse,2
1715,2025-08-28,Landing,1
1715,2025-09-02,Browse,2
1715,2025-08-27,Product View,3
1715,2025-08-25,Add to Cart,4
1716,2025-07-29,Landing,1
1717,2025-07-21,Landing,1
1718,2025-06-27,Landing,1
1718,2025-06-18,Browse,2
1718,2025-06-25,Product View,3
1718,2025-06-16,Add to Cart,4
1718,2025-06-24,Checkout,5
1718,2025-06-16,Purchase,6
1718,2025-06-18,Signup,7
1719,2025-04-30,Landing,1
1719,2025-05-03,Browse,2
1720,2025-10-20,Landing,1
1720,2025-10-25,Browse,2
1720,2025-10-29,Product View,3
1721,2025-04-10,Landing,1
1721,2025-04-08,Browse,2
1722,2025-04-14,Landing,1
1723,2025-03-15,Landing,1
1723,2025-03-13,Browse,2
1723,2025-03-13,Product View,3
1723,2025-03-14,Add to Cart,4
1724,2025-05-14,Landing,1
1724,2025-05-02,Browse,2
1725,2025-05-16,Landing,1
1725,2025-05-13,Browse,2
1725,2025-05-16,Product View,3
1725,2025-05-21,Add to Cart,4
1725,2025-05-17,Checkout,5
1725,2025-05-08,Purchase,6
1725,2025-05-19,Signup,7
1726,2025-08-15,Landing,1
1726,2025-08-14,Browse,2
1726,2025-08-21,Product View,3
1726,2025-08-14,Add to Cart,4
1727,2025-11-01,Landing,1
1727,2025-10-31,Browse,2
1728,2025-09-12,Landing,1
1728,2025-09-22,Browse,2
1728,2025-09-22,Product View,3
1728,2025-09-19,Add to Cart,4
1728,2025-09-19,Checkout,5
1728,2025-09-12,Purchase,6
1728,2025-09-22,Signup,7
1729,2025-05-16,Landing,1
1729,2025-05-25,Browse,2
1729,2025-05-17,Product View,3
1729,2025-05-19,Add to Cart,4
1730,2025-07-02,Landing,1
1730,2025-07-09,Browse,2
1730,2025-07-09,Product View,3
1730,2025-07-03,Add to Cart,4
1730,2025-07-01,Checkout,5
1731,2025-05-24,Landing,1
1731,2025-05-29,Browse,2
1731,2025-05-20,Product View,3
1731,2025-05-27,Add to Cart,4
1732,2025-11-19,Landing,1
1733,2025-05-30,Landing,1
1734,2025-07-20,Landing,1
1735,2025-08-13,Landing,1
1735,2025-08-21,Browse,2
1735,2025-08-25,Product View,3
1736,2025-07-11,Landing,1
1737,2025-08-07,Landing,1
1737,2025-08-07,Browse,2
1737,2025-08-04,Product View,3
1738,2025-09-17,Landing,1
1739,2025-11-23,Landing,1
1739,2025-11-23,Browse,2
1739,2025-11-18,Product View,3
1739,2025-11-19,Add to Cart,4
1740,2025-08-03,Landing,1
1740,2025-07-26,Browse,2
1740,2025-07-28,Product View,3
1740,2025-08-05,Add to Cart,4
1740,2025-07-28,Checkout,5
1741,2025-03-26,Landing,1
1741,2025-03-20,Browse,2
1741,2025-03-20,Product View,3
1742,2025-11-09,Landing,1
1742,2025-11-07,Browse,2
1742,2025-11-13,Product View,3
1742,2025-11-13,Add to Cart,4
1742,2025-11-14,Checkout,5
1742,2025-11-06,Purchase,6
1743,2025-08-04,Landing,1
1743,2025-08-10,Browse,2
1744,2025-06-11,Landing,1
1745,2025-08-15,Landing,1
1745,2025-08-05,Browse,2
1745,2025-08-11,Product View,3
1746,2025-04-09,Landing,1
1747,2025-08-07,Landing,1
1748,2025-06-21,Landing,1
1748,2025-06-20,Browse,2
1748,2025-06-16,Product View,3
1748,2025-06-20,Add to Cart,4
1748,2025-06-20,Checkout,5
1749,2025-10-23,Landing,1
1750,2025-06-19,Landing,1
1750,2025-06-24,Browse,2
1750,2025-06-19,Product View,3
1750,2025-06-18,Add to Cart,4
1750,2025-06-24,Checkout,5
1751,2025-12-22,Landing,1
1751,2025-12-20,Browse,2
1752,2025-03-11,Landing,1
1752,2025-03-19,Browse,2
1752,2025-03-20,Product View,3
1752,2025-03-10,Add to Cart,4
1753,2025-06-23,Landing,1
1753,2025-06-22,Browse,2
1753,2025-06-21,Product View,3
1753,2025-06-23,Add to Cart,4
1753,2025-06-29,Checkout,5
1753,2025-06-22,Purchase,6
1754,2025-05-12,Landing,1
1754,2025-05-15,Browse,2
1754,2025-05-10,Product View,3
1755,2025-06-16,Landing,1
1755,2025-06-25,Browse,2
1755,2025-06-23,Product View,3
1756,2025-10-12,Landing,1
1757,2025-10-29,Landing,1
1757,2025-10-29,Browse,2
1758,2025-03-16,Landing,1
1758,2025-03-18,Browse,2
1758,2025-03-23,Product View,3
1759,2025-07-21,Landing,1
1759,2025-08-01,Browse,2
1759,2025-07-20,Product View,3
1759,2025-07-26,Add to Cart,4
1760,2025-06-06,Landing,1
1760,2025-06-15,Browse,2
1760,2025-06-08,Product View,3
1760,2025-06-12,Add to Cart,4
1760,2025-06-14,Checkout,5
1760,2025-06-08,Purchase,6
1761,2025-07-26,Landing,1
1762,2025-06-09,Landing,1
1763,2025-07-22,Landing,1
1764,2025-05-18,Landing,1
1764,2025-05-12,Browse,2
1764,2025-05-20,Product View,3
1764,2025-05-19,Add to Cart,4
1765,2025-12-11,Landing,1
1765,2025-12-05,Browse,2
1765,2025-11-30,Product View,3
1766,2025-06-02,Landing,1
1766,2025-05-24,Browse,2
1766,2025-05-27,Product View,3
1767,2025-03-28,Landing,1
1767,2025-03-25,Browse,2
1767,2025-03-31,Product View,3
1767,2025-03-30,Add to Cart,4
1768,2025-04-25,Landing,1
1768,2025-04-26,Browse,2
1769,2025-11-13,Landing,1
1770,2025-09-03,Landing,1
1771,2025-10-31,Landing,1
1772,2025-09-15,Landing,1
1772,2025-09-16,Browse,2
1773,2025-06-12,Landing,1
1773,2025-06-11,Browse,2
1773,2025-06-10,Product View,3
1774,2025-04-17,Landing,1
1774,2025-04-09,Browse,2
1774,2025-04-13,Product View,3
1774,2025-04-12,Add to Cart,4
1774,2025-04-19,Checkout,5
1774,2025-04-18,Purchase,6
1775,2025-03-17,Landing,1
1775,2025-03-26,Browse,2
1775,2025-03-18,Product View,3
1775,2025-03-13,Add to Cart,4
1776,2025-07-19,Landing,1
1776,2025-07-15,Browse,2
1776,2025-07-10,Product View,3
1776,2025-07-14,Add to Cart,4
1776,2025-07-10,Checkout,5
1776,2025-07-21,Purchase,6
1776,2025-07-16,Signup,7
1777,2025-06-10,Landing,1
1777,2025-06-14,Browse,2
1777,2025-06-08,Product View,3
1777,2025-06-05,Add to Cart,4
1778,2025-09-16,Landing,1
1778,2025-09-24,Browse,2
1778,2025-09-19,Product View,3
1778,2025-09-24,Add to Cart,4
1779,2025-12-09,Landing,1
1779,2025-12-16,Browse,2
1779,2025-12-18,Product View,3
1779,2025-12-14,Add to Cart,4
1779,2025-12-11,Checkout,5
1779,2025-12-18,Purchase,6
1779,2025-12-17,Signup,7
1780,2025-12-07,Landing,1
1780,2025-12-09,Browse,2
1781,2025-04-17,Landing,1
1781,2025-04-18,Browse,2
1781,2025-04-18,Product View,3
1782,2025-05-26,Landing,1
1783,2025-10-08,Landing,1
1783,2025-10-09,Browse,2
1783,2025-10-19,Product View,3
1783,2025-10-09,Add to Cart,4
1784,2025-05-28,Landing,1
1784,2025-06-07,Browse,2
1784,2025-05-29,Product View,3
1784,2025-06-08,Add to Cart,4
1785,2025-09-14,Landing,1
1786,2025-05-26,Landing,1
1787,2025-03-25,Landing,1
1788,2025-10-23,Landing,1
1788,2025-10-28,Browse,2
1789,2025-06-24,Landing,1
1789,2025-06-25,Browse,2
1790,2025-06-11,Landing,1
1790,2025-06-15,Browse,2
1790,2025-06-21,Product View,3
1790,2025-06-17,Add to Cart,4
1790,2025-06-09,Checkout,5
1791,2025-03-14,Landing,1
1791,2025-03-10,Browse,2
1792,2025-06-24,Landing,1
1792,2025-06-23,Browse,2
1792,2025-06-15,Product View,3
1792,2025-06-18,Add to Cart,4
1792,2025-06-17,Checkout,5
1792,2025-06-14,Purchase,6
1792,2025-06-21,Signup,7
1793,2025-06-30,Landing,1
1793,2025-07-01,Browse,2
1793,2025-07-07,Product View,3
1794,2025-11-05,Landing,1
1795,2025-10-03,Landing,1
1795,2025-09-23,Browse,2
1796,2025-12-16,Landing,1
1796,2025-12-15,Browse,2
1796,2025-12-09,Product View,3
1796,2025-12-20,Add to Cart,4
1796,2025-12-15,Checkout,5
1796,2025-12-16,Purchase,6
1797,2025-07-13,Landing,1
1798,2025-04-12,Landing,1
1798,2025-04-07,Browse,2
1799,2025-06-13,Landing,1
1800,2025-09-20,Landing,1
1800,2025-09-23,Browse,2
1800,2025-09-27,Product View,3
1800,2025-09-18,Add to Cart,4
1800,2025-09-20,Checkout,5
1800,2025-09-18,Purchase,6
1800,2025-09-19,Signup,7
1801,2025-10-24,Landing,1
1801,2025-10-24,Browse,2
1801,2025-10-30,Product View,3
1802,2025-12-10,Landing,1
1802,2025-12-12,Browse,2
1803,2025-09-24,Landing,1
1804,2025-09-02,Landing,1
1804,2025-09-12,Browse,2
1804,2025-09-12,Product View,3
1805,2025-07-25,Landing,1
1806,2025-09-05,Landing,1
1806,2025-09-01,Browse,2
1806,2025-08-23,Product View,3
1806,2025-08-27,Add to Cart,4
1806,2025-08-30,Checkout,5
1807,2025-10-11,Landing,1
1807,2025-10-12,Browse,2
1807,2025-10-12,Product View,3
1808,2025-07-11,Landing,1
1808,2025-07-09,Browse,2
1808,2025-07-10,Product View,3
1809,2025-04-10,Landing,1
1809,2025-04-11,Browse,2
1809,2025-04-06,Product View,3
1809,2025-04-04,Add to Cart,4
1810,2025-08-27,Landing,1
1811,2025-05-12,Landing,1
1811,2025-05-08,Browse,2
1811,2025-05-17,Product View,3
1811,2025-05-18,Add to Cart,4
1811,2025-05-18,Checkout,5
1812,2025-11-21,Landing,1
1812,2025-11-20,Browse,2
1813,2025-04-11,Landing,1
1814,2025-10-18,Landing,1
1814,2025-10-16,Browse,2
1815,2025-04-14,Landing,1
1815,2025-04-17,Browse,2
1815,2025-04-12,Product View,3
1815,2025-04-22,Add to Cart,4
1815,2025-04-22,Checkout,5
1815,2025-04-14,Purchase,6
1815,2025-04-17,Signup,7
1816,2025-03-07,Landing,1
1817,2025-05-13,Landing,1
1817,2025-05-09,Browse,2
1818,2025-06-26,Landing,1
1818,2025-06-29,Browse,2
1818,2025-07-05,Product View,3
1818,2025-06-28,Add to Cart,4
1818,2025-07-02,Checkout,5
1819,2025-06-03,Landing,1
1819,2025-06-04,Browse,2
1819,2025-05-24,Product View,3
1820,2025-12-13,Landing,1
1820,2025-12-10,Browse,2
1821,2025-03-25,Landing,1
1821,2025-03-16,Browse,2
1821,2025-03-22,Product View,3
1822,2025-03-29,Landing,1
1822,2025-03-23,Browse,2
1822,2025-03-25,Product View,3
1823,2025-11-14,Landing,1
1823,2025-11-16,Browse,2
1823,2025-11-10,Product View,3
1824,2025-07-10,Landing,1
1824,2025-07-14,Browse,2
1824,2025-07-14,Product View,3
1825,2025-10-27,Landing,1
1825,2025-10-27,Browse,2
1825,2025-10-27,Product View,3
1825,2025-10-26,Add to Cart,4
1825,2025-10-25,Checkout,5
1825,2025-11-04,Purchase,6
1826,2025-04-10,Landing,1
1827,2025-04-26,Landing,1
1827,2025-04-28,Browse,2
1827,2025-04-17,Product View,3
1827,2025-04-19,Add to Cart,4
1828,2025-12-07,Landing,1
1829,2025-09-25,Landing,1
1829,2025-09-20,Browse,2
1830,2025-04-15,Landing,1
1830,2025-04-09,Browse,2
1830,2025-04-08,Product View,3
1830,2025-04-11,Add to Cart,4
1831,2025-06-28,Landing,1
1832,2025-08-10,Landing,1
1832,2025-08-17,Browse,2
1832,2025-08-12,Product View,3
1832,2025-08-16,Add to Cart,4
1833,2025-07-28,Landing,1
1833,2025-07-16,Browse,2
1833,2025-07-18,Product View,3
1833,2025-07-16,Add to Cart,4
1833,2025-07-22,Checkout,5
1834,2025-11-06,Landing,1
1834,2025-11-01,Browse,2
1835,2025-03-08,Landing,1
1835,2025-03-12,Browse,2
1835,2025-03-14,Product View,3
1835,2025-03-08,Add to Cart,4
1835,2025-03-07,Checkout,5
1835,2025-03-05,Purchase,6
1836,2025-12-21,Landing,1
1836,2025-12-17,Browse,2
1836,2025-12-12,Product View,3
1836,2025-12-14,Add to Cart,4
1836,2025-12-18,Checkout,5
1837,2025-08-23,Landing,1
1837,2025-08-29,Browse,2
1838,2025-06-03,Landing,1
1838,2025-06-04,Browse,2
1839,2025-08-18,Landing,1
1839,2025-08-27,Browse,2
1840,2025-11-24,Landing,1
1841,2025-05-12,Landing,1
1842,2025-09-26,Landing,1
1842,2025-09-25,Browse,2
1842,2025-09-21,Product View,3
1843,2025-11-24,Landing,1
1843,2025-11-17,Browse,2
1843,2025-11-23,Product View,3
1844,2025-07-22,Landing,1
1844,2025-07-30,Browse,2
1844,2025-07-18,Product View,3
1844,2025-07-29,Add to Cart,4
1845,2025-04-01,Landing,1
1845,2025-04-08,Browse,2
1845,2025-04-01,Product View,3
1845,2025-04-09,Add to Cart,4
1846,2025-05-30,Landing,1
1846,2025-05-29,Browse,2
1846,2025-05-21,Product View,3
1846,2025-05-30,Add to Cart,4
1846,2025-05-28,Checkout,5
1846,2025-05-28,Purchase,6
1846,2025-05-25,Signup,7
1847,2025-06-18,Landing,1
1847,2025-06-10,Browse,2
1847,2025-06-14,Product View,3
1848,2025-09-25,Landing,1
1848,2025-09-24,Browse,2
1848,2025-09-28,Product View,3
1849,2025-05-01,Landing,1
1849,2025-05-08,Browse,2
1850,2025-09-17,Landing,1
1850,2025-09-20,Browse,2
1850,2025-09-22,Product View,3
1850,2025-09-27,Add to Cart,4
1850,2025-09-21,Checkout,5
1850,2025-09-16,Purchase,6
1851,2025-12-14,Landing,1
1852,2025-03-10,Landing,1
1852,2025-03-14,Browse,2
1852,2025-03-08,Product View,3
1853,2025-12-10,Landing,1
1854,2025-11-07,Landing,1
1854,2025-11-04,Browse,2
1854,2025-11-01,Product View,3
1854,2025-11-09,Add to Cart,4
1854,2025-10-30,Checkout,5
1855,2025-11-09,Landing,1
1856,2025-10-01,Landing,1
1856,2025-10-01,Browse,2
1857,2025-07-24,Landing,1
1857,2025-07-21,Browse,2
1857,2025-07-22,Product View,3
1857,2025-07-26,Add to Cart,4
1857,2025-07-22,Checkout,5
1858,2025-10-22,Landing,1
1859,2025-12-03,Landing,1
1859,2025-11-28,Browse,2
1859,2025-11-22,Product View,3
1860,2025-10-22,Landing,1
1860,2025-10-22,Browse,2
1860,2025-10-19,Product View,3
1860,2025-10-15,Add to Cart,4
1860,2025-10-18,Checkout,5
1861,2025-08-23,Landing,1
1861,2025-08-24,Browse,2
1861,2025-08-21,Product View,3
1861,2025-08-15,Add to Cart,4
1861,2025-08-17,Checkout,5
1861,2025-08-17,Purchase,6
1862,2025-05-29,Landing,1
1863,2025-04-26,Landing,1
1863,2025-04-18,Browse,2
1863,2025-04-24,Product View,3
1863,2025-04-22,Add to Cart,4
1863,2025-04-19,Checkout,5
1863,2025-04-25,Purchase,6
1863,2025-04-22,Signup,7
1864,2025-07-14,Landing,1
1864,2025-07-08,Browse,2
1865,2025-11-17,Landing,1
1865,2025-11-08,Browse,2
1865,2025-11-13,Product View,3
1866,2025-06-13,Landing,1
1866,2025-06-13,Browse,2
1866,2025-06-18,Product View,3
1867,2025-05-08,Landing,1
1867,2025-05-08,Browse,2
1867,2025-05-12,Product View,3
1867,2025-05-06,Add to Cart,4
1868,2025-04-24,Landing,1
1869,2025-07-15,Landing,1
1869,2025-07-10,Browse,2
1869,2025-07-18,Product View,3
1870,2025-08-18,Landing,1
1870,2025-08-12,Browse,2
1870,2025-08-17,Product View,3
1870,2025-08-13,Add to Cart,4
1870,2025-08-25,Checkout,5
1871,2025-07-05,Landing,1
1871,2025-07-05,Browse,2
1871,2025-07-08,Product View,3
1871,2025-07-06,Add to Cart,4
1871,2025-07-10,Checkout,5
1872,2025-09-28,Landing,1
1872,2025-09-26,Browse,2
1872,2025-09-28,Product View,3
1872,2025-09-24,Add to Cart,4
1872,2025-10-07,Checkout,5
1872,2025-10-04,Purchase,6
1872,2025-09-29,Signup,7
1873,2025-11-26,Landing,1
1874,2025-05-14,Landing,1
1874,2025-05-08,Browse,2
1875,2025-04-20,Landing,1
1875,2025-04-29,Browse,2
1875,2025-04-21,Product View,3
1875,2025-05-02,Add to Cart,4
1875,2025-05-01,Checkout,5
1875,2025-05-02,Purchase,6
1876,2025-05-15,Landing,1
1877,2025-05-18,Landing,1
1878,2025-07-20,Landing,1
1878,2025-07-13,Browse,2
1878,2025-07-08,Product View,3
1879,2025-05-17,Landing,1
1879,2025-05-23,Browse,2
1879,2025-05-15,Product View,3
1879,2025-05-24,Add to Cart,4
1879,2025-05-20,Checkout,5
1880,2025-10-24,Landing,1
1880,2025-10-24,Browse,2
1880,2025-10-17,Product View,3
1881,2025-11-08,Landing,1
1881,2025-11-03,Browse,2
1882,2025-03-06,Landing,1
1882,2025-03-14,Browse,2
1882,2025-03-16,Product View,3
1882,2025-03-12,Add to Cart,4
1882,2025-03-06,Checkout,5
1883,2025-09-10,Landing,1
1883,2025-09-12,Browse,2
1883,2025-09-02,Product View,3
1884,2025-06-27,Landing,1
1884,2025-06-24,Browse,2
1884,2025-06-27,Product View,3
1884,2025-07-03,Add to Cart,4
1884,2025-06-28,Checkout,5
1885,2025-05-06,Landing,1
1886,2025-06-22,Landing,1
1887,2025-06-28,Landing,1
1887,2025-06-26,Browse,2
1887,2025-06-19,Product View,3
1888,2025-04-26,Landing,1
1888,2025-04-27,Browse,2
1888,2025-04-30,Product View,3
1888,2025-04-23,Add to Cart,4
1888,2025-04-27,Checkout,5
1889,2025-09-15,Landing,1
1889,2025-09-20,Browse,2
1889,2025-09-15,Product View,3
1889,2025-09-15,Add to Cart,4
1890,2025-09-21,Landing,1
1890,2025-09-22,Browse,2
1890,2025-09-14,Product View,3
1890,2025-09-12,Add to Cart,4
1890,2025-09-14,Checkout,5
1890,2025-09-16,Purchase,6
1890,2025-09-20,Signup,7
1891,2025-03-13,Landing,1
1891,2025-03-13,Browse,2
1891,2025-03-13,Product View,3
1891,2025-03-06,Add to Cart,4
1891,2025-03-15,Checkout,5
1891,2025-03-12,Purchase,6
1891,2025-03-16,Signup,7
1892,2025-09-04,Landing,1
1893,2025-04-17,Landing,1
1894,2025-03-27,Landing,1
1894,2025-03-22,Browse,2
1895,2025-08-21,Landing,1
1895,2025-08-15,Browse,2
1895,2025-08-26,Product View,3
1896,2025-05-04,Landing,1
1897,2025-05-22,Landing,1
1897,2025-05-21,Browse,2
1897,2025-06-01,Product View,3
1897,2025-05-30,Add to Cart,4
1897,2025-05-29,Checkout,5
1898,2025-06-23,Landing,1
1898,2025-06-16,Browse,2
1898,2025-06-12,Product View,3
1898,2025-06-23,Add to Cart,4
1899,2025-11-01,Landing,1
1899,2025-11-02,Browse,2
1899,2025-10-26,Product View,3
1899,2025-10-30,Add to Cart,4
1899,2025-10-27,Checkout,5
1899,2025-10-25,Purchase,6
1899,2025-11-03,Signup,7
1900,2025-05-26,Landing,1
1900,2025-05-31,Browse,2
1901,2025-11-09,Landing,1
1901,2025-10-28,Browse,2
1901,2025-10-30,Product View,3
1901,2025-10-29,Add to Cart,4
1901,2025-11-04,Checkout,5
1901,2025-11-07,Purchase,6
1901,2025-11-07,Signup,7
1902,2025-11-07,Landing,1
1902,2025-11-08,Browse,2
1902,2025-10-29,Product View,3
1903,2025-04-21,Landing,1
1903,2025-04-24,Browse,2
1903,2025-05-01,Product View,3
1904,2025-07-18,Landing,1
1904,2025-07-14,Browse,2
1905,2025-07-19,Landing,1
1906,2025-05-23,Landing,1
1906,2025-05-17,Browse,2
1906,2025-05-24,Product View,3
1906,2025-05-15,Add to Cart,4
1906,2025-05-24,Checkout,5
1906,2025-05-24,Purchase,6
1906,2025-05-27,Signup,7
1907,2025-04-06,Landing,1
1908,2025-03-18,Landing,1
1908,2025-03-15,Browse,2
1908,2025-03-08,Product View,3
1909,2025-08-15,Landing,1
1910,2025-11-14,Landing,1
1910,2025-11-14,Browse,2
1910,2025-11-09,Product View,3
1910,2025-11-08,Add to Cart,4
1910,2025-11-11,Checkout,5
1911,2025-03-23,Landing,1
1912,2025-10-31,Landing,1
1912,2025-10-20,Browse,2
1912,2025-10-20,Product View,3
1912,2025-10-28,Add to Cart,4
1912,2025-11-01,Checkout,5
1912,2025-10-20,Purchase,6
1912,2025-11-01,Signup,7
1913,2025-08-08,Landing,1
1913,2025-07-28,Browse,2
1913,2025-07-30,Product View,3
1913,2025-08-04,Add to Cart,4
1914,2025-09-10,Landing,1
1914,2025-09-04,Browse,2
1914,2025-09-13,Product View,3
1915,2025-10-27,Landing,1
1915,2025-10-31,Browse,2
1915,2025-10-22,Product View,3
1915,2025-10-28,Add to Cart,4
1915,2025-10-19,Checkout,5
1915,2025-10-19,Purchase,6
1916,2025-11-28,Landing,1
1916,2025-12-02,Browse,2
1916,2025-12-01,Product View,3
1917,2025-12-10,Landing,1
1918,2025-08-01,Landing,1
1919,2025-10-10,Landing,1
1919,2025-10-17,Browse,2
1919,2025-10-18,Product View,3
1920,2025-05-18,Landing,1
1920,2025-05-16,Browse,2
1921,2025-10-15,Landing,1
1921,2025-10-16,Browse,2
1922,2025-11-10,Landing,1
1923,2025-08-30,Landing,1
1923,2025-09-12,Browse,2
1923,2025-09-04,Product View,3
1923,2025-09-08,Add to Cart,4
1924,2025-03-16,Landing,1
1924,2025-03-16,Browse,2
1924,2025-03-09,Product View,3
1925,2025-04-22,Landing,1
1925,2025-04-26,Browse,2
1926,2025-06-06,Landing,1
1926,2025-06-04,Browse,2
1926,2025-06-08,Product View,3
1926,2025-05-31,Add to Cart,4
1926,2025-06-01,Checkout,5
1927,2025-07-11,Landing,1
1928,2025-05-15,Landing,1
1929,2025-12-14,Landing,1
1930,2025-05-24,Landing,1
1930,2025-05-21,Browse,2
1931,2025-11-02,Landing,1
1931,2025-11-01,Browse,2
1931,2025-11-03,Product View,3
1931,2025-10-28,Add to Cart,4
1931,2025-11-01,Checkout,5
1932,2025-09-01,Landing,1
1932,2025-09-01,Browse,2
1932,2025-09-10,Product View,3
1932,2025-08-30,Add to Cart,4
1932,2025-09-09,Checkout,5
1932,2025-09-07,Purchase,6
1933,2025-12-05,Landing,1
1934,2025-08-24,Landing,1
1934,2025-08-31,Browse,2
1934,2025-09-01,Product View,3
1935,2025-03-23,Landing,1
1935,2025-03-28,Browse,2
1936,2025-10-13,Landing,1
1936,2025-10-17,Browse,2
1937,2025-03-25,Landing,1
1938,2025-08-18,Landing,1
1938,2025-08-24,Browse,2
1939,2025-11-25,Landing,1
1939,2025-12-06,Browse,2
1940,2025-05-31,Landing,1
1941,2025-12-18,Landing,1
1941,2025-12-16,Browse,2
1942,2025-05-20,Landing,1
1942,2025-05-29,Browse,2
1942,2025-05-24,Product View,3
1942,2025-05-27,Add to Cart,4
1943,2025-08-09,Landing,1
1944,2025-04-26,Landing,1
1944,2025-05-03,Browse,2
1945,2025-08-31,Landing,1
1945,2025-09-04,Browse,2
1945,2025-08-28,Product View,3
1945,2025-09-05,Add to Cart,4
1946,2025-11-28,Landing,1
1946,2025-11-19,Browse,2
1946,2025-11-18,Product View,3
1946,2025-11-29,Add to Cart,4
1946,2025-11-23,Checkout,5
1947,2025-03-26,Landing,1
1947,2025-04-03,Browse,2
1947,2025-03-29,Product View,3
1947,2025-03-29,Add to Cart,4
1947,2025-04-01,Checkout,5
1948,2025-12-23,Landing,1
1948,2025-12-17,Browse,2
1948,2025-12-20,Product View,3
1949,2025-11-04,Landing,1
1950,2025-09-15,Landing,1
1951,2025-12-08,Landing,1
1951,2025-12-08,Browse,2
1951,2025-12-14,Product View,3
1951,2025-12-03,Add to Cart,4
1952,2025-12-03,Landing,1
1952,2025-11-22,Browse,2
1952,2025-12-02,Product View,3
1953,2025-06-06,Landing,1
1953,2025-06-06,Browse,2
1953,2025-06-15,Product View,3
1953,2025-06-03,Add to Cart,4
1953,2025-06-10,Checkout,5
1953,2025-06-09,Purchase,6
1954,2025-08-17,Landing,1
1955,2025-03-14,Landing,1
1955,2025-03-17,Browse,2
1956,2025-11-02,Landing,1
1957,2025-06-08,Landing,1
1957,2025-06-19,Browse,2
1957,2025-06-11,Product View,3
1957,2025-06-07,Add to Cart,4
1957,2025-06-12,Checkout,5
1957,2025-06-14,Purchase,6
1957,2025-06-18,Signup,7
1958,2025-03-22,Landing,1
1959,2025-04-08,Landing,1
1959,2025-04-14,Browse,2
1959,2025-04-05,Product View,3
1959,2025-04-13,Add to Cart,4
1959,2025-04-08,Checkout,5
1959,2025-04-11,Purchase,6
1960,2025-04-11,Landing,1
1960,2025-03-31,Browse,2
1961,2025-06-26,Landing,1
1962,2025-11-24,Landing,1
1963,2025-11-09,Landing,1
1963,2025-11-01,Browse,2
1964,2025-06-07,Landing,1
1964,2025-06-16,Browse,2
1964,2025-06-16,Product View,3
1965,2025-03-26,Landing,1
1965,2025-03-31,Browse,2
1965,2025-04-05,Product View,3
1966,2025-12-04,Landing,1
1966,2025-12-04,Browse,2
1966,2025-12-03,Product View,3
1966,2025-12-03,Add to Cart,4
1967,2025-07-15,Landing,1
1967,2025-07-19,Browse,2
1968,2025-07-10,Landing,1
1968,2025-07-10,Browse,2
1968,2025-07-03,Product View,3
1968,2025-07-06,Add to Cart,4
1968,2025-07-06,Checkout,5
1969,2025-06-21,Landing,1
1969,2025-06-21,Browse,2
1970,2025-11-19,Landing,1
1970,2025-11-20,Browse,2
1970,2025-11-16,Product View,3
1970,2025-11-28,Add to Cart,4
1971,2025-10-16,Landing,1
1971,2025-10-24,Browse,2
1971,2025-10-26,Product View,3
1971,2025-10-24,Add to Cart,4
1971,2025-10-26,Checkout,5
1971,2025-10-21,Purchase,6
1971,2025-10-20,Signup,7
1972,2025-04-20,Landing,1
1972,2025-05-01,Browse,2
1972,2025-05-02,Product View,3
1973,2025-03-24,Landing,1
1974,2025-05-14,Landing,1
1974,2025-05-05,Browse,2
1974,2025-05-10,Product View,3
1974,2025-05-04,Add to Cart,4
1974,2025-05-10,Checkout,5
1974,2025-05-11,Purchase,6
1974,2025-05-08,Signup,7
1975,2025-06-23,Landing,1
1976,2025-10-01,Landing,1
1976,2025-09-30,Browse,2
1976,2025-09-28,Product View,3
1977,2025-09-05,Landing,1
1977,2025-09-12,Browse,2
1977,2025-09-11,Product View,3
1977,2025-09-03,Add to Cart,4
1978,2025-08-05,Landing,1
1978,2025-08-16,Browse,2
1978,2025-08-07,Product View,3
1978,2025-08-04,Add to Cart,4
1978,2025-08-11,Checkout,5
1979,2025-11-15,Landing,1
1979,2025-11-18,Browse,2
1979,2025-11-27,Product View,3
1979,2025-11-22,Add to Cart,4
1979,2025-11-14,Checkout,5
1979,2025-11-14,Purchase,6
1979,2025-11-21,Signup,7
1980,2025-05-03,Landing,1
1981,2025-10-26,Landing,1
1981,2025-10-22,Browse,2
1982,2025-10-02,Landing,1
1982,2025-09-23,Browse,2
1982,2025-09-22,Product View,3
1983,2025-06-27,Landing,1
1984,2025-09-14,Landing,1
1984,2025-09-09,Browse,2
1984,2025-09-13,Product View,3
1984,2025-09-11,Add to Cart,4
1985,2025-07-19,Landing,1
1985,2025-07-17,Browse,2
1986,2025-06-19,Landing,1
1986,2025-06-13,Browse,2
1986,2025-06-16,Product View,3
1987,2025-09-17,Landing,1
1987,2025-09-17,Browse,2
1988,2025-08-10,Landing,1
1988,2025-08-12,Browse,2
1988,2025-08-16,Product View,3
1988,2025-08-15,Add to Cart,4
1988,2025-08-09,Checkout,5
1989,2025-06-24,Landing,1
1989,2025-06-23,Browse,2
1990,2025-04-04,Landing,1
1990,2025-04-11,Browse,2
1990,2025-04-11,Product View,3
1990,2025-04-14,Add to Cart,4
1990,2025-04-03,Checkout,5
1990,2025-04-04,Purchase,6
1991,2025-12-18,Landing,1
1991,2025-12-22,Browse,2
1991,2025-12-23,Product View,3
1992,2025-05-06,Landing,1
1992,2025-05-02,Browse,2
1992,2025-05-12,Product View,3
1993,2025-07-22,Landing,1
1993,2025-07-30,Browse,2
1994,2025-06-13,Landing,1
1994,2025-06-20,Browse,2
1994,2025-06-10,Product View,3
1995,2025-08-18,Landing,1
1995,2025-08-18,Browse,2
1996,2025-07-28,Landing,1
1996,2025-07-30,Browse,2
1996,2025-07-31,Product View,3
1996,2025-07-31,Add to Cart,4
1996,2025-07-27,Checkout,5
1996,2025-08-01,Purchase,6
1996,2025-07-24,Signup,7
1997,2025-03-21,Landing,1
1997,2025-03-27,Browse,2
1998,2025-09-27,Landing,1
1998,2025-10-07,Browse,2
1999,2025-03-16,Landing,1
2000,2025-03-13,Landing,1
2000,2025-03-20,Browse,2
2000,2025-03-26,Product View,3
2000,2025-03-16,Add to Cart,4
2001,2025-03-10,Landing,1
2001,2025-03-12,Browse,2
2002,2025-04-25,Landing,1
2003,2025-09-20,Landing,1
2004,2025-08-29,Landing,1
2004,2025-09-02,Browse,2
2005,2025-10-08,Landing,1
2006,2025-10-29,Landing,1
2006,2025-11-07,Browse,2
2007,2025-09-03,Landing,1
2008,2025-03-15,Landing,1
2008,2025-03-14,Browse,2
2008,2025-03-20,Product View,3
2008,2025-03-17,Add to Cart,4
2008,2025-03-17,Checkout,5
2009,2025-07-30,Landing,1
2010,2025-04-12,Landing,1
2010,2025-04-10,Browse,2
2010,2025-04-11,Product View,3
2011,2025-04-14,Landing,1
2011,2025-04-13,Browse,2
2012,2025-05-16,Landing,1
2013,2025-05-29,Landing,1
2014,2025-11-18,Landing,1
2015,2025-09-22,Landing,1
2015,2025-09-21,Browse,2
2015,2025-09-23,Product View,3
2015,2025-09-25,Add to Cart,4
2015,2025-09-19,Checkout,5
2016,2025-12-06,Landing,1
2016,2025-11-27,Browse,2
2016,2025-11-29,Product View,3
2017,2025-03-12,Landing,1
2017,2025-03-10,Browse,2
2018,2025-10-29,Landing,1
2018,2025-10-26,Browse,2
2019,2025-10-30,Landing,1
2019,2025-10-28,Browse,2
2019,2025-10-23,Product View,3
2019,2025-11-02,Add to Cart,4
2020,2025-10-25,Landing,1
2020,2025-10-25,Browse,2
2021,2025-04-14,Landing,1
2022,2025-07-11,Landing,1
2022,2025-07-06,Browse,2
2022,2025-07-11,Product View,3
2022,2025-07-13,Add to Cart,4
2023,2025-04-02,Landing,1
2024,2025-09-04,Landing,1
2024,2025-08-26,Browse,2
2024,2025-09-02,Product View,3
2025,2025-05-07,Landing,1
2025,2025-05-05,Browse,2
2025,2025-04-30,Product View,3
2025,2025-05-02,Add to Cart,4
2025,2025-05-03,Checkout,5
2025,2025-04-26,Purchase,6
2025,2025-04-30,Signup,7
2026,2025-09-27,Landing,1
2026,2025-09-22,Browse,2
2027,2025-07-12,Landing,1
2028,2025-07-31,Landing,1
2028,2025-07-26,Browse,2
2028,2025-07-23,Product View,3
2028,2025-07-25,Add to Cart,4
2028,2025-07-25,Checkout,5
2029,2025-09-23,Landing,1
2029,2025-09-25,Browse,2
2029,2025-09-15,Product View,3
2030,2025-11-04,Landing,1
2030,2025-11-06,Browse,2
2030,2025-11-03,Product View,3
2030,2025-10-30,Add to Cart,4
2030,2025-11-11,Checkout,5
2030,2025-11-09,Purchase,6
2031,2025-06-01,Landing,1
2031,2025-06-08,Browse,2
2031,2025-06-07,Product View,3
2031,2025-06-02,Add to Cart,4
2032,2025-11-01,Landing,1
2032,2025-11-11,Browse,2
2032,2025-11-06,Product View,3
2032,2025-11-05,Add to Cart,4
2032,2025-11-10,Checkout,5
2032,2025-11-08,Purchase,6
2032,2025-11-04,Signup,7
2033,2025-10-21,Landing,1
2033,2025-10-27,Browse,2
2033,2025-10-22,Product View,3
2034,2025-12-08,Landing,1
2035,2025-09-26,Landing,1
2035,2025-09-28,Browse,2
2035,2025-10-04,Product View,3
2036,2025-06-29,Landing,1
2036,2025-06-16,Browse,2
2037,2025-10-14,Landing,1
2037,2025-10-07,Browse,2
2037,2025-10-04,Product View,3
2038,2025-08-02,Landing,1
2038,2025-08-03,Browse,2
2038,2025-08-03,Product View,3
2038,2025-07-29,Add to Cart,4
2038,2025-08-03,Checkout,5
2038,2025-07-26,Purchase,6
2038,2025-08-01,Signup,7
2039,2025-06-20,Landing,1
2039,2025-06-16,Browse,2
2039,2025-06-20,Product View,3
2040,2025-09-23,Landing,1
2041,2025-08-14,Landing,1
2041,2025-08-14,Browse,2
2042,2025-09-12,Landing,1
2043,2025-05-28,Landing,1
2043,2025-05-28,Browse,2
2043,2025-05-28,Product View,3
2043,2025-06-05,Add to Cart,4
2043,2025-06-01,Checkout,5
2044,2025-07-24,Landing,1
2044,2025-07-20,Browse,2
2044,2025-07-19,Product View,3
2044,2025-07-23,Add to Cart,4
2045,2025-08-03,Landing,1
2045,2025-08-11,Browse,2
2045,2025-08-03,Product View,3
2045,2025-08-02,Add to Cart,4
2045,2025-08-08,Checkout,5
2046,2025-11-16,Landing,1
2047,2025-04-14,Landing,1
2048,2025-10-22,Landing,1
2048,2025-10-18,Browse,2
2048,2025-10-21,Product View,3
2048,2025-10-16,Add to Cart,4
2048,2025-10-22,Checkout,5
2049,2025-06-13,Landing,1
2050,2025-08-17,Landing,1
2050,2025-08-09,Browse,2
2050,2025-08-09,Product View,3
2050,2025-08-13,Add to Cart,4
2051,2025-03-30,Landing,1
2051,2025-04-02,Browse,2
2052,2025-07-03,Landing,1
2052,2025-06-28,Browse,2
2052,2025-07-05,Product View,3
2052,2025-06-29,Add to Cart,4
2052,2025-06-26,Checkout,5
2053,2025-04-19,Landing,1
2053,2025-04-08,Browse,2
2053,2025-04-07,Product View,3
2053,2025-04-14,Add to Cart,4
2053,2025-04-09,Checkout,5
2053,2025-04-10,Purchase,6
2054,2025-04-21,Landing,1
2054,2025-04-23,Browse,2
2054,2025-05-01,Product View,3
2054,2025-05-01,Add to Cart,4
2054,2025-04-21,Checkout,5
2054,2025-04-24,Purchase,6
2054,2025-04-27,Signup,7
2055,2025-12-11,Landing,1
2055,2025-12-10,Browse,2
2055,2025-12-06,Product View,3
2055,2025-12-11,Add to Cart,4
2055,2025-12-06,Checkout,5
2055,2025-12-08,Purchase,6
2055,2025-12-09,Signup,7
2056,2025-03-17,Landing,1
2056,2025-03-21,Browse,2
2056,2025-03-20,Product View,3
2056,2025-03-19,Add to Cart,4
2056,2025-03-16,Checkout,5
2056,2025-03-26,Purchase,6
2057,2025-06-13,Landing,1
2057,2025-06-08,Browse,2
2057,2025-06-20,Product View,3
2057,2025-06-20,Add to Cart,4
2057,2025-06-12,Checkout,5
2057,2025-06-13,Purchase,6
2057,2025-06-10,Signup,7
2058,2025-10-11,Landing,1
2058,2025-10-16,Browse,2
2058,2025-10-10,Product View,3
2059,2025-10-23,Landing,1
2060,2025-09-05,Landing,1
2060,2025-09-02,Browse,2
2060,2025-09-01,Product View,3
2061,2025-03-20,Landing,1
2062,2025-12-21,Landing,1
2062,2025-12-20,Browse,2
2062,2025-12-17,Product View,3
2062,2025-12-27,Add to Cart,4
2062,2025-12-18,Checkout,5
2063,2025-07-15,Landing,1
2064,2025-09-23,Landing,1
2065,2025-08-27,Landing,1
2065,2025-09-01,Browse,2
2066,2025-09-18,Landing,1
2067,2025-06-28,Landing,1
2067,2025-07-05,Browse,2
2068,2025-09-08,Landing,1
2068,2025-09-04,Browse,2
2069,2025-09-18,Landing,1
2070,2025-09-05,Landing,1
2070,2025-09-06,Browse,2
2070,2025-09-06,Product View,3
2070,2025-09-04,Add to Cart,4
2071,2025-04-02,Landing,1
2072,2025-04-20,Landing,1
2072,2025-04-14,Browse,2
2073,2025-03-18,Landing,1
2073,2025-03-23,Browse,2
2073,2025-03-17,Product View,3
2073,2025-03-14,Add to Cart,4
2074,2025-09-02,Landing,1
2074,2025-09-06,Browse,2
2074,2025-09-03,Product View,3
2075,2025-06-12,Landing,1
2075,2025-06-17,Browse,2
2076,2025-08-15,Landing,1
2077,2025-11-24,Landing,1
2077,2025-11-19,Browse,2
2078,2025-10-09,Landing,1
2078,2025-10-03,Browse,2
2078,2025-10-02,Product View,3
2078,2025-09-30,Add to Cart,4
2078,2025-09-28,Checkout,5
2079,2025-04-30,Landing,1
2080,2025-05-17,Landing,1
2080,2025-05-12,Browse,2
2080,2025-05-08,Product View,3
2080,2025-05-19,Add to Cart,4
2081,2025-11-16,Landing,1
2081,2025-11-11,Browse,2
2081,2025-11-11,Product View,3
2081,2025-11-16,Add to Cart,4
2082,2025-10-11,Landing,1
2082,2025-10-16,Browse,2
2082,2025-10-14,Product View,3
2082,2025-10-15,Add to Cart,4
2083,2025-05-24,Landing,1
2083,2025-06-02,Browse,2
2083,2025-06-01,Product View,3
2083,2025-05-22,Add to Cart,4
2084,2025-06-01,Landing,1
2085,2025-08-31,Landing,1
2085,2025-09-04,Browse,2
2085,2025-09-01,Product View,3
2086,2025-05-20,Landing,1
2086,2025-05-18,Browse,2
2087,2025-07-20,Landing,1
2087,2025-07-22,Browse,2
2088,2025-07-10,Landing,1
2088,2025-07-05,Browse,2
2088,2025-07-17,Product View,3
2088,2025-07-11,Add to Cart,4
2088,2025-07-10,Checkout,5
2089,2025-09-06,Landing,1
2089,2025-09-09,Browse,2
2089,2025-09-09,Product View,3
2089,2025-09-10,Add to Cart,4
2090,2025-10-30,Landing,1
2091,2025-12-14,Landing,1
2091,2025-12-14,Browse,2
2092,2025-08-12,Landing,1
2092,2025-08-10,Browse,2
2092,2025-08-05,Product View,3
2093,2025-06-16,Landing,1
2093,2025-06-16,Browse,2
2093,2025-06-15,Product View,3
2094,2025-06-26,Landing,1
2094,2025-06-28,Browse,2
2094,2025-06-28,Product View,3
2094,2025-07-07,Add to Cart,4
2095,2025-03-29,Landing,1
2095,2025-04-03,Browse,2
2095,2025-04-03,Product View,3
2096,2025-11-14,Landing,1
2096,2025-11-09,Browse,2
2097,2025-09-06,Landing,1
2098,2025-03-17,Landing,1
2098,2025-03-19,Browse,2
2099,2025-08-21,Landing,1
2099,2025-08-18,Browse,2
2099,2025-08-16,Product View,3
2099,2025-08-16,Add to Cart,4
2099,2025-08-13,Checkout,5
2099,2025-08-11,Purchase,6
2099,2025-08-19,Signup,7
2100,2025-11-23,Landing,1
2100,2025-11-23,Browse,2
2100,2025-11-28,Product View,3
2100,2025-11-17,Add to Cart,4
2101,2025-11-23,Landing,1
2101,2025-11-17,Browse,2
2101,2025-11-22,Product View,3
2102,2025-12-01,Landing,1
2102,2025-11-25,Browse,2
2102,2025-11-26,Product View,3
2102,2025-11-27,Add to Cart,4
2102,2025-11-26,Checkout,5
2102,2025-12-04,Purchase,6
2103,2025-07-11,Landing,1
2103,2025-07-07,Browse,2
2103,2025-07-06,Product View,3
2103,2025-07-05,Add to Cart,4
2103,2025-07-03,Checkout,5
2104,2025-10-24,Landing,1
2104,2025-10-24,Browse,2
2105,2025-10-09,Landing,1
2105,2025-10-13,Browse,2
2105,2025-10-10,Product View,3
2106,2025-09-08,Landing,1
2106,2025-09-11,Browse,2
2107,2025-11-15,Landing,1
2107,2025-11-18,Browse,2
2107,2025-11-14,Product View,3
2108,2025-10-09,Landing,1
2109,2025-03-24,Landing,1
2109,2025-03-22,Browse,2
2110,2025-05-20,Landing,1
2110,2025-05-19,Browse,2
2110,2025-05-17,Product View,3
2111,2025-05-24,Landing,1
2111,2025-05-15,Browse,2
2111,2025-05-14,Product View,3
2111,2025-05-24,Add to Cart,4
2111,2025-05-13,Checkout,5
2112,2025-06-11,Landing,1
2112,2025-06-13,Browse,2
2113,2025-09-17,Landing,1
2113,2025-09-18,Browse,2
2114,2025-04-07,Landing,1
2114,2025-04-01,Browse,2
2114,2025-03-27,Product View,3
2114,2025-04-04,Add to Cart,4
2114,2025-04-05,Checkout,5
2114,2025-04-02,Purchase,6
2114,2025-04-08,Signup,7
2115,2025-09-16,Landing,1
2115,2025-09-11,Browse,2
2115,2025-09-10,Product View,3
2116,2025-06-30,Landing,1
2116,2025-06-28,Browse,2
2116,2025-06-22,Product View,3
2116,2025-06-23,Add to Cart,4
2116,2025-06-24,Checkout,5
2116,2025-07-02,Purchase,6
2116,2025-06-24,Signup,7
2117,2025-08-12,Landing,1
2118,2025-11-29,Landing,1
2119,2025-05-29,Landing,1
2119,2025-05-28,Browse,2
2120,2025-10-14,Landing,1
2121,2025-12-16,Landing,1
2122,2025-03-14,Landing,1
2123,2025-05-04,Landing,1
2123,2025-05-08,Browse,2
2123,2025-05-08,Product View,3
2123,2025-04-28,Add to Cart,4
2123,2025-05-01,Checkout,5
2123,2025-05-03,Purchase,6
2123,2025-04-27,Signup,7
2124,2025-05-16,Landing,1
2124,2025-05-14,Browse,2
2124,2025-05-05,Product View,3
2125,2025-04-12,Landing,1
2125,2025-04-02,Browse,2
2125,2025-04-10,Product View,3
2125,2025-04-12,Add to Cart,4
2125,2025-04-04,Checkout,5
2126,2025-10-02,Landing,1
2126,2025-10-09,Browse,2
2126,2025-09-27,Product View,3
2126,2025-10-04,Add to Cart,4
2126,2025-09-27,Checkout,5
2126,2025-09-27,Purchase,6
2127,2025-06-08,Landing,1
2127,2025-06-07,Browse,2
2127,2025-06-01,Product View,3
2128,2025-09-06,Landing,1
2129,2025-04-06,Landing,1
2129,2025-04-02,Browse,2
2129,2025-04-10,Product View,3
2130,2025-04-28,Landing,1
2130,2025-04-20,Browse,2
2131,2025-08-09,Landing,1
2132,2025-06-29,Landing,1
2133,2025-10-15,Landing,1
2133,2025-10-13,Browse,2
2133,2025-10-13,Product View,3
2133,2025-10-21,Add to Cart,4
2133,2025-10-19,Checkout,5
2134,2025-10-02,Landing,1
2134,2025-10-04,Browse,2
2134,2025-10-08,Product View,3
2134,2025-10-04,Add to Cart,4
2135,2025-05-22,Landing,1
2135,2025-05-27,Browse,2
2135,2025-05-24,Product View,3
2136,2025-04-16,Landing,1
2136,2025-04-19,Browse,2
2137,2025-12-09,Landing,1
2137,2025-12-14,Browse,2
2138,2025-03-06,Landing,1
2138,2025-03-08,Browse,2
2138,2025-03-19,Product View,3
2138,2025-03-17,Add to Cart,4
2138,2025-03-08,Checkout,5
2139,2025-12-19,Landing,1
2139,2025-12-14,Browse,2
2140,2025-03-17,Landing,1
2141,2025-11-26,Landing,1
2141,2025-11-26,Browse,2
2141,2025-11-30,Product View,3
2141,2025-11-18,Add to Cart,4
2141,2025-11-28,Checkout,5
2141,2025-11-20,Purchase,6
2141,2025-11-18,Signup,7
2142,2025-07-27,Landing,1
2142,2025-08-02,Browse,2
2142,2025-07-28,Product View,3
2142,2025-08-02,Add to Cart,4
2143,2025-07-10,Landing,1
2143,2025-07-14,Browse,2
2144,2025-05-27,Landing,1
2144,2025-05-29,Browse,2
2144,2025-06-01,Product View,3
2145,2025-09-23,Landing,1
2146,2025-12-17,Landing,1
2147,2025-06-03,Landing,1
2147,2025-05-24,Browse,2
2147,2025-06-03,Product View,3
2147,2025-06-02,Add to Cart,4
2148,2025-10-23,Landing,1
2148,2025-10-31,Browse,2
2148,2025-10-23,Product View,3
2148,2025-11-01,Add to Cart,4
2149,2025-04-09,Landing,1
2149,2025-04-04,Browse,2
2150,2025-09-20,Landing,1
2151,2025-08-31,Landing,1
2151,2025-08-25,Browse,2
2151,2025-08-29,Product View,3
2151,2025-08-26,Add to Cart,4
2151,2025-08-22,Checkout,5
2151,2025-08-23,Purchase,6
2151,2025-08-27,Signup,7
2152,2025-05-17,Landing,1
2152,2025-05-16,Browse,2
2152,2025-05-13,Product View,3
2152,2025-05-22,Add to Cart,4
2153,2025-11-14,Landing,1
2154,2025-04-15,Landing,1
2154,2025-04-20,Browse,2
2154,2025-04-19,Product View,3
2155,2025-10-09,Landing,1
2155,2025-10-08,Browse,2
2156,2025-08-12,Landing,1
2156,2025-08-10,Browse,2
2156,2025-08-10,Product View,3
2156,2025-08-19,Add to Cart,4
2156,2025-08-15,Checkout,5
2157,2025-04-19,Landing,1
2157,2025-04-22,Browse,2
2157,2025-04-15,Product View,3
2157,2025-04-18,Add to Cart,4
2157,2025-04-19,Checkout,5
2157,2025-04-16,Purchase,6
2157,2025-04-26,Signup,7
2158,2025-04-06,Landing,1
2158,2025-03-29,Browse,2
2159,2025-11-21,Landing,1
2159,2025-11-16,Browse,2
2159,2025-11-25,Product View,3
2160,2025-11-19,Landing,1
2161,2025-08-24,Landing,1
2162,2025-05-24,Landing,1
2162,2025-05-18,Browse,2
2162,2025-05-22,Product View,3
2162,2025-05-18,Add to Cart,4
2162,2025-05-24,Checkout,5
2162,2025-05-22,Purchase,6
2162,2025-05-25,Signup,7
2163,2025-05-15,Landing,1
2163,2025-05-14,Browse,2
2163,2025-05-21,Product View,3
2163,2025-05-21,Add to Cart,4
2163,2025-05-16,Checkout,5
2163,2025-05-24,Purchase,6
2163,2025-05-18,Signup,7
2164,2025-09-12,Landing,1
2165,2025-07-07,Landing,1
2166,2025-10-10,Landing,1
2166,2025-09-30,Browse,2
2166,2025-10-06,Product View,3
2166,2025-10-03,Add to Cart,4
2167,2025-08-17,Landing,1
2168,2025-11-19,Landing,1
2168,2025-11-17,Browse,2
2168,2025-11-14,Product View,3
2168,2025-11-19,Add to Cart,4
2168,2025-11-21,Checkout,5
2168,2025-11-20,Purchase,6
2168,2025-11-25,Signup,7
2169,2025-07-20,Landing,1
2169,2025-07-21,Browse,2
2170,2025-10-12,Landing,1
2170,2025-10-14,Browse,2
2171,2025-10-16,Landing,1
2172,2025-05-23,Landing,1
2172,2025-05-27,Browse,2
2173,2025-05-07,Landing,1
2173,2025-05-08,Browse,2
2173,2025-04-25,Product View,3
2174,2025-10-10,Landing,1
2175,2025-12-15,Landing,1
2176,2025-05-06,Landing,1
2176,2025-04-27,Browse,2
2176,2025-05-03,Product View,3
2177,2025-10-16,Landing,1
2177,2025-10-09,Browse,2
2177,2025-10-16,Product View,3
2178,2025-12-04,Landing,1
2179,2025-06-18,Landing,1
2179,2025-06-30,Browse,2
2179,2025-06-22,Product View,3
2179,2025-06-27,Add to Cart,4
2180,2025-12-17,Landing,1
2180,2025-12-27,Browse,2
2181,2025-10-10,Landing,1
2181,2025-10-04,Browse,2
2181,2025-10-16,Product View,3
2181,2025-10-10,Add to Cart,4
2181,2025-10-08,Checkout,5
2181,2025-10-11,Purchase,6
2181,2025-10-11,Signup,7
2182,2025-08-10,Landing,1
2182,2025-08-09,Browse,2
2183,2025-06-17,Landing,1
2184,2025-05-26,Landing,1
2185,2025-06-05,Landing,1
2185,2025-06-01,Browse,2
2185,2025-05-30,Product View,3
2185,2025-06-05,Add to Cart,4
2185,2025-05-27,Checkout,5
2185,2025-06-04,Purchase,6
2185,2025-05-27,Signup,7
2186,2025-06-06,Landing,1
2186,2025-06-07,Browse,2
2187,2025-03-15,Landing,1
2188,2025-03-11,Landing,1
2188,2025-03-07,Browse,2
2188,2025-03-03,Product View,3
2188,2025-03-04,Add to Cart,4
2188,2025-03-09,Checkout,5
2188,2025-03-11,Purchase,6
2189,2025-11-06,Landing,1
2189,2025-11-11,Browse,2
2189,2025-11-12,Product View,3
2190,2025-10-25,Landing,1
2191,2025-06-14,Landing,1
2191,2025-06-17,Browse,2
2192,2025-11-18,Landing,1
2192,2025-11-21,Browse,2
2192,2025-11-16,Product View,3
2192,2025-11-20,Add to Cart,4
2192,2025-11-21,Checkout,5
2193,2025-03-07,Landing,1
2194,2025-04-04,Landing,1
2194,2025-03-31,Browse,2
2194,2025-03-27,Product View,3
2194,2025-03-31,Add to Cart,4
2195,2025-06-04,Landing,1
2196,2025-04-12,Landing,1
2197,2025-07-14,Landing,1
2198,2025-05-11,Landing,1
2198,2025-05-22,Browse,2
2198,2025-05-23,Product View,3
2198,2025-05-21,Add to Cart,4
2199,2025-05-29,Landing,1
2199,2025-05-24,Browse,2
2199,2025-06-01,Product View,3
2200,2025-12-04,Landing,1
2201,2025-09-22,Landing,1
2201,2025-09-12,Browse,2
2201,2025-09-10,Product View,3
2201,2025-09-13,Add to Cart,4
2201,2025-09-17,Checkout,5
2202,2025-05-27,Landing,1
2202,2025-06-01,Browse,2
2202,2025-06-03,Product View,3
2202,2025-05-23,Add to Cart,4
2203,2025-09-07,Landing,1
2203,2025-08-27,Browse,2
2203,2025-09-02,Product View,3
2203,2025-08-26,Add to Cart,4
2203,2025-08-27,Checkout,5
2204,2025-12-15,Landing,1
2204,2025-12-25,Browse,2
2204,2025-12-19,Product View,3
2204,2025-12-22,Add to Cart,4
2204,2025-12-21,Checkout,5
2204,2025-12-17,Purchase,6
2204,2025-12-15,Signup,7
2205,2025-04-18,Landing,1
2205,2025-04-29,Browse,2
2205,2025-04-23,Product View,3
2205,2025-04-27,Add to Cart,4
2205,2025-04-25,Checkout,5
2206,2025-05-11,Landing,1
2206,2025-05-13,Browse,2
2206,2025-05-04,Product View,3
2206,2025-05-06,Add to Cart,4
2206,2025-05-13,Checkout,5
2207,2025-12-01,Landing,1
2207,2025-12-12,Browse,2
2207,2025-12-08,Product View,3
2207,2025-12-08,Add to Cart,4
2207,2025-12-12,Checkout,5
2207,2025-12-08,Purchase,6
2208,2025-11-19,Landing,1
2208,2025-11-23,Browse,2
2208,2025-11-25,Product View,3
2209,2025-05-28,Landing,1
2209,2025-06-10,Browse,2
2209,2025-06-05,Product View,3
2209,2025-06-01,Add to Cart,4
2210,2025-07-25,Landing,1
2210,2025-07-30,Browse,2
2210,2025-07-25,Product View,3
2210,2025-07-21,Add to Cart,4
2210,2025-07-24,Checkout,5
2210,2025-07-18,Purchase,6
2211,2025-05-17,Landing,1
2211,2025-05-12,Browse,2
2212,2025-08-16,Landing,1
2212,2025-08-13,Browse,2
2213,2025-11-22,Landing,1
2213,2025-11-25,Browse,2
2213,2025-11-30,Product View,3
2213,2025-11-27,Add to Cart,4
2214,2025-12-19,Landing,1
2214,2025-12-16,Browse,2
2214,2025-12-21,Product View,3
2214,2025-12-17,Add to Cart,4
2214,2025-12-23,Checkout,5
2215,2025-11-29,Landing,1
2215,2025-12-03,Browse,2
2215,2025-12-05,Product View,3
2215,2025-12-08,Add to Cart,4
2215,2025-11-29,Checkout,5
2215,2025-12-10,Purchase,6
2216,2025-11-08,Landing,1
2216,2025-11-12,Browse,2
2217,2025-12-04,Landing,1
2218,2025-09-25,Landing,1
2219,2025-11-30,Landing,1
2220,2025-10-11,Landing,1
2221,2025-12-10,Landing,1
2222,2025-09-01,Landing,1
2222,2025-08-28,Browse,2
2223,2025-07-21,Landing,1
2223,2025-07-23,Browse,2
2224,2025-03-08,Landing,1
2224,2025-03-14,Browse,2
2224,2025-03-17,Product View,3
2224,2025-03-10,Add to Cart,4
2224,2025-03-16,Checkout,5
2225,2025-05-08,Landing,1
2225,2025-05-11,Browse,2
2225,2025-05-15,Product View,3
2226,2025-07-31,Landing,1
2226,2025-07-23,Browse,2
2226,2025-07-30,Product View,3
2226,2025-07-29,Add to Cart,4
2226,2025-07-24,Checkout,5
2227,2025-07-07,Landing,1
2228,2025-05-31,Landing,1
2229,2025-12-11,Landing,1
2229,2025-12-07,Browse,2
2229,2025-12-05,Product View,3
2229,2025-12-06,Add to Cart,4
2229,2025-12-10,Checkout,5
2230,2025-04-25,Landing,1
2231,2025-04-10,Landing,1
2231,2025-04-14,Browse,2
2232,2025-03-10,Landing,1
2232,2025-03-14,Browse,2
2232,2025-03-05,Product View,3
2232,2025-03-09,Add to Cart,4
2233,2025-11-05,Landing,1
2234,2025-11-28,Landing,1
2234,2025-11-27,Browse,2
2235,2025-12-09,Landing,1
2235,2025-12-13,Browse,2
2235,2025-12-05,Product View,3
2235,2025-12-14,Add to Cart,4
2235,2025-12-09,Checkout,5
2236,2025-08-26,Landing,1
2236,2025-08-23,Browse,2
2237,2025-08-02,Landing,1
2237,2025-08-13,Browse,2
2237,2025-08-13,Product View,3
2237,2025-08-15,Add to Cart,4
2237,2025-08-09,Checkout,5
2238,2025-05-05,Landing,1
2238,2025-05-02,Browse,2
2238,2025-05-02,Product View,3
2239,2025-10-26,Landing,1
2240,2025-12-02,Landing,1
2240,2025-11-25,Browse,2
2240,2025-11-24,Product View,3
2240,2025-12-02,Add to Cart,4
2240,2025-12-05,Checkout,5
2241,2025-08-05,Landing,1
2241,2025-08-08,Browse,2
2241,2025-08-01,Product View,3
2242,2025-04-26,Landing,1
2242,2025-04-30,Browse,2
2242,2025-04-26,Product View,3
2242,2025-04-27,Add to Cart,4
2242,2025-05-04,Checkout,5
2243,2025-09-17,Landing,1
2243,2025-09-27,Browse,2
2243,2025-09-20,Product View,3
2244,2025-04-22,Landing,1
2244,2025-04-24,Browse,2
2245,2025-10-26,Landing,1
2246,2025-09-12,Landing,1
2246,2025-09-14,Browse,2
2247,2025-11-29,Landing,1
2247,2025-12-03,Browse,2
2248,2025-11-04,Landing,1
2249,2025-06-23,Landing,1
2249,2025-06-27,Browse,2
2249,2025-06-24,Product View,3
2249,2025-06-25,Add to Cart,4
2250,2025-09-29,Landing,1
2250,2025-10-06,Browse,2
2250,2025-09-30,Product View,3
2250,2025-09-25,Add to Cart,4
2250,2025-10-08,Checkout,5
2251,2025-09-16,Landing,1
2252,2025-07-26,Landing,1
2252,2025-07-22,Browse,2
2253,2025-09-27,Landing,1
2253,2025-10-06,Browse,2
2254,2025-04-20,Landing,1
2255,2025-12-03,Landing,1
2255,2025-11-29,Browse,2
2255,2025-12-04,Product View,3
2255,2025-11-24,Add to Cart,4
2255,2025-11-27,Checkout,5
2255,2025-11-29,Purchase,6
2256,2025-08-15,Landing,1
2256,2025-08-20,Browse,2
2256,2025-08-16,Product View,3
2256,2025-08-16,Add to Cart,4
2257,2025-05-16,Landing,1
2258,2025-11-12,Landing,1
2258,2025-11-22,Browse,2
2258,2025-11-24,Product View,3
2259,2025-09-26,Landing,1
2259,2025-10-02,Browse,2
2260,2025-08-17,Landing,1
2260,2025-08-27,Browse,2
2261,2025-03-27,Landing,1
2262,2025-06-30,Landing,1
2262,2025-06-17,Browse,2
2262,2025-06-29,Product View,3
2263,2025-06-03,Landing,1
2264,2025-05-25,Landing,1
2264,2025-05-25,Browse,2
2264,2025-05-26,Product View,3
2265,2025-11-08,Landing,1
2266,2025-08-22,Landing,1
2266,2025-08-30,Browse,2
2267,2025-03-04,Landing,1
2267,2025-03-13,Browse,2
2268,2025-06-21,Landing,1
2268,2025-06-18,Browse,2
2268,2025-06-27,Product View,3
2269,2025-10-04,Landing,1
2269,2025-10-03,Browse,2
2269,2025-10-11,Product View,3
2270,2025-10-08,Landing,1
2271,2025-07-12,Landing,1
2272,2025-09-22,Landing,1
2273,2025-08-01,Landing,1
2273,2025-08-03,Browse,2
2273,2025-07-30,Product View,3
2274,2025-09-16,Landing,1
2274,2025-09-07,Browse,2
2275,2025-07-21,Landing,1
2276,2025-04-08,Landing,1
2277,2025-05-03,Landing,1
2278,2025-11-29,Landing,1
2278,2025-11-24,Browse,2
2279,2025-06-27,Landing,1
2280,2025-08-24,Landing,1
2280,2025-08-20,Browse,2
2281,2025-09-26,Landing,1
2282,2025-08-10,Landing,1
2282,2025-08-08,Browse,2
2282,2025-08-06,Product View,3
2282,2025-08-15,Add to Cart,4
2282,2025-08-07,Checkout,5
2282,2025-08-13,Purchase,6
2282,2025-08-18,Signup,7
2283,2025-07-22,Landing,1
2283,2025-07-10,Browse,2
2283,2025-07-16,Product View,3
2283,2025-07-20,Add to Cart,4
2283,2025-07-09,Checkout,5
2283,2025-07-13,Purchase,6
2283,2025-07-19,Signup,7
2284,2025-06-18,Landing,1
2284,2025-06-21,Browse,2
2284,2025-06-21,Product View,3
2284,2025-06-13,Add to Cart,4
2285,2025-12-09,Landing,1
2285,2025-12-05,Browse,2
2285,2025-12-05,Product View,3
2285,2025-12-15,Add to Cart,4
2285,2025-12-07,Checkout,5
2286,2025-06-02,Landing,1
2286,2025-06-07,Browse,2
2287,2025-11-04,Landing,1
2287,2025-11-06,Browse,2
2287,2025-11-09,Product View,3
2287,2025-11-03,Add to Cart,4
2287,2025-11-09,Checkout,5
2287,2025-11-04,Purchase,6
2288,2025-06-10,Landing,1
2289,2025-04-13,Landing,1
2289,2025-04-09,Browse,2
2289,2025-04-19,Product View,3
2290,2025-06-26,Landing,1
2290,2025-06-15,Browse,2
2290,2025-06-26,Product View,3
2291,2025-07-12,Landing,1
2292,2025-07-22,Landing,1
2292,2025-07-10,Browse,2
2292,2025-07-14,Product View,3
2293,2025-04-16,Landing,1
2294,2025-05-20,Landing,1
2294,2025-05-21,Browse,2
2294,2025-05-14,Product View,3
2294,2025-05-16,Add to Cart,4
2294,2025-05-26,Checkout,5
2295,2025-07-12,Landing,1
2296,2025-06-23,Landing,1
2296,2025-06-13,Browse,2
2296,2025-06-13,Product View,3
2297,2025-06-19,Landing,1
2297,2025-06-26,Browse,2
2298,2025-10-04,Landing,1
2298,2025-09-26,Browse,2
2298,2025-09-25,Product View,3
2298,2025-09-27,Add to Cart,4
2299,2025-10-13,Landing,1
2299,2025-10-22,Browse,2
2299,2025-10-18,Product View,3
2300,2025-10-12,Landing,1
2301,2025-07-13,Landing,1
2302,2025-09-27,Landing,1
2303,2025-05-01,Landing,1
2303,2025-05-05,Browse,2
2303,2025-04-23,Product View,3
2304,2025-07-08,Landing,1
2304,2025-07-05,Browse,2
2305,2025-03-23,Landing,1
2306,2025-12-17,Landing,1
2306,2025-12-14,Browse,2
2306,2025-12-18,Product View,3
2306,2025-12-16,Add to Cart,4
2307,2025-10-04,Landing,1
2307,2025-10-14,Browse,2
2307,2025-10-13,Product View,3
2308,2025-06-11,Landing,1
2309,2025-06-11,Landing,1
2310,2025-11-16,Landing,1
2310,2025-11-19,Browse,2
2310,2025-11-17,Product View,3
2310,2025-11-20,Add to Cart,4
2310,2025-11-12,Checkout,5
2311,2025-09-14,Landing,1
2311,2025-09-14,Browse,2
2312,2025-10-28,Landing,1
2312,2025-10-26,Browse,2
2312,2025-11-07,Product View,3
2312,2025-11-05,Add to Cart,4
2312,2025-10-26,Checkout,5
2312,2025-11-04,Purchase,6
2313,2025-11-04,Landing,1
2313,2025-10-29,Browse,2
2314,2025-11-11,Landing,1
2314,2025-10-30,Browse,2
2314,2025-11-11,Product View,3
2314,2025-11-01,Add to Cart,4
2314,2025-11-06,Checkout,5
2314,2025-10-31,Purchase,6
2315,2025-08-10,Landing,1
2315,2025-08-09,Browse,2
2315,2025-08-07,Product View,3
2315,2025-08-11,Add to Cart,4
2316,2025-04-30,Landing,1
2316,2025-05-01,Browse,2
2317,2025-08-16,Landing,1
2318,2025-03-21,Landing,1
2318,2025-03-20,Browse,2
2319,2025-10-21,Landing,1
2319,2025-10-20,Browse,2
2319,2025-10-28,Product View,3
2320,2025-07-01,Landing,1
2321,2025-09-20,Landing,1
2321,2025-09-28,Browse,2
2321,2025-09-25,Product View,3
2321,2025-09-30,Add to Cart,4
2321,2025-09-19,Checkout,5
2321,2025-09-25,Purchase,6
2322,2025-05-23,Landing,1
2322,2025-05-23,Browse,2
2323,2025-09-17,Landing,1
2323,2025-09-25,Browse,2
2324,2025-12-10,Landing,1
2324,2025-12-08,Browse,2
2324,2025-11-28,Product View,3
2324,2025-11-27,Add to Cart,4
2324,2025-12-08,Checkout,5
2324,2025-11-28,Purchase,6
2325,2025-03-21,Landing,1
2325,2025-03-19,Browse,2
2325,2025-03-22,Product View,3
2326,2025-04-28,Landing,1
2326,2025-04-28,Browse,2
2327,2025-07-13,Landing,1
2327,2025-07-15,Browse,2
2327,2025-07-17,Product View,3
2328,2025-05-22,Landing,1
2329,2025-11-30,Landing,1
2330,2025-09-06,Landing,1
2330,2025-08-27,Browse,2
2331,2025-06-20,Landing,1
2331,2025-06-23,Browse,2
2332,2025-07-04,Landing,1
2332,2025-07-09,Browse,2
2332,2025-07-06,Product View,3
2332,2025-07-10,Add to Cart,4
2333,2025-07-19,Landing,1
2333,2025-07-18,Browse,2
2333,2025-07-28,Product View,3
2334,2025-05-15,Landing,1
2334,2025-05-02,Browse,2
2334,2025-05-11,Product View,3
2334,2025-05-08,Add to Cart,4
2335,2025-07-17,Landing,1
2335,2025-07-20,Browse,2
2335,2025-07-14,Product View,3
2335,2025-07-13,Add to Cart,4
2335,2025-07-15,Checkout,5
2335,2025-07-11,Purchase,6
2335,2025-07-23,Signup,7
2336,2025-03-21,Landing,1
2337,2025-09-04,Landing,1
2337,2025-08-26,Browse,2
2337,2025-08-25,Product View,3
2338,2025-10-10,Landing,1
2339,2025-08-16,Landing,1
2339,2025-08-11,Browse,2
2339,2025-08-15,Product View,3
2339,2025-08-07,Add to Cart,4
2340,2025-03-21,Landing,1
2341,2025-08-15,Landing,1
2341,2025-08-18,Browse,2
2342,2025-06-25,Landing,1
2342,2025-06-25,Browse,2
2342,2025-06-17,Product View,3
2343,2025-10-16,Landing,1
2343,2025-10-16,Browse,2
2343,2025-10-09,Product View,3
2343,2025-10-12,Add to Cart,4
2344,2025-08-30,Landing,1
2344,2025-08-27,Browse,2
2344,2025-09-01,Product View,3
2344,2025-09-03,Add to Cart,4
2345,2025-07-02,Landing,1
2346,2025-05-24,Landing,1
2346,2025-05-19,Browse,2
2346,2025-05-15,Product View,3
2346,2025-05-15,Add to Cart,4
2346,2025-05-15,Checkout,5
2346,2025-05-19,Purchase,6
2347,2025-12-11,Landing,1
2347,2025-12-17,Browse,2
2347,2025-12-20,Product View,3
2347,2025-12-11,Add to Cart,4
2347,2025-12-22,Checkout,5
2347,2025-12-16,Purchase,6
2347,2025-12-22,Signup,7
2348,2025-03-19,Landing,1
2349,2025-08-06,Landing,1
2350,2025-07-02,Landing,1
2350,2025-06-22,Browse,2
2351,2025-11-29,Landing,1
2352,2025-04-28,Landing,1
2352,2025-05-01,Browse,2
2352,2025-04-29,Product View,3
2353,2025-08-14,Landing,1
2354,2025-05-13,Landing,1
2354,2025-05-18,Browse,2
2354,2025-05-15,Product View,3
2354,2025-05-14,Add to Cart,4
2354,2025-05-12,Checkout,5
2354,2025-05-25,Purchase,6
2354,2025-05-15,Signup,7
2355,2025-03-21,Landing,1
2356,2025-04-12,Landing,1
2356,2025-04-10,Browse,2
2357,2025-07-27,Landing,1
2357,2025-07-28,Browse,2
2358,2025-09-12,Landing,1
2359,2025-07-29,Landing,1
2359,2025-07-28,Browse,2
2359,2025-08-03,Product View,3
2360,2025-06-17,Landing,1
2360,2025-06-24,Browse,2
2360,2025-06-13,Product View,3
2360,2025-06-21,Add to Cart,4
2360,2025-06-21,Checkout,5
2360,2025-06-15,Purchase,6
2361,2025-07-05,Landing,1
2362,2025-11-14,Landing,1
2362,2025-11-24,Browse,2
2363,2025-05-29,Landing,1
2363,2025-05-23,Browse,2
2363,2025-05-23,Product View,3
2363,2025-05-28,Add to Cart,4
2363,2025-05-29,Checkout,5
2364,2025-08-27,Landing,1
2365,2025-08-07,Landing,1
2365,2025-08-07,Browse,2
2365,2025-08-05,Product View,3
2365,2025-07-31,Add to Cart,4
2365,2025-08-06,Checkout,5
2366,2025-09-27,Landing,1
2367,2025-03-17,Landing,1
2368,2025-06-10,Landing,1
2368,2025-06-04,Browse,2
2368,2025-05-31,Product View,3
2368,2025-06-10,Add to Cart,4
2368,2025-05-28,Checkout,5
2368,2025-06-04,Purchase,6
2368,2025-06-06,Signup,7
2369,2025-10-31,Landing,1
2369,2025-10-31,Browse,2
2369,2025-10-27,Product View,3
2370,2025-05-11,Landing,1
2370,2025-05-14,Browse,2
2370,2025-05-12,Product View,3
2370,2025-05-03,Add to Cart,4
2371,2025-08-22,Landing,1
2372,2025-05-06,Landing,1
2372,2025-05-06,Browse,2
2373,2025-07-08,Landing,1
2373,2025-07-09,Browse,2
2373,2025-07-16,Product View,3
2374,2025-11-28,Landing,1
2375,2025-04-30,Landing,1
2376,2025-03-20,Landing,1
2377,2025-11-03,Landing,1
2377,2025-11-02,Browse,2
2378,2025-05-31,Landing,1
2378,2025-05-19,Browse,2
2379,2025-05-28,Landing,1
2379,2025-05-21,Browse,2
2379,2025-05-18,Product View,3
2379,2025-05-30,Add to Cart,4
2379,2025-05-22,Checkout,5
2379,2025-05-27,Purchase,6
2379,2025-05-30,Signup,7
2380,2025-05-22,Landing,1
2380,2025-05-17,Browse,2
2381,2025-07-29,Landing,1
2381,2025-07-19,Browse,2
2382,2025-03-04,Landing,1
2382,2025-03-02,Browse,2
2382,2025-03-13,Product View,3
2382,2025-03-02,Add to Cart,4
2382,2025-03-04,Checkout,5
2382,2025-03-11,Purchase,6
2382,2025-03-10,Signup,7
2383,2025-06-25,Landing,1
2384,2025-03-19,Landing,1
2384,2025-03-25,Browse,2
2384,2025-03-18,Product View,3
2385,2025-06-14,Landing,1
2385,2025-06-24,Browse,2
2386,2025-06-23,Landing,1
2386,2025-06-18,Browse,2
2387,2025-11-16,Landing,1
2388,2025-05-02,Landing,1
2389,2025-11-19,Landing,1
2389,2025-11-19,Browse,2
2390,2025-08-08,Landing,1
2390,2025-08-14,Browse,2
2391,2025-10-20,Landing,1
2391,2025-10-19,Browse,2
2392,2025-12-18,Landing,1
2392,2025-12-14,Browse,2
2393,2025-08-29,Landing,1
2393,2025-08-27,Browse,2
2393,2025-08-30,Product View,3
2393,2025-08-30,Add to Cart,4
2393,2025-09-02,Checkout,5
2393,2025-09-04,Purchase,6
2394,2025-12-03,Landing,1
2394,2025-11-26,Browse,2
2394,2025-12-07,Product View,3
2395,2025-09-08,Landing,1
2395,2025-09-08,Browse,2
2395,2025-09-15,Product View,3
2395,2025-09-07,Add to Cart,4
2396,2025-08-21,Landing,1
2397,2025-07-03,Landing,1
2397,2025-06-26,Browse,2
2397,2025-07-02,Product View,3
2398,2025-10-13,Landing,1
2398,2025-10-20,Browse,2
2398,2025-10-10,Product View,3
2398,2025-10-11,Add to Cart,4
2398,2025-10-19,Checkout,5
2398,2025-10-13,Purchase,6
2399,2025-03-17,Landing,1
2399,2025-03-14,Browse,2
2400,2025-10-27,Landing,1
2400,2025-10-24,Browse,2
2400,2025-10-30,Product View,3
2401,2025-12-16,Landing,1
2402,2025-03-31,Landing,1
2402,2025-04-02,Browse,2
2403,2025-07-09,Landing,1
2403,2025-06-29,Browse,2
2403,2025-06-28,Product View,3
2403,2025-07-06,Add to Cart,4
2404,2025-03-18,Landing,1
2404,2025-03-21,Browse,2
2404,2025-03-17,Product View,3
2404,2025-03-20,Add to Cart,4
2404,2025-03-18,Checkout,5
2405,2025-09-28,Landing,1
2405,2025-09-25,Browse,2
2406,2025-10-06,Landing,1
2406,2025-09-28,Browse,2
2407,2025-11-04,Landing,1
2408,2025-03-25,Landing,1
2408,2025-03-26,Browse,2
2408,2025-03-31,Product View,3
2408,2025-03-21,Add to Cart,4
2409,2025-06-16,Landing,1
2409,2025-06-26,Browse,2
2409,2025-06-16,Product View,3
2410,2025-12-12,Landing,1
2410,2025-12-04,Browse,2
2411,2025-05-13,Landing,1
2411,2025-05-20,Browse,2
2411,2025-05-14,Product View,3
2411,2025-05-20,Add to Cart,4
2411,2025-05-13,Checkout,5
2411,2025-05-11,Purchase,6
2412,2025-04-08,Landing,1
2412,2025-04-05,Browse,2
2413,2025-07-27,Landing,1
2414,2025-12-06,Landing,1
2414,2025-12-08,Browse,2
2415,2025-05-03,Landing,1
2416,2025-07-08,Landing,1
2416,2025-07-05,Browse,2
2417,2025-07-27,Landing,1
2417,2025-07-22,Browse,2
2417,2025-07-28,Product View,3
2417,2025-07-22,Add to Cart,4
2417,2025-07-27,Checkout,5
2417,2025-07-21,Purchase,6
2418,2025-08-02,Landing,1
2419,2025-12-09,Landing,1
2419,2025-12-10,Browse,2
2419,2025-12-05,Product View,3
2419,2025-12-05,Add to Cart,4
2420,2025-09-09,Landing,1
2420,2025-09-20,Browse,2
2421,2025-08-31,Landing,1
2421,2025-08-27,Browse,2
2422,2025-05-21,Landing,1
2422,2025-05-23,Browse,2
2423,2025-10-29,Landing,1
2424,2025-09-03,Landing,1
2424,2025-09-02,Browse,2
2425,2025-04-22,Landing,1
2426,2025-05-05,Landing,1
2426,2025-05-08,Browse,2
2427,2025-11-03,Landing,1
2427,2025-11-01,Browse,2
2428,2025-05-18,Landing,1
2428,2025-05-06,Browse,2
2428,2025-05-07,Product View,3
2429,2025-04-08,Landing,1
2430,2025-10-05,Landing,1
2431,2025-11-01,Landing,1
2431,2025-10-29,Browse,2
2432,2025-10-03,Landing,1
2432,2025-10-09,Browse,2
2432,2025-10-08,Product View,3
2432,2025-09-27,Add to Cart,4
2432,2025-10-02,Checkout,5
2432,2025-10-07,Purchase,6
2433,2025-09-22,Landing,1
2434,2025-12-23,Landing,1
2434,2025-12-27,Browse,2
2434,2025-12-23,Product View,3
2434,2025-12-17,Add to Cart,4
2434,2025-12-20,Checkout,5
2434,2025-12-21,Purchase,6
2434,2025-12-24,Signup,7
2435,2025-05-02,Landing,1
2435,2025-05-04,Browse,2
2435,2025-05-04,Product View,3
2435,2025-04-27,Add to Cart,4
2436,2025-09-16,Landing,1
2436,2025-09-21,Browse,2
2437,2025-05-13,Landing,1
2438,2025-03-21,Landing,1
2439,2025-09-23,Landing,1
2440,2025-08-25,Landing,1
2441,2025-08-09,Landing,1
2441,2025-08-09,Browse,2
2441,2025-08-03,Product View,3
2442,2025-10-23,Landing,1
2442,2025-10-25,Browse,2
2442,2025-10-30,Product View,3
2442,2025-11-01,Add to Cart,4
2443,2025-03-20,Landing,1
2444,2025-08-14,Landing,1
2444,2025-08-06,Browse,2
2444,2025-08-05,Product View,3
2444,2025-08-07,Add to Cart,4
2445,2025-05-12,Landing,1
2446,2025-12-02,Landing,1
2446,2025-12-02,Browse,2
2446,2025-12-01,Product View,3
2446,2025-11-24,Add to Cart,4
2446,2025-11-30,Checkout,5
2446,2025-11-23,Purchase,6
2446,2025-11-30,Signup,7
2447,2025-09-19,Landing,1
2448,2025-07-05,Landing,1
2448,2025-07-04,Browse,2
2448,2025-06-29,Product View,3
2448,2025-07-06,Add to Cart,4
2449,2025-06-01,Landing,1
2449,2025-06-06,Browse,2
2449,2025-06-08,Product View,3
2449,2025-06-04,Add to Cart,4
2450,2025-10-20,Landing,1
2450,2025-10-20,Browse,2
2451,2025-11-20,Landing,1
2451,2025-11-26,Browse,2
2452,2025-11-22,Landing,1
2452,2025-11-13,Browse,2
2452,2025-11-23,Product View,3
2453,2025-03-05,Landing,1
2454,2025-12-23,Landing,1
2455,2025-04-06,Landing,1
2456,2025-05-16,Landing,1
2456,2025-05-21,Browse,2
2457,2025-09-12,Landing,1
2457,2025-09-09,Browse,2
2458,2025-07-10,Landing,1
2458,2025-06-29,Browse,2
2458,2025-06-29,Product View,3
2459,2025-09-08,Landing,1
2459,2025-09-01,Browse,2
2459,2025-09-07,Product View,3
2459,2025-08-29,Add to Cart,4
2459,2025-08-29,Checkout,5
2460,2025-04-09,Landing,1
2460,2025-04-13,Browse,2
2461,2025-04-02,Landing,1
2461,2025-03-26,Browse,2
2461,2025-04-02,Product View,3
2461,2025-03-26,Add to Cart,4
2461,2025-03-31,Checkout,5
2461,2025-03-29,Purchase,6
2461,2025-04-01,Signup,7
2462,2025-05-12,Landing,1
2462,2025-05-08,Browse,2
2462,2025-05-13,Product View,3
2462,2025-05-15,Add to Cart,4
2463,2025-05-25,Landing,1
2463,2025-05-28,Browse,2
2464,2025-11-08,Landing,1
2464,2025-11-15,Browse,2
2464,2025-11-09,Product View,3
2464,2025-11-16,Add to Cart,4
2464,2025-11-10,Checkout,5
2465,2025-11-27,Landing,1
2465,2025-11-20,Browse,2
2465,2025-11-30,Product View,3
2465,2025-11-20,Add to Cart,4
2465,2025-11-30,Checkout,5
2465,2025-11-22,Purchase,6
2465,2025-11-29,Signup,7
2466,2025-07-12,Landing,1
2467,2025-09-05,Landing,1
2468,2025-07-16,Landing,1
2468,2025-07-20,Browse,2
2468,2025-07-23,Product View,3
2468,2025-07-21,Add to Cart,4
2468,2025-07-26,Checkout,5
2469,2025-12-14,Landing,1
2469,2025-12-16,Browse,2
2470,2025-06-29,Landing,1
2470,2025-06-20,Browse,2
2470,2025-06-25,Product View,3
2470,2025-06-23,Add to Cart,4
2471,2025-05-22,Landing,1
2472,2025-06-20,Landing,1
2472,2025-06-30,Browse,2
2472,2025-06-27,Product View,3
2472,2025-06-30,Add to Cart,4
2472,2025-06-27,Checkout,5
2472,2025-06-23,Purchase,6
2472,2025-06-27,Signup,7
2473,2025-04-01,Landing,1
2473,2025-04-13,Browse,2
2473,2025-04-12,Product View,3
2473,2025-04-01,Add to Cart,4
2473,2025-04-12,Checkout,5
2473,2025-04-01,Purchase,6
2474,2025-11-10,Landing,1
2474,2025-11-09,Browse,2
2475,2025-10-02,Landing,1
2475,2025-10-03,Browse,2
2475,2025-09-22,Product View,3
2476,2025-11-20,Landing,1
2476,2025-11-16,Browse,2
2477,2025-03-26,Landing,1
2477,2025-03-20,Browse,2
2477,2025-03-30,Product View,3
2477,2025-03-23,Add to Cart,4
2477,2025-03-23,Checkout,5
2478,2025-11-11,Landing,1
2478,2025-11-11,Browse,2
2479,2025-12-12,Landing,1
2479,2025-12-09,Browse,2
2479,2025-12-19,Product View,3
2479,2025-12-11,Add to Cart,4
2480,2025-04-27,Landing,1
2480,2025-04-27,Browse,2
2480,2025-05-09,Product View,3
2481,2025-03-30,Landing,1
2482,2025-08-01,Landing,1
2483,2025-06-11,Landing,1
2483,2025-06-19,Browse,2
2484,2025-09-28,Landing,1
2484,2025-09-18,Browse,2
2484,2025-09-24,Product View,3
2485,2025-04-25,Landing,1
2485,2025-04-26,Browse,2
2485,2025-05-02,Product View,3
2485,2025-04-25,Add to Cart,4
2485,2025-04-25,Checkout,5
2485,2025-04-25,Purchase,6
2486,2025-11-06,Landing,1
2486,2025-11-05,Browse,2
2486,2025-10-27,Product View,3
2486,2025-11-04,Add to Cart,4
2486,2025-11-04,Checkout,5
2487,2025-11-28,Landing,1
2487,2025-12-01,Browse,2
2488,2025-12-17,Landing,1
2488,2025-12-14,Browse,2
2488,2025-12-17,Product View,3
2489,2025-11-26,Landing,1
2489,2025-12-01,Browse,2
2489,2025-11-20,Product View,3
2489,2025-11-22,Add to Cart,4
2489,2025-11-22,Checkout,5
2489,2025-11-20,Purchase,6
2489,2025-11-19,Signup,7
2490,2025-09-20,Landing,1
2490,2025-09-21,Browse,2
2490,2025-09-19,Product View,3
2490,2025-09-14,Add to Cart,4
2491,2025-05-13,Landing,1
2491,2025-05-18,Browse,2
2491,2025-05-20,Product View,3
2491,2025-05-15,Add to Cart,4
2491,2025-05-20,Checkout,5
2492,2025-06-27,Landing,1
2492,2025-07-08,Browse,2
2492,2025-06-25,Product View,3
2492,2025-07-07,Add to Cart,4
2492,2025-07-06,Checkout,5
2492,2025-06-25,Purchase,6
2493,2025-05-12,Landing,1
2493,2025-05-07,Browse,2
2493,2025-05-04,Product View,3
2494,2025-05-31,Landing,1
2495,2025-07-06,Landing,1
2496,2025-08-17,Landing,1
2497,2025-08-28,Landing,1
2497,2025-08-29,Browse,2
2497,2025-08-30,Product View,3
2498,2025-03-30,Landing,1
2499,2025-04-29,Landing,1
2499,2025-05-02,Browse,2
2499,2025-05-11,Product View,3
2499,2025-05-05,Add to Cart,4
2499,2025-04-28,Checkout,5
2499,2025-05-10,Purchase,6
2499,2025-05-06,Signup,7
2500,2025-08-10,Landing,1
2500,2025-08-13,Browse,2
2501,2025-05-26,Landing,1
2501,2025-05-23,Browse,2
2501,2025-05-20,Product View,3
2501,2025-05-31,Add to Cart,4
2501,2025-05-20,Checkout,5
2502,2025-04-11,Landing,1
2502,2025-04-14,Browse,2
2502,2025-04-12,Product View,3
2502,2025-04-08,Add to Cart,4
2502,2025-04-13,Checkout,5
2503,2025-04-08,Landing,1
2504,2025-09-07,Landing,1
2505,2025-09-23,Landing,1
2505,2025-09-16,Browse,2
2505,2025-09-19,Product View,3
2505,2025-09-26,Add to Cart,4
2506,2025-03-25,Landing,1
2506,2025-03-18,Browse,2
2506,2025-03-23,Product View,3
2507,2025-10-07,Landing,1
2507,2025-10-02,Browse,2
2507,2025-09-29,Product View,3
2507,2025-09-28,Add to Cart,4
2508,2025-12-12,Landing,1
2508,2025-12-08,Browse,2
2508,2025-12-01,Product View,3
2508,2025-12-14,Add to Cart,4
2508,2025-12-09,Checkout,5
2509,2025-09-25,Landing,1
2509,2025-09-21,Browse,2
2509,2025-09-20,Product View,3
2509,2025-09-26,Add to Cart,4
2509,2025-09-24,Checkout,5
2510,2025-05-07,Landing,1
2510,2025-05-19,Browse,2
2510,2025-05-12,Product View,3
2510,2025-05-12,Add to Cart,4
2511,2025-07-21,Landing,1
2512,2025-04-10,Landing,1
2512,2025-04-16,Browse,2
2512,2025-04-10,Product View,3
2512,2025-04-22,Add to Cart,4
2512,2025-04-19,Checkout,5
2513,2025-10-19,Landing,1
2513,2025-10-09,Browse,2
2513,2025-10-14,Product View,3
2513,2025-10-12,Add to Cart,4
2513,2025-10-06,Checkout,5
2514,2025-04-08,Landing,1
2515,2025-05-11,Landing,1
2515,2025-05-21,Browse,2
2516,2025-06-30,Landing,1
2516,2025-07-07,Browse,2
2517,2025-07-19,Landing,1
2518,2025-10-12,Landing,1
2518,2025-10-14,Browse,2
2518,2025-10-15,Product View,3
2519,2025-05-06,Landing,1
2519,2025-05-04,Browse,2
2520,2025-05-28,Landing,1
2521,2025-09-18,Landing,1
2521,2025-09-19,Browse,2
2521,2025-09-18,Product View,3
2521,2025-09-19,Add to Cart,4
2522,2025-04-05,Landing,1
2523,2025-08-20,Landing,1
2524,2025-10-26,Landing,1
2525,2025-03-24,Landing,1
2525,2025-03-22,Browse,2
2525,2025-03-23,Product View,3
2525,2025-03-20,Add to Cart,4
2525,2025-03-21,Checkout,5
2525,2025-03-27,Purchase,6
2525,2025-03-19,Signup,7
2526,2025-06-05,Landing,1
2526,2025-06-09,Browse,2
2527,2025-07-26,Landing,1
2527,2025-07-19,Browse,2
2527,2025-07-18,Product View,3
2527,2025-07-21,Add to Cart,4
2527,2025-07-14,Checkout,5
2528,2025-11-12,Landing,1
2528,2025-11-19,Browse,2
2528,2025-11-16,Product View,3
2528,2025-11-10,Add to Cart,4
2528,2025-11-13,Checkout,5
2528,2025-11-17,Purchase,6
2528,2025-11-14,Signup,7
2529,2025-09-28,Landing,1
2530,2025-07-21,Landing,1
2530,2025-07-18,Browse,2
2530,2025-07-14,Product View,3
2531,2025-06-29,Landing,1
2531,2025-06-23,Browse,2
2531,2025-06-27,Product View,3
2531,2025-06-29,Add to Cart,4
2531,2025-06-29,Checkout,5
2532,2025-08-27,Landing,1
2532,2025-08-25,Browse,2
2532,2025-08-26,Product View,3
2533,2025-11-03,Landing,1
2534,2025-06-29,Landing,1
2535,2025-06-19,Landing,1
2535,2025-06-10,Browse,2
2535,2025-06-19,Product View,3
2535,2025-06-13,Add to Cart,4
2536,2025-08-01,Landing,1
2536,2025-08-08,Browse,2
2537,2025-08-17,Landing,1
2537,2025-08-19,Browse,2
2537,2025-08-14,Product View,3
2538,2025-10-15,Landing,1
2538,2025-10-15,Browse,2
2538,2025-10-14,Product View,3
2538,2025-10-04,Add to Cart,4
2539,2025-08-15,Landing,1
2539,2025-08-20,Browse,2
2539,2025-08-13,Product View,3
2539,2025-08-14,Add to Cart,4
2539,2025-08-17,Checkout,5
2540,2025-10-16,Landing,1
2540,2025-10-18,Browse,2
2540,2025-10-08,Product View,3
2541,2025-11-30,Landing,1
2542,2025-09-13,Landing,1
2543,2025-11-04,Landing,1
2544,2025-05-30,Landing,1
2545,2025-05-16,Landing,1
2545,2025-05-16,Browse,2
2545,2025-05-23,Product View,3
2546,2025-10-23,Landing,1
2547,2025-09-30,Landing,1
2547,2025-09-23,Browse,2
2547,2025-09-29,Product View,3
2548,2025-10-10,Landing,1
2549,2025-07-24,Landing,1
2550,2025-03-02,Landing,1
2550,2025-03-02,Browse,2
2551,2025-07-11,Landing,1
2552,2025-07-23,Landing,1
2552,2025-07-18,Browse,2
2552,2025-07-16,Product View,3
2552,2025-07-16,Add to Cart,4
2552,2025-07-19,Checkout,5
2553,2025-07-23,Landing,1
2554,2025-12-22,Landing,1
2554,2025-12-20,Browse,2
2554,2025-12-20,Product View,3
2554,2025-12-20,Add to Cart,4
2555,2025-06-07,Landing,1
2555,2025-06-02,Browse,2
2556,2025-11-13,Landing,1
2557,2025-10-14,Landing,1
2557,2025-10-13,Browse,2
2558,2025-11-22,Landing,1
2559,2025-05-31,Landing,1
2559,2025-06-13,Browse,2
2559,2025-05-31,Product View,3
2559,2025-06-07,Add to Cart,4
2560,2025-05-11,Landing,1
2561,2025-06-04,Landing,1
2562,2025-08-15,Landing,1
2562,2025-08-19,Browse,2
2563,2025-08-17,Landing,1
2563,2025-08-23,Browse,2
2564,2025-07-07,Landing,1
2564,2025-07-12,Browse,2
2564,2025-07-07,Product View,3
2565,2025-03-19,Landing,1
2565,2025-03-13,Browse,2
2565,2025-03-08,Product View,3
2566,2025-09-21,Landing,1
2566,2025-09-22,Browse,2
2567,2025-11-11,Landing,1
2567,2025-11-12,Browse,2
2567,2025-11-13,Product View,3
2568,2025-05-09,Landing,1
2568,2025-05-14,Browse,2
2568,2025-05-07,Product View,3
2568,2025-05-16,Add to Cart,4
2568,2025-05-10,Checkout,5
2568,2025-05-15,Purchase,6
2568,2025-05-07,Signup,7
2569,2025-06-01,Landing,1
2569,2025-05-24,Browse,2
2569,2025-05-29,Product View,3
2570,2025-10-02,Landing,1
2571,2025-11-03,Landing,1
2571,2025-11-08,Browse,2
2571,2025-11-05,Product View,3
2572,2025-11-11,Landing,1
2572,2025-11-17,Browse,2
2573,2025-10-05,Landing,1
2573,2025-10-12,Browse,2
2573,2025-10-06,Product View,3
2574,2025-04-11,Landing,1
2574,2025-04-15,Browse,2
2574,2025-04-15,Product View,3
2574,2025-04-13,Add to Cart,4
2574,2025-04-18,Checkout,5
2575,2025-10-05,Landing,1
2576,2025-04-01,Landing,1
2577,2025-03-20,Landing,1
2577,2025-03-25,Browse,2
2577,2025-03-31,Product View,3
2577,2025-03-19,Add to Cart,4
2577,2025-03-23,Checkout,5
2578,2025-04-15,Landing,1
2578,2025-04-10,Browse,2
2578,2025-04-18,Product View,3
2578,2025-04-20,Add to Cart,4
2578,2025-04-12,Checkout,5
2579,2025-10-08,Landing,1
2579,2025-10-16,Browse,2
2579,2025-10-19,Product View,3
2579,2025-10-09,Add to Cart,4
2579,2025-10-20,Checkout,5
2579,2025-10-13,Purchase,6
2579,2025-10-12,Signup,7
2580,2025-06-03,Landing,1
2580,2025-05-26,Browse,2
2580,2025-05-24,Product View,3
2580,2025-05-23,Add to Cart,4
2581,2025-07-02,Landing,1
2582,2025-09-21,Landing,1
2582,2025-09-21,Browse,2
2582,2025-09-19,Product View,3
2582,2025-09-20,Add to Cart,4
2582,2025-09-27,Checkout,5
2583,2025-10-14,Landing,1
2583,2025-10-20,Browse,2
2583,2025-10-13,Product View,3
2583,2025-10-26,Add to Cart,4
2584,2025-05-07,Landing,1
2585,2025-08-09,Landing,1
2586,2025-04-26,Landing,1
2586,2025-04-21,Browse,2
2587,2025-09-04,Landing,1
2587,2025-08-29,Browse,2
2587,2025-08-27,Product View,3
2588,2025-03-13,Landing,1
2589,2025-05-03,Landing,1
2589,2025-05-04,Browse,2
2589,2025-05-04,Product View,3
2590,2025-09-13,Landing,1
2591,2025-08-01,Landing,1
2591,2025-08-08,Browse,2
2591,2025-08-09,Product View,3
2591,2025-08-09,Add to Cart,4
2591,2025-08-01,Checkout,5
2592,2025-03-20,Landing,1
2592,2025-03-19,Browse,2
2592,2025-03-14,Product View,3
2593,2025-10-29,Landing,1
2593,2025-10-26,Browse,2
2594,2025-12-09,Landing,1
2594,2025-12-07,Browse,2
2594,2025-12-04,Product View,3
2595,2025-08-14,Landing,1
2595,2025-08-05,Browse,2
2596,2025-07-12,Landing,1
2596,2025-07-11,Browse,2
2597,2025-08-03,Landing,1
2598,2025-10-19,Landing,1
2598,2025-10-13,Browse,2
2599,2025-10-14,Landing,1
2599,2025-10-19,Browse,2
2599,2025-10-12,Product View,3
2599,2025-10-20,Add to Cart,4
2599,2025-10-11,Checkout,5
2599,2025-10-19,Purchase,6
2599,2025-10-11,Signup,7
2600,2025-06-20,Landing,1
2600,2025-06-23,Browse,2
2601,2025-12-15,Landing,1
2602,2025-03-27,Landing,1
2603,2025-04-14,Landing,1
2603,2025-04-19,Browse,2
2603,2025-04-21,Product View,3
2604,2025-06-10,Landing,1
2604,2025-06-08,Browse,2
2604,2025-06-07,Product View,3
2604,2025-06-17,Add to Cart,4
2604,2025-06-11,Checkout,5
2604,2025-06-15,Purchase,6
2605,2025-12-19,Landing,1
2605,2025-12-17,Browse,2
2606,2025-04-18,Landing,1
2606,2025-04-11,Browse,2
2607,2025-03-12,Landing,1
2608,2025-11-15,Landing,1
2608,2025-11-17,Browse,2
2608,2025-11-22,Product View,3
2608,2025-11-21,Add to Cart,4
2609,2025-05-01,Landing,1
2609,2025-04-30,Browse,2
2609,2025-05-03,Product View,3
2610,2025-10-16,Landing,1
2610,2025-10-07,Browse,2
2610,2025-10-09,Product View,3
2610,2025-10-08,Add to Cart,4
2611,2025-09-04,Landing,1
2611,2025-08-26,Browse,2
2611,2025-09-03,Product View,3
2611,2025-09-03,Add to Cart,4
2612,2025-04-17,Landing,1
2612,2025-04-11,Browse,2
2613,2025-12-03,Landing,1
2613,2025-12-03,Browse,2
2613,2025-12-03,Product View,3
2613,2025-12-05,Add to Cart,4
2613,2025-11-28,Checkout,5
2614,2025-04-06,Landing,1
2614,2025-04-11,Browse,2
2614,2025-04-01,Product View,3
2614,2025-04-08,Add to Cart,4
2614,2025-04-08,Checkout,5
2615,2025-04-03,Landing,1
2616,2025-09-22,Landing,1
2616,2025-09-30,Browse,2
2617,2025-07-15,Landing,1
2617,2025-07-13,Browse,2
2617,2025-07-19,Product View,3
2618,2025-03-31,Landing,1
2618,2025-04-04,Browse,2
2618,2025-03-29,Product View,3
2618,2025-04-06,Add to Cart,4
2618,2025-04-06,Checkout,5
2619,2025-04-04,Landing,1
2619,2025-04-16,Browse,2
2620,2025-09-30,Landing,1
2621,2025-04-26,Landing,1
2621,2025-04-26,Browse,2
2622,2025-07-29,Landing,1
2623,2025-05-13,Landing,1
2623,2025-05-04,Browse,2
2623,2025-05-07,Product View,3
2624,2025-11-26,Landing,1
2624,2025-11-20,Browse,2
2624,2025-12-03,Product View,3
2625,2025-11-29,Landing,1
2625,2025-12-03,Browse,2
2625,2025-11-29,Product View,3
2626,2025-08-18,Landing,1
2626,2025-08-16,Browse,2
2626,2025-08-14,Product View,3
2626,2025-08-23,Add to Cart,4
2626,2025-08-17,Checkout,5
2627,2025-11-15,Landing,1
2628,2025-06-29,Landing,1
2628,2025-06-26,Browse,2
2628,2025-07-01,Product View,3
2629,2025-08-03,Landing,1
2629,2025-07-26,Browse,2
2629,2025-08-04,Product View,3
2629,2025-07-24,Add to Cart,4
2630,2025-03-10,Landing,1
2631,2025-05-30,Landing,1
2631,2025-05-27,Browse,2
2631,2025-05-22,Product View,3
2631,2025-05-23,Add to Cart,4
2632,2025-05-09,Landing,1
2632,2025-05-12,Browse,2
2632,2025-05-04,Product View,3
2632,2025-05-01,Add to Cart,4
2632,2025-05-10,Checkout,5
2633,2025-04-17,Landing,1
2633,2025-04-27,Browse,2
2634,2025-06-01,Landing,1
2634,2025-06-06,Browse,2
2634,2025-06-07,Product View,3
2635,2025-08-16,Landing,1
2635,2025-08-13,Browse,2
2635,2025-08-13,Product View,3
2635,2025-08-24,Add to Cart,4
2635,2025-08-20,Checkout,5
2635,2025-08-15,Purchase,6
2635,2025-08-25,Signup,7
2636,2025-09-24,Landing,1
2636,2025-09-28,Browse,2
2636,2025-09-28,Product View,3
2637,2025-03-15,Landing,1
2637,2025-03-13,Browse,2
2637,2025-03-12,Product View,3
2637,2025-03-13,Add to Cart,4
2637,2025-03-13,Checkout,5
2637,2025-03-12,Purchase,6
2637,2025-03-13,Signup,7
2638,2025-09-04,Landing,1
2638,2025-09-09,Browse,2
2639,2025-07-26,Landing,1
2639,2025-07-18,Browse,2
2639,2025-07-21,Product View,3
2639,2025-07-21,Add to Cart,4
2639,2025-07-19,Checkout,5
2639,2025-07-21,Purchase,6
2639,2025-07-20,Signup,7
2640,2025-08-26,Landing,1
2640,2025-08-27,Browse,2
2640,2025-08-27,Product View,3
2641,2025-06-18,Landing,1
2641,2025-06-25,Browse,2
2641,2025-06-20,Product View,3
2641,2025-06-22,Add to Cart,4
2642,2025-11-28,Landing,1
2642,2025-11-29,Browse,2
2642,2025-12-10,Product View,3
2642,2025-12-03,Add to Cart,4
2642,2025-12-07,Checkout,5
2642,2025-12-02,Purchase,6
2643,2025-09-04,Landing,1
2643,2025-09-15,Browse,2
2644,2025-03-10,Landing,1
2644,2025-03-17,Browse,2
2644,2025-03-04,Product View,3
2644,2025-03-17,Add to Cart,4
2644,2025-03-13,Checkout,5
2644,2025-03-11,Purchase,6
2644,2025-03-11,Signup,7
2645,2025-04-27,Landing,1
2646,2025-10-17,Landing,1
2647,2025-12-02,Landing,1
2647,2025-12-05,Browse,2
2647,2025-12-04,Product View,3
2648,2025-03-12,Landing,1
2648,2025-03-13,Browse,2
2648,2025-03-14,Product View,3
2648,2025-03-15,Add to Cart,4
2648,2025-03-07,Checkout,5
2648,2025-03-18,Purchase,6
2648,2025-03-16,Signup,7
2649,2025-09-30,Landing,1
2650,2025-04-06,Landing,1
2650,2025-04-09,Browse,2
2651,2025-03-11,Landing,1
2651,2025-03-10,Browse,2
2652,2025-11-04,Landing,1
2652,2025-11-12,Browse,2
2653,2025-10-04,Landing,1
2653,2025-10-10,Browse,2
2653,2025-10-03,Product View,3
2654,2025-12-09,Landing,1
2654,2025-12-04,Browse,2
2655,2025-04-04,Landing,1
2655,2025-04-07,Browse,2
2656,2025-08-31,Landing,1
2656,2025-08-24,Browse,2
2656,2025-08-21,Product View,3
2656,2025-08-20,Add to Cart,4
2657,2025-04-23,Landing,1
2657,2025-04-27,Browse,2
2657,2025-04-24,Product View,3
2657,2025-04-29,Add to Cart,4
2658,2025-11-07,Landing,1
2659,2025-03-29,Landing,1
2659,2025-03-25,Browse,2
2660,2025-12-23,Landing,1
2661,2025-06-08,Landing,1
2661,2025-06-04,Browse,2
2661,2025-06-11,Product View,3
2661,2025-06-07,Add to Cart,4
2661,2025-06-02,Checkout,5
2662,2025-07-11,Landing,1
2663,2025-06-16,Landing,1
2664,2025-09-24,Landing,1
2664,2025-09-19,Browse,2
2664,2025-09-24,Product View,3
2664,2025-09-19,Add to Cart,4
2664,2025-09-24,Checkout,5
2665,2025-07-29,Landing,1
2666,2025-08-07,Landing,1
2666,2025-08-14,Browse,2
2667,2025-10-19,Landing,1
2667,2025-10-18,Browse,2
2667,2025-10-23,Product View,3
2667,2025-10-18,Add to Cart,4
2667,2025-10-27,Checkout,5
2667,2025-10-15,Purchase,6
2668,2025-10-20,Landing,1
2668,2025-10-20,Browse,2
2668,2025-10-26,Product View,3
2668,2025-10-28,Add to Cart,4
2668,2025-10-22,Checkout,5
2668,2025-10-31,Purchase,6
2668,2025-10-31,Signup,7
2669,2025-07-28,Landing,1
2669,2025-08-02,Browse,2
2669,2025-08-03,Product View,3
2669,2025-07-27,Add to Cart,4
2670,2025-09-30,Landing,1
2670,2025-10-08,Browse,2
2670,2025-10-11,Product View,3
2670,2025-10-06,Add to Cart,4
2670,2025-10-03,Checkout,5
2670,2025-10-02,Purchase,6
2671,2025-06-25,Landing,1
2671,2025-06-27,Browse,2
2671,2025-06-25,Product View,3
2671,2025-06-28,Add to Cart,4
2671,2025-06-21,Checkout,5
2672,2025-03-01,Landing,1
2672,2025-03-04,Browse,2
2672,2025-03-09,Product View,3
2673,2025-07-03,Landing,1
2673,2025-07-03,Browse,2
2674,2025-05-17,Landing,1
2674,2025-05-16,Browse,2
2674,2025-05-24,Product View,3
2674,2025-05-13,Add to Cart,4
2674,2025-05-19,Checkout,5
2675,2025-04-13,Landing,1
2675,2025-04-09,Browse,2
2676,2025-07-03,Landing,1
2676,2025-06-30,Browse,2
2677,2025-07-18,Landing,1
2678,2025-10-01,Landing,1
2679,2025-03-08,Landing,1
2679,2025-03-08,Browse,2
2679,2025-03-11,Product View,3
2679,2025-03-07,Add to Cart,4
2680,2025-08-20,Landing,1
2680,2025-08-18,Browse,2
2681,2025-03-28,Landing,1
2681,2025-03-27,Browse,2
2681,2025-03-22,Product View,3
2682,2025-03-15,Landing,1
2682,2025-03-28,Browse,2
2683,2025-08-23,Landing,1
2683,2025-08-31,Browse,2
2684,2025-11-06,Landing,1
2685,2025-03-19,Landing,1
2685,2025-03-30,Browse,2
2685,2025-03-18,Product View,3
2685,2025-03-22,Add to Cart,4
2686,2025-07-25,Landing,1
2686,2025-07-24,Browse,2
2687,2025-12-20,Landing,1
2687,2025-12-23,Browse,2
2687,2025-12-27,Product View,3
2687,2025-12-20,Add to Cart,4
2687,2025-12-16,Checkout,5
2687,2025-12-17,Purchase,6
2688,2025-07-29,Landing,1
2689,2025-11-08,Landing,1
2689,2025-11-19,Browse,2
2689,2025-11-12,Product View,3
2690,2025-04-07,Landing,1
2690,2025-03-31,Browse,2
2691,2025-10-14,Landing,1
2691,2025-10-15,Browse,2
2691,2025-10-11,Product View,3
2692,2025-09-11,Landing,1
2692,2025-09-08,Browse,2
2692,2025-09-18,Product View,3
2692,2025-09-11,Add to Cart,4
2692,2025-09-17,Checkout,5
2692,2025-09-12,Purchase,6
2692,2025-09-10,Signup,7
2693,2025-06-07,Landing,1
2693,2025-05-27,Browse,2
2694,2025-07-31,Landing,1
2694,2025-08-04,Browse,2
2694,2025-08-10,Product View,3
2694,2025-08-03,Add to Cart,4
2695,2025-04-20,Landing,1
2696,2025-10-27,Landing,1
2696,2025-10-29,Browse,2
2696,2025-10-26,Product View,3
2696,2025-11-06,Add to Cart,4
2696,2025-11-07,Checkout,5
2696,2025-11-04,Purchase,6
2696,2025-10-28,Signup,7
2697,2025-10-14,Landing,1
2697,2025-10-07,Browse,2
2698,2025-03-09,Landing,1
2698,2025-03-04,Browse,2
2698,2025-03-12,Product View,3
2699,2025-06-15,Landing,1
2699,2025-06-17,Browse,2
2699,2025-06-15,Product View,3
2699,2025-06-24,Add to Cart,4
2700,2025-03-24,Landing,1
2701,2025-05-12,Landing,1
2701,2025-05-13,Browse,2
2702,2025-07-24,Landing,1
2703,2025-12-06,Landing,1
2703,2025-12-14,Browse,2
2703,2025-12-11,Product View,3
2703,2025-12-19,Add to Cart,4
2704,2025-03-21,Landing,1
2704,2025-03-21,Browse,2
2705,2025-07-07,Landing,1
2706,2025-06-04,Landing,1
2706,2025-06-08,Browse,2
2707,2025-10-26,Landing,1
2707,2025-10-15,Browse,2
2708,2025-09-08,Landing,1
2708,2025-09-18,Browse,2
2708,2025-09-18,Product View,3
2709,2025-08-11,Landing,1
2709,2025-08-13,Browse,2
2710,2025-05-01,Landing,1
2710,2025-04-28,Browse,2
2711,2025-04-21,Landing,1
2712,2025-06-19,Landing,1
2712,2025-06-13,Browse,2
2712,2025-06-12,Product View,3
2712,2025-06-09,Add to Cart,4
2713,2025-12-12,Landing,1
2713,2025-12-23,Browse,2
2713,2025-12-19,Product View,3
2713,2025-12-20,Add to Cart,4
2714,2025-04-06,Landing,1
2714,2025-03-31,Browse,2
2714,2025-03-30,Product View,3
2714,2025-04-08,Add to Cart,4
2715,2025-04-27,Landing,1
2715,2025-04-23,Browse,2
2716,2025-08-12,Landing,1
2716,2025-08-07,Browse,2
2716,2025-08-08,Product View,3
2716,2025-08-01,Add to Cart,4
2716,2025-08-01,Checkout,5
2717,2025-03-14,Landing,1
2717,2025-03-12,Browse,2
2718,2025-10-10,Landing,1
2719,2025-12-16,Landing,1
2719,2025-12-20,Browse,2
2719,2025-12-22,Product View,3
2719,2025-12-23,Add to Cart,4
2719,2025-12-18,Checkout,5
2720,2025-05-05,Landing,1
2720,2025-05-03,Browse,2
2721,2025-11-02,Landing,1
2721,2025-10-31,Browse,2
2721,2025-10-25,Product View,3
2722,2025-06-17,Landing,1
2722,2025-06-15,Browse,2
2722,2025-06-17,Product View,3
2723,2025-08-20,Landing,1
2723,2025-08-21,Browse,2
2723,2025-08-18,Product View,3
2723,2025-08-21,Add to Cart,4
2723,2025-08-22,Checkout,5
2724,2025-09-05,Landing,1
2724,2025-09-17,Browse,2
2724,2025-09-15,Product View,3
2725,2025-05-10,Landing,1
2725,2025-05-18,Browse,2
2725,2025-05-14,Product View,3
2725,2025-05-13,Add to Cart,4
2726,2025-11-20,Landing,1
2727,2025-08-06,Landing,1
2727,2025-08-04,Browse,2
2727,2025-08-03,Product View,3
2728,2025-03-15,Landing,1
2729,2025-10-08,Landing,1
2729,2025-10-15,Browse,2
2730,2025-10-26,Landing,1
2730,2025-11-06,Browse,2
2730,2025-10-31,Product View,3
2730,2025-11-02,Add to Cart,4
2731,2025-12-09,Landing,1
2731,2025-12-11,Browse,2
2732,2025-04-22,Landing,1
2733,2025-09-19,Landing,1
2733,2025-09-29,Browse,2
2733,2025-09-25,Product View,3
2733,2025-09-28,Add to Cart,4
2733,2025-09-19,Checkout,5
2734,2025-10-02,Landing,1
2734,2025-09-25,Browse,2
2734,2025-09-29,Product View,3
2735,2025-11-04,Landing,1
2736,2025-12-17,Landing,1
2736,2025-12-10,Browse,2
2736,2025-12-11,Product View,3
2737,2025-08-06,Landing,1
2737,2025-07-29,Browse,2
2737,2025-08-08,Product View,3
2737,2025-07-28,Add to Cart,4
2737,2025-08-02,Checkout,5
2738,2025-12-08,Landing,1
2738,2025-11-30,Browse,2
2739,2025-08-23,Landing,1
2739,2025-08-31,Browse,2
2739,2025-08-30,Product View,3
2740,2025-07-16,Landing,1
2740,2025-07-21,Browse,2
2740,2025-07-12,Product View,3
2741,2025-03-19,Landing,1
2742,2025-09-05,Landing,1
2742,2025-09-04,Browse,2
2742,2025-08-29,Product View,3
2743,2025-08-22,Landing,1
2743,2025-08-14,Browse,2
2743,2025-08-14,Product View,3
2743,2025-08-19,Add to Cart,4
2744,2025-11-19,Landing,1
2744,2025-11-22,Browse,2
2744,2025-11-24,Product View,3
2744,2025-11-24,Add to Cart,4
2745,2025-04-11,Landing,1
2745,2025-04-14,Browse,2
2745,2025-04-12,Product View,3
2745,2025-04-03,Add to Cart,4
2746,2025-09-02,Landing,1
2746,2025-09-07,Browse,2
2747,2025-09-06,Landing,1
2747,2025-08-26,Browse,2
2747,2025-08-27,Product View,3
2748,2025-12-14,Landing,1
2748,2025-12-11,Browse,2
2748,2025-12-05,Product View,3
2748,2025-12-14,Add to Cart,4
2748,2025-12-05,Checkout,5
2748,2025-12-17,Purchase,6
2748,2025-12-17,Signup,7
2749,2025-07-06,Landing,1
2749,2025-07-05,Browse,2
2750,2025-06-07,Landing,1
2750,2025-06-04,Browse,2
2750,2025-06-11,Product View,3
2750,2025-06-08,Add to Cart,4
2751,2025-11-07,Landing,1
2751,2025-10-30,Browse,2
2751,2025-10-30,Product View,3
2751,2025-10-28,Add to Cart,4
2752,2025-04-18,Landing,1
2752,2025-04-16,Browse,2
2753,2025-03-14,Landing,1
2753,2025-03-10,Browse,2
2753,2025-03-18,Product View,3
2753,2025-03-21,Add to Cart,4
2753,2025-03-15,Checkout,5
2754,2025-08-18,Landing,1
2754,2025-08-21,Browse,2
2754,2025-08-23,Product View,3
2755,2025-10-04,Landing,1
2755,2025-10-03,Browse,2
2755,2025-10-02,Product View,3
2756,2025-05-25,Landing,1
2757,2025-04-27,Landing,1
2757,2025-04-25,Browse,2
2757,2025-04-24,Product View,3
2757,2025-05-04,Add to Cart,4
2757,2025-05-01,Checkout,5
2758,2025-12-01,Landing,1
2758,2025-11-28,Browse,2
2758,2025-11-27,Product View,3
2759,2025-06-12,Landing,1
2759,2025-06-18,Browse,2
2759,2025-06-08,Product View,3
2760,2025-08-24,Landing,1
2760,2025-08-21,Browse,2
2761,2025-05-01,Landing,1
2761,2025-04-24,Browse,2
2761,2025-05-04,Product View,3
2762,2025-06-08,Landing,1
2762,2025-06-07,Browse,2
2762,2025-05-26,Product View,3
2762,2025-05-28,Add to Cart,4
2762,2025-05-31,Checkout,5
2762,2025-06-08,Purchase,6
2762,2025-05-30,Signup,7
2763,2025-12-05,Landing,1
2763,2025-12-01,Browse,2
2764,2025-08-07,Landing,1
2764,2025-08-09,Browse,2
2765,2025-08-24,Landing,1
2765,2025-08-17,Browse,2
2765,2025-08-20,Product View,3
2765,2025-08-24,Add to Cart,4
2766,2025-12-15,Landing,1
2766,2025-12-13,Browse,2
2767,2025-11-19,Landing,1
2767,2025-11-19,Browse,2
2768,2025-04-04,Landing,1
2768,2025-04-07,Browse,2
2768,2025-04-13,Product View,3
2768,2025-04-06,Add to Cart,4
2768,2025-04-15,Checkout,5
2769,2025-04-26,Landing,1
2769,2025-04-17,Browse,2
2769,2025-04-22,Product View,3
2770,2025-06-23,Landing,1
2771,2025-10-30,Landing,1
2771,2025-11-04,Browse,2
2771,2025-11-04,Product View,3
2772,2025-04-27,Landing,1
2773,2025-07-18,Landing,1
2773,2025-07-13,Browse,2
2773,2025-07-23,Product View,3
2773,2025-07-14,Add to Cart,4
2774,2025-12-25,Landing,1
2775,2025-11-08,Landing,1
2776,2025-03-24,Landing,1
2777,2025-04-06,Landing,1
2777,2025-04-03,Browse,2
2777,2025-04-11,Product View,3
2778,2025-03-23,Landing,1
2779,2025-06-21,Landing,1
2780,2025-06-18,Landing,1
2780,2025-06-20,Browse,2
2780,2025-06-20,Product View,3
2780,2025-06-21,Add to Cart,4
2781,2025-11-10,Landing,1
2781,2025-11-12,Browse,2
2781,2025-11-09,Product View,3
2782,2025-03-12,Landing,1
2783,2025-07-23,Landing,1
2784,2025-09-24,Landing,1
2784,2025-09-22,Browse,2
2784,2025-09-21,Product View,3
2784,2025-09-25,Add to Cart,4
2784,2025-09-25,Checkout,5
2785,2025-12-01,Landing,1
2785,2025-12-02,Browse,2
2785,2025-11-20,Product View,3
2785,2025-11-30,Add to Cart,4
2785,2025-11-20,Checkout,5
2786,2025-06-21,Landing,1
2786,2025-06-24,Browse,2
2787,2025-04-09,Landing,1
2787,2025-04-13,Browse,2
2787,2025-04-10,Product View,3
2787,2025-04-07,Add to Cart,4
2787,2025-04-12,Checkout,5
2787,2025-04-14,Purchase,6
2788,2025-05-17,Landing,1
2788,2025-05-18,Browse,2
2788,2025-05-17,Product View,3
2788,2025-05-23,Add to Cart,4
2788,2025-05-21,Checkout,5
2789,2025-12-10,Landing,1
2789,2025-12-08,Browse,2
2789,2025-12-09,Product View,3
2789,2025-12-12,Add to Cart,4
2789,2025-12-16,Checkout,5
2790,2025-08-13,Landing,1
2791,2025-03-10,Landing,1
2791,2025-03-07,Browse,2
2791,2025-03-09,Product View,3
2791,2025-03-14,Add to Cart,4
2792,2025-08-01,Landing,1
2792,2025-07-30,Browse,2
2792,2025-08-04,Product View,3
2793,2025-05-21,Landing,1
2793,2025-05-23,Browse,2
2793,2025-05-15,Product View,3
2794,2025-06-20,Landing,1
2795,2025-08-02,Landing,1
2795,2025-08-14,Browse,2
2796,2025-10-17,Landing,1
2796,2025-10-21,Browse,2
2796,2025-10-24,Product View,3
2797,2025-12-20,Landing,1
2797,2025-12-16,Browse,2
2798,2025-03-25,Landing,1
2799,2025-07-27,Landing,1
2799,2025-08-02,Browse,2
2800,2025-04-07,Landing,1
2800,2025-03-26,Browse,2
2800,2025-03-27,Product View,3
2800,2025-03-25,Add to Cart,4
2801,2025-06-19,Landing,1
2801,2025-06-07,Browse,2
2802,2025-05-05,Landing,1
2802,2025-05-05,Browse,2
2802,2025-05-16,Product View,3
2802,2025-05-13,Add to Cart,4
2802,2025-05-18,Checkout,5
2803,2025-05-31,Landing,1
2803,2025-05-30,Browse,2
2803,2025-06-01,Product View,3
2803,2025-06-03,Add to Cart,4
2803,2025-06-11,Checkout,5
2804,2025-04-13,Landing,1
2804,2025-04-04,Browse,2
2804,2025-04-11,Product View,3
2804,2025-04-03,Add to Cart,4
2805,2025-04-02,Landing,1
2805,2025-03-31,Browse,2
2806,2025-08-15,Landing,1
2807,2025-11-25,Landing,1
2807,2025-11-29,Browse,2
2807,2025-11-21,Product View,3
2807,2025-11-17,Add to Cart,4
2807,2025-11-21,Checkout,5
2808,2025-04-26,Landing,1
2809,2025-07-01,Landing,1
2809,2025-07-04,Browse,2
2809,2025-07-06,Product View,3
2809,2025-06-26,Add to Cart,4
2810,2025-11-13,Landing,1
2811,2025-06-09,Landing,1
2811,2025-06-14,Browse,2
2811,2025-06-16,Product View,3
2811,2025-06-09,Add to Cart,4
2811,2025-06-17,Checkout,5
2811,2025-06-11,Purchase,6
2811,2025-06-16,Signup,7
2812,2025-12-01,Landing,1
2813,2025-05-11,Landing,1
2814,2025-03-27,Landing,1
2815,2025-07-04,Landing,1
2815,2025-07-01,Browse,2
2815,2025-07-02,Product View,3
2815,2025-07-04,Add to Cart,4
2815,2025-06-26,Checkout,5
2815,2025-07-07,Purchase,6
2815,2025-07-08,Signup,7
2816,2025-08-12,Landing,1
2816,2025-08-09,Browse,2
2816,2025-08-07,Product View,3
2816,2025-08-07,Add to Cart,4
2816,2025-08-07,Checkout,5
2817,2025-09-11,Landing,1
2817,2025-09-20,Browse,2
2817,2025-09-10,Product View,3
2817,2025-09-17,Add to Cart,4
2818,2025-10-01,Landing,1
2819,2025-08-27,Landing,1
2819,2025-09-05,Browse,2
2820,2025-12-12,Landing,1
2820,2025-11-30,Browse,2
2821,2025-08-30,Landing,1
2821,2025-09-06,Browse,2
2821,2025-09-03,Product View,3
2821,2025-09-04,Add to Cart,4
2821,2025-09-05,Checkout,5
2822,2025-05-17,Landing,1
2822,2025-05-18,Browse,2
2823,2025-09-28,Landing,1
2823,2025-09-18,Browse,2
2823,2025-09-30,Product View,3
2823,2025-09-24,Add to Cart,4
2824,2025-06-10,Landing,1
2824,2025-06-14,Browse,2
2824,2025-06-14,Product View,3
2824,2025-06-17,Add to Cart,4
2825,2025-12-17,Landing,1
2825,2025-12-15,Browse,2
2826,2025-04-03,Landing,1
2826,2025-04-05,Browse,2
2826,2025-03-25,Product View,3
2827,2025-03-16,Landing,1
2827,2025-03-16,Browse,2
2828,2025-08-18,Landing,1
2828,2025-08-14,Browse,2
2828,2025-08-24,Product View,3
2828,2025-08-13,Add to Cart,4
2828,2025-08-15,Checkout,5
2829,2025-03-22,Landing,1
2829,2025-03-25,Browse,2
2829,2025-03-23,Product View,3
2829,2025-03-24,Add to Cart,4
2829,2025-03-28,Checkout,5
2830,2025-11-25,Landing,1
2830,2025-11-21,Browse,2
2830,2025-11-17,Product View,3
2831,2025-12-19,Landing,1
2832,2025-07-06,Landing,1
2832,2025-07-11,Browse,2
2832,2025-07-13,Product View,3
2832,2025-07-09,Add to Cart,4
2832,2025-07-06,Checkout,5
2833,2025-04-19,Landing,1
2833,2025-04-28,Browse,2
2834,2025-03-14,Landing,1
2834,2025-03-13,Browse,2
2834,2025-03-16,Product View,3
2834,2025-03-06,Add to Cart,4
2835,2025-08-18,Landing,1
2835,2025-08-23,Browse,2
2835,2025-08-25,Product View,3
2835,2025-08-17,Add to Cart,4
2836,2025-12-03,Landing,1
2836,2025-12-09,Browse,2
2837,2025-05-15,Landing,1
2838,2025-10-18,Landing,1
2838,2025-10-24,Browse,2
2839,2025-07-21,Landing,1
2839,2025-07-10,Browse,2
2839,2025-07-19,Product View,3
2839,2025-07-16,Add to Cart,4
2840,2025-08-08,Landing,1
2840,2025-08-08,Browse,2
2841,2025-05-26,Landing,1
2841,2025-05-30,Browse,2
2842,2025-08-20,Landing,1
2842,2025-08-19,Browse,2
2843,2025-06-07,Landing,1
2843,2025-06-05,Browse,2
2843,2025-06-03,Product View,3
2844,2025-03-13,Landing,1
2844,2025-03-08,Browse,2
2844,2025-03-03,Product View,3
2845,2025-07-23,Landing,1
2845,2025-07-19,Browse,2
2845,2025-07-18,Product View,3
2846,2025-09-21,Landing,1
2846,2025-09-13,Browse,2
2846,2025-09-15,Product View,3
2846,2025-09-15,Add to Cart,4
2846,2025-09-13,Checkout,5
2847,2025-06-06,Landing,1
2847,2025-06-10,Browse,2
2847,2025-06-14,Product View,3
2847,2025-06-04,Add to Cart,4
2848,2025-05-18,Landing,1
2849,2025-06-27,Landing,1
2850,2025-12-02,Landing,1
2851,2025-08-10,Landing,1
2851,2025-08-07,Browse,2
2851,2025-08-06,Product View,3
2851,2025-08-11,Add to Cart,4
2851,2025-08-04,Checkout,5
2851,2025-08-15,Purchase,6
2852,2025-07-06,Landing,1
2852,2025-07-05,Browse,2
2852,2025-07-03,Product View,3
2852,2025-07-02,Add to Cart,4
2852,2025-07-01,Checkout,5
2852,2025-07-03,Purchase,6
2852,2025-07-06,Signup,7
2853,2025-03-16,Landing,1
2854,2025-09-16,Landing,1
2855,2025-06-29,Landing,1
2856,2025-06-25,Landing,1
2856,2025-06-20,Browse,2
2856,2025-06-19,Product View,3
2856,2025-06-18,Add to Cart,4
2856,2025-06-20,Checkout,5
2856,2025-06-29,Purchase,6
2856,2025-06-25,Signup,7
2857,2025-08-13,Landing,1
2857,2025-08-21,Browse,2
2857,2025-08-14,Product View,3
2857,2025-08-25,Add to Cart,4
2857,2025-08-18,Checkout,5
2857,2025-08-15,Purchase,6
2857,2025-08-21,Signup,7
2858,2025-07-25,Landing,1
2859,2025-06-08,Landing,1
2859,2025-05-30,Browse,2
2859,2025-05-30,Product View,3
2860,2025-06-06,Landing,1
2860,2025-06-05,Browse,2
2860,2025-05-30,Product View,3
2860,2025-06-05,Add to Cart,4
2860,2025-05-30,Checkout,5
2860,2025-06-02,Purchase,6
2860,2025-06-04,Signup,7
2861,2025-03-23,Landing,1
2862,2025-12-08,Landing,1
2862,2025-12-18,Browse,2
2862,2025-12-18,Product View,3
2862,2025-12-18,Add to Cart,4
2862,2025-12-17,Checkout,5
2863,2025-06-26,Landing,1
2863,2025-06-26,Browse,2
2864,2025-11-18,Landing,1
2864,2025-11-17,Browse,2
2865,2025-05-25,Landing,1
2866,2025-09-15,Landing,1
2866,2025-09-27,Browse,2
2867,2025-05-11,Landing,1
2867,2025-05-21,Browse,2
2867,2025-05-13,Product View,3
2867,2025-05-14,Add to Cart,4
2868,2025-04-10,Landing,1
2868,2025-04-11,Browse,2
2868,2025-04-03,Product View,3
2869,2025-07-05,Landing,1
2869,2025-07-10,Browse,2
2869,2025-06-27,Product View,3
2869,2025-07-04,Add to Cart,4
2870,2025-07-20,Landing,1
2871,2025-03-27,Landing,1
2871,2025-03-29,Browse,2
2871,2025-03-28,Product View,3
2872,2025-04-26,Landing,1
2873,2025-12-23,Landing,1
2873,2025-12-18,Browse,2
2873,2025-12-22,Product View,3
2873,2025-12-13,Add to Cart,4
2874,2025-05-29,Landing,1
2875,2025-07-23,Landing,1
2875,2025-07-20,Browse,2
2875,2025-07-20,Product View,3
2875,2025-07-19,Add to Cart,4
2876,2025-06-23,Landing,1
2877,2025-11-21,Landing,1
2877,2025-11-20,Browse,2
2877,2025-11-18,Product View,3
2878,2025-11-04,Landing,1
2878,2025-11-06,Browse,2
2878,2025-11-01,Product View,3
2878,2025-11-13,Add to Cart,4
2879,2025-10-11,Landing,1
2879,2025-10-07,Browse,2
2880,2025-04-03,Landing,1
2880,2025-03-29,Browse,2
2880,2025-03-24,Product View,3
2880,2025-03-24,Add to Cart,4
2880,2025-03-26,Checkout,5
2880,2025-03-24,Purchase,6
2881,2025-09-14,Landing,1
2881,2025-09-10,Browse,2
2881,2025-09-15,Product View,3
2881,2025-09-13,Add to Cart,4
2881,2025-09-06,Checkout,5
2882,2025-06-09,Landing,1
2882,2025-06-04,Browse,2
2883,2025-06-04,Landing,1
2883,2025-06-12,Browse,2
2883,2025-06-06,Product View,3
2883,2025-06-10,Add to Cart,4
2884,2025-09-28,Landing,1
2885,2025-11-03,Landing,1
2885,2025-10-24,Browse,2
2886,2025-06-24,Landing,1
2886,2025-06-24,Browse,2
2886,2025-06-16,Product View,3
2886,2025-06-16,Add to Cart,4
2886,2025-06-22,Checkout,5
2886,2025-06-25,Purchase,6
2886,2025-06-21,Signup,7
2887,2025-12-18,Landing,1
2888,2025-05-22,Landing,1
2889,2025-09-05,Landing,1
2889,2025-09-06,Browse,2
2890,2025-03-27,Landing,1
2890,2025-04-07,Browse,2
2890,2025-04-04,Product View,3
2891,2025-05-07,Landing,1
2891,2025-05-11,Browse,2
2891,2025-05-06,Product View,3
2892,2025-06-27,Landing,1
2892,2025-06-27,Browse,2
2893,2025-09-27,Landing,1
2893,2025-09-20,Browse,2
2894,2025-04-26,Landing,1
2895,2025-09-09,Landing,1
2896,2025-10-12,Landing,1
2897,2025-10-02,Landing,1
2897,2025-09-29,Browse,2
2897,2025-10-04,Product View,3
2897,2025-10-04,Add to Cart,4
2897,2025-09-29,Checkout,5
2898,2025-03-15,Landing,1
2898,2025-03-10,Browse,2
2898,2025-03-14,Product View,3
2898,2025-03-14,Add to Cart,4
2898,2025-03-10,Checkout,5
2898,2025-03-20,Purchase,6
2899,2025-10-08,Landing,1
2899,2025-10-10,Browse,2
2899,2025-10-13,Product View,3
2900,2025-10-05,Landing,1
2900,2025-10-04,Browse,2
2901,2025-09-25,Landing,1
2901,2025-09-23,Browse,2
2901,2025-09-27,Product View,3
2901,2025-09-18,Add to Cart,4
2901,2025-09-28,Checkout,5
2901,2025-09-21,Purchase,6
2901,2025-09-19,Signup,7
2902,2025-11-19,Landing,1
2902,2025-11-30,Browse,2
2902,2025-11-18,Product View,3
2903,2025-10-30,Landing,1
2903,2025-11-01,Browse,2
2904,2025-08-15,Landing,1
2904,2025-08-03,Browse,2
2905,2025-05-05,Landing,1
2906,2025-05-20,Landing,1
2906,2025-05-30,Browse,2
2907,2025-06-01,Landing,1
2907,2025-06-03,Browse,2
2907,2025-06-07,Product View,3
2907,2025-06-07,Add to Cart,4
2907,2025-05-29,Checkout,5
2907,2025-06-03,Purchase,6
2907,2025-06-01,Signup,7
2908,2025-10-17,Landing,1
2908,2025-10-21,Browse,2
2908,2025-10-17,Product View,3
2908,2025-10-14,Add to Cart,4
2909,2025-07-29,Landing,1
2909,2025-07-28,Browse,2
2909,2025-07-28,Product View,3
2910,2025-12-22,Landing,1
2910,2025-12-26,Browse,2
2910,2025-12-19,Product View,3
2911,2025-12-17,Landing,1
2912,2025-07-18,Landing,1
2912,2025-07-24,Browse,2
2912,2025-07-25,Product View,3
2913,2025-09-25,Landing,1
2913,2025-09-15,Browse,2
2914,2025-06-25,Landing,1
2915,2025-11-21,Landing,1
2915,2025-11-21,Browse,2
2915,2025-11-23,Product View,3
2916,2025-04-03,Landing,1
2917,2025-05-04,Landing,1
2917,2025-05-02,Browse,2
2918,2025-08-20,Landing,1
2918,2025-08-18,Browse,2
2918,2025-08-16,Product View,3
2918,2025-08-12,Add to Cart,4
2918,2025-08-11,Checkout,5
2918,2025-08-14,Purchase,6
2918,2025-08-14,Signup,7
2919,2025-12-17,Landing,1
2920,2025-04-11,Landing,1
2921,2025-06-20,Landing,1
2922,2025-07-26,Landing,1
2922,2025-07-31,Browse,2
2922,2025-07-31,Product View,3
2923,2025-05-27,Landing,1
2923,2025-06-05,Browse,2
2923,2025-06-04,Product View,3
2923,2025-06-09,Add to Cart,4
2923,2025-06-06,Checkout,5
2924,2025-06-08,Landing,1
2924,2025-06-09,Browse,2
2925,2025-08-30,Landing,1
2926,2025-11-06,Landing,1
2926,2025-11-10,Browse,2
2926,2025-11-11,Product View,3
2926,2025-11-10,Add to Cart,4
2927,2025-05-23,Landing,1
2928,2025-12-07,Landing,1
2928,2025-11-26,Browse,2
2928,2025-12-03,Product View,3
2928,2025-12-04,Add to Cart,4
2929,2025-09-06,Landing,1
2929,2025-09-07,Browse,2
2929,2025-09-01,Product View,3
2930,2025-08-30,Landing,1
2930,2025-09-04,Browse,2
2931,2025-04-13,Landing,1
2931,2025-04-07,Browse,2
2932,2025-05-14,Landing,1
2932,2025-05-20,Browse,2
2933,2025-03-16,Landing,1
2934,2025-10-26,Landing,1
2934,2025-10-29,Browse,2
2934,2025-10-22,Product View,3
2934,2025-10-20,Add to Cart,4
2934,2025-10-21,Checkout,5
2935,2025-04-18,Landing,1
2936,2025-05-04,Landing,1
2936,2025-05-02,Browse,2
2937,2025-11-12,Landing,1
2937,2025-11-02,Browse,2
2938,2025-10-07,Landing,1
2938,2025-10-11,Browse,2
2939,2025-06-16,Landing,1
2939,2025-06-11,Browse,2
2939,2025-06-22,Product View,3
2939,2025-06-19,Add to Cart,4
2939,2025-06-22,Checkout,5
2940,2025-07-03,Landing,1
2940,2025-07-01,Browse,2
2940,2025-07-04,Product View,3
2940,2025-06-24,Add to Cart,4
2940,2025-07-04,Checkout,5
2941,2025-12-09,Landing,1
2942,2025-12-16,Landing,1
2942,2025-12-18,Browse,2
2943,2025-10-24,Landing,1
2944,2025-10-21,Landing,1
2945,2025-06-22,Landing,1
2945,2025-06-16,Browse,2
2946,2025-11-15,Landing,1
2947,2025-06-07,Landing,1
2947,2025-05-31,Browse,2
2947,2025-05-30,Product View,3
2947,2025-06-05,Add to Cart,4
2947,2025-05-28,Checkout,5
2947,2025-06-05,Purchase,6
2947,2025-06-09,Signup,7
2948,2025-03-29,Landing,1
2948,2025-04-02,Browse,2
2948,2025-03-26,Product View,3
2949,2025-09-05,Landing,1
2949,2025-09-06,Browse,2
2949,2025-09-02,Product View,3
2949,2025-08-31,Add to Cart,4
2949,2025-08-28,Checkout,5
2950,2025-11-22,Landing,1
2950,2025-11-29,Browse,2
2950,2025-11-28,Product View,3
2950,2025-12-01,Add to Cart,4
2951,2025-09-10,Landing,1
2952,2025-12-10,Landing,1
2952,2025-12-10,Browse,2
2952,2025-12-07,Product View,3
2952,2025-12-14,Add to Cart,4
2953,2025-08-29,Landing,1
2953,2025-09-03,Browse,2
2953,2025-09-04,Product View,3
2953,2025-08-24,Add to Cart,4
2954,2025-09-18,Landing,1
2954,2025-09-22,Browse,2
2955,2025-05-08,Landing,1
2955,2025-05-01,Browse,2
2956,2025-07-10,Landing,1
2956,2025-07-19,Browse,2
2957,2025-07-04,Landing,1
2957,2025-07-04,Browse,2
2957,2025-07-09,Product View,3
2958,2025-06-14,Landing,1
2958,2025-06-24,Browse,2
2958,2025-06-23,Product View,3
2958,2025-06-15,Add to Cart,4
2958,2025-06-12,Checkout,5
2959,2025-03-21,Landing,1
2959,2025-03-14,Browse,2
2959,2025-03-27,Product View,3
2959,2025-03-15,Add to Cart,4
2959,2025-03-25,Checkout,5
2959,2025-03-17,Purchase,6
2959,2025-03-26,Signup,7
2960,2025-06-04,Landing,1
2960,2025-06-04,Browse,2
2961,2025-04-20,Landing,1
2961,2025-04-26,Browse,2
2961,2025-04-27,Product View,3
2961,2025-04-21,Add to Cart,4
2961,2025-04-17,Checkout,5
2962,2025-07-03,Landing,1
2962,2025-06-29,Browse,2
2963,2025-07-31,Landing,1
2963,2025-08-01,Browse,2
2964,2025-04-01,Landing,1
2964,2025-04-04,Browse,2
2964,2025-04-06,Product View,3
2964,2025-03-31,Add to Cart,4
2964,2025-03-31,Checkout,5
2964,2025-04-03,Purchase,6
2964,2025-04-03,Signup,7
2965,2025-08-10,Landing,1
2965,2025-08-18,Browse,2
2965,2025-08-22,Product View,3
2966,2025-07-12,Landing,1
2966,2025-07-12,Browse,2
2967,2025-09-05,Landing,1
2968,2025-09-08,Landing,1
2969,2025-05-21,Landing,1
2969,2025-05-16,Browse,2
2969,2025-05-25,Product View,3
2970,2025-04-15,Landing,1
2970,2025-04-20,Browse,2
2970,2025-04-23,Product View,3
2970,2025-04-22,Add to Cart,4
2970,2025-04-11,Checkout,5
2970,2025-04-11,Purchase,6
2970,2025-04-11,Signup,7
2971,2025-05-13,Landing,1
2971,2025-05-18,Browse,2
2971,2025-05-18,Product View,3
2972,2025-04-19,Landing,1
2973,2025-12-16,Landing,1
2973,2025-12-22,Browse,2
2973,2025-12-15,Product View,3
2974,2025-10-20,Landing,1
2975,2025-04-10,Landing,1
2975,2025-04-09,Browse,2
2975,2025-04-11,Product View,3
2975,2025-04-06,Add to Cart,4
2976,2025-04-24,Landing,1
2977,2025-06-22,Landing,1
2977,2025-06-27,Browse,2
2977,2025-06-21,Product View,3
2977,2025-06-21,Add to Cart,4
2977,2025-06-25,Checkout,5
2977,2025-06-20,Purchase,6
2977,2025-06-24,Signup,7
2978,2025-05-29,Landing,1
2978,2025-05-21,Browse,2
2978,2025-05-24,Product View,3
2978,2025-05-29,Add to Cart,4
2978,2025-05-29,Checkout,5
2978,2025-05-29,Purchase,6
2978,2025-05-18,Signup,7
2979,2025-09-20,Landing,1
2979,2025-09-21,Browse,2
2979,2025-09-15,Product View,3
2980,2025-12-11,Landing,1
2980,2025-11-30,Browse,2
2980,2025-12-03,Product View,3
2981,2025-05-15,Landing,1
2981,2025-05-16,Browse,2
2981,2025-05-22,Product View,3
2982,2025-12-23,Landing,1
2982,2025-12-16,Browse,2
2982,2025-12-17,Product View,3
2982,2025-12-18,Add to Cart,4
2982,2025-12-11,Checkout,5
2983,2025-04-20,Landing,1
2983,2025-04-15,Browse,2
2983,2025-04-22,Product View,3
2983,2025-04-12,Add to Cart,4
2983,2025-04-17,Checkout,5
2983,2025-04-17,Purchase,6
2984,2025-07-08,Landing,1
2984,2025-07-11,Browse,2
2984,2025-07-14,Product View,3
2984,2025-07-07,Add to Cart,4
2984,2025-07-05,Checkout,5
2984,2025-07-10,Purchase,6
2984,2025-07-05,Signup,7
2985,2025-07-05,Landing,1
2985,2025-06-27,Browse,2
2985,2025-07-06,Product View,3
2985,2025-06-29,Add to Cart,4
2986,2025-11-14,Landing,1
2986,2025-11-17,Browse,2
2986,2025-11-11,Product View,3
2986,2025-11-06,Add to Cart,4
2986,2025-11-07,Checkout,5
2986,2025-11-14,Purchase,6
2987,2025-12-02,Landing,1
2987,2025-11-29,Browse,2
2987,2025-12-08,Product View,3
2987,2025-12-10,Add to Cart,4
2987,2025-12-01,Checkout,5
2988,2025-12-20,Landing,1
2989,2025-07-06,Landing,1
2989,2025-07-13,Browse,2
2989,2025-07-13,Product View,3
2990,2025-05-04,Landing,1
2990,2025-04-30,Browse,2
2991,2025-08-17,Landing,1
2991,2025-08-24,Browse,2
2991,2025-08-26,Product View,3
2991,2025-08-18,Add to Cart,4
2991,2025-08-21,Checkout,5
2992,2025-07-04,Landing,1
2993,2025-06-10,Landing,1
2993,2025-06-13,Browse,2
2993,2025-06-09,Product View,3
2994,2025-05-14,Landing,1
2994,2025-05-18,Browse,2
2994,2025-05-19,Product View,3
2994,2025-05-20,Add to Cart,4
2995,2025-11-07,Landing,1
2996,2025-04-25,Landing,1
2996,2025-04-24,Browse,2
2997,2025-12-09,Landing,1
2997,2025-12-10,Browse,2
2997,2025-12-18,Product View,3
2998,2025-10-11,Landing,1
2999,2025-12-07,Landing,1
3000,2025-08-29,Landing,1
3000,2025-09-04,Browse,2
3000,2025-09-08,Product View,3
3001,2025-09-15,Landing,1
3001,2025-09-19,Browse,2
3001,2025-09-13,Product View,3
3002,2025-04-12,Landing,1
3002,2025-04-16,Browse,2
3002,2025-04-22,Product View,3
3002,2025-04-19,Add to Cart,4
3003,2025-09-29,Landing,1
3003,2025-09-17,Browse,2
3003,2025-09-18,Product View,3
3003,2025-09-19,Add to Cart,4
3004,2025-10-06,Landing,1
3005,2025-07-09,Landing,1
3006,2025-04-19,Landing,1
3006,2025-04-29,Browse,2
3006,2025-05-01,Product View,3
3006,2025-05-02,Add to Cart,4
3007,2025-06-10,Landing,1
3007,2025-06-09,Browse,2
3008,2025-07-10,Landing,1
3008,2025-07-09,Browse,2
3009,2025-09-12,Landing,1
3009,2025-09-07,Browse,2
3010,2025-07-15,Landing,1
3010,2025-07-23,Browse,2
3010,2025-07-25,Product View,3
3010,2025-07-25,Add to Cart,4
3010,2025-07-13,Checkout,5
3011,2025-10-27,Landing,1
3012,2025-12-17,Landing,1
3013,2025-09-05,Landing,1
3013,2025-09-11,Browse,2
3013,2025-09-06,Product View,3
3013,2025-09-09,Add to Cart,4
3013,2025-09-13,Checkout,5
3013,2025-09-08,Purchase,6
3014,2025-07-06,Landing,1
3015,2025-06-24,Landing,1
3016,2025-11-22,Landing,1
3016,2025-11-27,Browse,2
3017,2025-06-19,Landing,1
3017,2025-06-16,Browse,2
3017,2025-06-16,Product View,3
3017,2025-06-15,Add to Cart,4
3017,2025-06-13,Checkout,5
3018,2025-07-05,Landing,1
3018,2025-06-30,Browse,2
3019,2025-12-14,Landing,1
3020,2025-09-16,Landing,1
3020,2025-09-23,Browse,2
3020,2025-09-20,Product View,3
3021,2025-12-02,Landing,1
3021,2025-12-03,Browse,2
3022,2025-10-18,Landing,1
3022,2025-10-28,Browse,2
3022,2025-10-18,Product View,3
3022,2025-10-18,Add to Cart,4
3022,2025-10-31,Checkout,5
3022,2025-10-24,Purchase,6
3022,2025-10-27,Signup,7
3023,2025-09-23,Landing,1
3023,2025-09-14,Browse,2
3023,2025-09-21,Product View,3
3024,2025-09-17,Landing,1
3025,2025-08-03,Landing,1
3026,2025-04-11,Landing,1
3026,2025-04-11,Browse,2
3027,2025-06-07,Landing,1
3027,2025-06-02,Browse,2
3027,2025-06-12,Product View,3
3027,2025-06-03,Add to Cart,4
3027,2025-06-02,Checkout,5
3027,2025-06-14,Purchase,6
3027,2025-06-06,Signup,7
3028,2025-05-06,Landing,1
3028,2025-05-11,Browse,2
3028,2025-04-28,Product View,3
3028,2025-05-07,Add to Cart,4
3028,2025-05-01,Checkout,5
3028,2025-04-30,Purchase,6
3028,2025-05-01,Signup,7
3029,2025-11-30,Landing,1
3029,2025-11-23,Browse,2
3029,2025-11-26,Product View,3
3030,2025-09-22,Landing,1
3030,2025-09-19,Browse,2
3030,2025-09-18,Product View,3
3030,2025-09-12,Add to Cart,4
3030,2025-09-21,Checkout,5
3030,2025-09-13,Purchase,6
3030,2025-09-11,Signup,7
3031,2025-05-20,Landing,1
3031,2025-05-15,Browse,2
3031,2025-05-14,Product View,3
3031,2025-05-16,Add to Cart,4
3032,2025-04-20,Landing,1
3032,2025-04-17,Browse,2
3032,2025-04-29,Product View,3
3032,2025-04-22,Add to Cart,4
3032,2025-04-24,Checkout,5
3033,2025-09-29,Landing,1
3034,2025-08-04,Landing,1
3034,2025-08-03,Browse,2
3034,2025-08-08,Product View,3
3034,2025-08-05,Add to Cart,4
3035,2025-06-16,Landing,1
3035,2025-06-08,Browse,2
3035,2025-06-15,Product View,3
3035,2025-06-10,Add to Cart,4
3036,2025-04-11,Landing,1
3036,2025-04-07,Browse,2
3036,2025-04-11,Product View,3
3036,2025-04-20,Add to Cart,4
3036,2025-04-14,Checkout,5
3037,2025-12-27,Landing,1
3038,2025-11-23,Landing,1
3039,2025-08-28,Landing,1
3039,2025-08-31,Browse,2
3040,2025-03-23,Landing,1
3040,2025-03-26,Browse,2
3040,2025-03-21,Product View,3
3040,2025-03-22,Add to Cart,4
3041,2025-12-10,Landing,1
3042,2025-12-01,Landing,1
3043,2025-04-04,Landing,1
3044,2025-04-21,Landing,1
3044,2025-04-16,Browse,2
3044,2025-04-16,Product View,3
3044,2025-04-22,Add to Cart,4
3044,2025-04-25,Checkout,5
3044,2025-04-17,Purchase,6
3044,2025-04-16,Signup,7
3045,2025-12-15,Landing,1
3046,2025-04-08,Landing,1
3047,2025-05-18,Landing,1
3047,2025-05-26,Browse,2
3048,2025-11-30,Landing,1
3048,2025-11-19,Browse,2
3048,2025-11-22,Product View,3
3048,2025-11-17,Add to Cart,4
3048,2025-11-23,Checkout,5
3049,2025-09-25,Landing,1
3049,2025-09-23,Browse,2
3049,2025-09-22,Product View,3
3049,2025-09-21,Add to Cart,4
3050,2025-06-23,Landing,1
3050,2025-06-22,Browse,2
3050,2025-06-27,Product View,3
3050,2025-06-23,Add to Cart,4
3051,2025-04-18,Landing,1
3051,2025-04-26,Browse,2
3052,2025-04-10,Landing,1
3053,2025-09-13,Landing,1
3053,2025-09-10,Browse,2
3053,2025-09-03,Product View,3
3053,2025-09-11,Add to Cart,4
3053,2025-09-03,Checkout,5
3053,2025-09-08,Purchase,6
3054,2025-11-26,Landing,1
3054,2025-11-26,Browse,2
3054,2025-11-24,Product View,3
3054,2025-12-06,Add to Cart,4
3055,2025-08-11,Landing,1
3055,2025-08-11,Browse,2
3056,2025-08-22,Landing,1
3056,2025-08-25,Browse,2
3056,2025-09-02,Product View,3
3056,2025-08-23,Add to Cart,4
3056,2025-08-29,Checkout,5
3056,2025-08-25,Purchase,6
3056,2025-09-02,Signup,7
3057,2025-08-15,Landing,1
3057,2025-08-16,Browse,2
3057,2025-08-12,Product View,3
3058,2025-03-18,Landing,1
3059,2025-06-19,Landing,1
3059,2025-06-22,Browse,2
3059,2025-06-26,Product View,3
3059,2025-06-17,Add to Cart,4
3060,2025-06-12,Landing,1
3061,2025-07-21,Landing,1
3061,2025-07-17,Browse,2
3061,2025-07-23,Product View,3
3061,2025-07-18,Add to Cart,4
3062,2025-06-15,Landing,1
3062,2025-06-23,Browse,2
3063,2025-04-26,Landing,1
3063,2025-04-20,Browse,2
3063,2025-04-16,Product View,3
3063,2025-04-14,Add to Cart,4
3064,2025-10-29,Landing,1
3065,2025-06-07,Landing,1
3065,2025-06-13,Browse,2
3065,2025-06-04,Product View,3
3065,2025-06-05,Add to Cart,4
3066,2025-11-16,Landing,1
3066,2025-11-17,Browse,2
3066,2025-11-08,Product View,3
3067,2025-04-10,Landing,1
3068,2025-09-24,Landing,1
3068,2025-10-03,Browse,2
3068,2025-10-03,Product View,3
3069,2025-03-14,Landing,1
3069,2025-03-13,Browse,2
3069,2025-03-15,Product View,3
3070,2025-08-13,Landing,1
3071,2025-11-25,Landing,1
3072,2025-05-08,Landing,1
3073,2025-06-08,Landing,1
3073,2025-05-28,Browse,2
3074,2025-07-06,Landing,1
3075,2025-05-08,Landing,1
3075,2025-05-12,Browse,2
3075,2025-05-11,Product View,3
3075,2025-05-02,Add to Cart,4
3076,2025-07-12,Landing,1
3076,2025-07-05,Browse,2
3076,2025-07-11,Product View,3
3077,2025-03-31,Landing,1
3078,2025-04-19,Landing,1
3079,2025-07-07,Landing,1
3080,2025-05-25,Landing,1
3080,2025-05-23,Browse,2
3080,2025-05-26,Product View,3
3081,2025-11-21,Landing,1
3081,2025-11-22,Browse,2
3081,2025-11-13,Product View,3
3081,2025-11-21,Add to Cart,4
3082,2025-06-20,Landing,1
3082,2025-06-20,Browse,2
3082,2025-06-21,Product View,3
3082,2025-06-12,Add to Cart,4
3083,2025-07-22,Landing,1
3083,2025-07-23,Browse,2
3084,2025-06-22,Landing,1
3085,2025-05-22,Landing,1
3086,2025-10-04,Landing,1
3087,2025-06-13,Landing,1
3087,2025-06-10,Browse,2
3088,2025-07-23,Landing,1
3088,2025-08-01,Browse,2
3088,2025-07-28,Product View,3
3088,2025-08-03,Add to Cart,4
3088,2025-07-22,Checkout,5
3088,2025-08-03,Purchase,6
3088,2025-07-26,Signup,7
3089,2025-04-08,Landing,1
3090,2025-05-30,Landing,1
3090,2025-06-06,Browse,2
3091,2025-12-20,Landing,1
3091,2025-12-19,Browse,2
3091,2025-12-23,Product View,3
3091,2025-12-14,Add to Cart,4
3091,2025-12-18,Checkout,5
3091,2025-12-21,Purchase,6
3091,2025-12-23,Signup,7
3092,2025-07-18,Landing,1
3093,2025-10-20,Landing,1
3093,2025-10-25,Browse,2
3093,2025-10-28,Product View,3
3094,2025-04-18,Landing,1
3094,2025-04-25,Browse,2
3094,2025-04-17,Product View,3
3094,2025-04-26,Add to Cart,4
3094,2025-04-17,Checkout,5
3094,2025-04-24,Purchase,6
3094,2025-04-21,Signup,7
3095,2025-10-27,Landing,1
3095,2025-10-26,Browse,2
3096,2025-03-19,Landing,1
3097,2025-04-14,Landing,1
3097,2025-04-13,Browse,2
3097,2025-04-25,Product View,3
3097,2025-04-18,Add to Cart,4
3097,2025-04-13,Checkout,5
3097,2025-04-22,Purchase,6
3098,2025-09-04,Landing,1
3098,2025-09-04,Browse,2
3099,2025-03-26,Landing,1
3099,2025-03-22,Browse,2
3099,2025-03-21,Product View,3
3100,2025-06-09,Landing,1
3100,2025-06-10,Browse,2
3100,2025-06-07,Product View,3
3101,2025-12-16,Landing,1
3101,2025-12-24,Browse,2
3101,2025-12-23,Product View,3
3102,2025-11-08,Landing,1
3103,2025-05-26,Landing,1
3103,2025-05-21,Browse,2
3104,2025-12-12,Landing,1
3104,2025-12-12,Browse,2
3105,2025-07-09,Landing,1
3105,2025-07-03,Browse,2
3105,2025-07-04,Product View,3
3105,2025-07-03,Add to Cart,4
3106,2025-08-03,Landing,1
3106,2025-08-04,Browse,2
3106,2025-08-12,Product View,3
3107,2025-08-09,Landing,1
3107,2025-08-05,Browse,2
3107,2025-08-10,Product View,3
3107,2025-08-03,Add to Cart,4
3107,2025-08-10,Checkout,5
3108,2025-11-20,Landing,1
3108,2025-11-14,Browse,2
3108,2025-11-21,Product View,3
3108,2025-11-19,Add to Cart,4
3109,2025-05-12,Landing,1
3109,2025-05-15,Browse,2
3110,2025-08-21,Landing,1
3111,2025-10-02,Landing,1
3112,2025-09-11,Landing,1
3113,2025-05-10,Landing,1
3113,2025-05-14,Browse,2
3113,2025-05-05,Product View,3
3113,2025-05-06,Add to Cart,4
3114,2025-06-16,Landing,1
3114,2025-06-15,Browse,2
3114,2025-06-21,Product View,3
3115,2025-03-23,Landing,1
3115,2025-03-19,Browse,2
3116,2025-10-17,Landing,1
3116,2025-10-08,Browse,2
3116,2025-10-16,Product View,3
3116,2025-10-06,Add to Cart,4
3116,2025-10-14,Checkout,5
3116,2025-10-05,Purchase,6
3116,2025-10-16,Signup,7
3117,2025-09-19,Landing,1
3117,2025-09-22,Browse,2
3118,2025-09-30,Landing,1
3118,2025-10-04,Browse,2
3119,2025-03-22,Landing,1
3119,2025-03-18,Browse,2
3119,2025-03-17,Product View,3
3119,2025-03-26,Add to Cart,4
3120,2025-08-16,Landing,1
3120,2025-08-17,Browse,2
3120,2025-08-17,Product View,3
3121,2025-12-09,Landing,1
3121,2025-12-11,Browse,2
3121,2025-12-18,Product View,3
3121,2025-12-15,Add to Cart,4
3122,2025-07-23,Landing,1
3122,2025-07-24,Browse,2
3122,2025-07-22,Product View,3
3122,2025-07-15,Add to Cart,4
3122,2025-07-21,Checkout,5
3122,2025-07-19,Purchase,6
3122,2025-07-22,Signup,7
3123,2025-06-05,Landing,1
3123,2025-06-02,Browse,2
3124,2025-09-24,Landing,1
3124,2025-09-28,Browse,2
3124,2025-09-18,Product View,3
3125,2025-09-22,Landing,1
3126,2025-07-25,Landing,1
3126,2025-07-25,Browse,2
3127,2025-05-29,Landing,1
3127,2025-06-02,Browse,2
3127,2025-05-26,Product View,3
3128,2025-03-12,Landing,1
3129,2025-04-18,Landing,1
3129,2025-04-22,Browse,2
3130,2025-09-13,Landing,1
3130,2025-09-17,Browse,2
3130,2025-09-21,Product View,3
3131,2025-07-18,Landing,1
3131,2025-07-24,Browse,2
3131,2025-07-19,Product View,3
3131,2025-07-16,Add to Cart,4
3131,2025-07-17,Checkout,5
3132,2025-11-01,Landing,1
3132,2025-11-04,Browse,2
3132,2025-11-03,Product View,3
3133,2025-04-02,Landing,1
3134,2025-03-03,Landing,1
3134,2025-03-09,Browse,2
3135,2025-10-20,Landing,1
3135,2025-10-17,Browse,2
3135,2025-10-27,Product View,3
3135,2025-10-20,Add to Cart,4
3136,2025-11-13,Landing,1
3136,2025-11-15,Browse,2
3137,2025-12-15,Landing,1
3137,2025-12-14,Browse,2
3137,2025-12-12,Product View,3
3137,2025-12-06,Add to Cart,4
3138,2025-12-08,Landing,1
3139,2025-05-22,Landing,1
3140,2025-03-06,Landing,1
3140,2025-03-04,Browse,2
3140,2025-03-08,Product View,3
3140,2025-03-02,Add to Cart,4
3140,2025-03-12,Checkout,5
3140,2025-03-06,Purchase,6
3141,2025-05-30,Landing,1
3141,2025-06-01,Browse,2
3141,2025-06-09,Product View,3
3142,2025-05-06,Landing,1
3142,2025-04-27,Browse,2
3142,2025-05-09,Product View,3
3142,2025-05-04,Add to Cart,4
3143,2025-08-01,Landing,1
3143,2025-08-01,Browse,2
3143,2025-08-02,Product View,3
3143,2025-08-01,Add to Cart,4
3143,2025-08-12,Checkout,5
3144,2025-04-08,Landing,1
3145,2025-07-07,Landing,1
3145,2025-06-30,Browse,2
3145,2025-06-30,Product View,3
3145,2025-07-10,Add to Cart,4
3146,2025-08-20,Landing,1
3146,2025-08-22,Browse,2
3146,2025-08-25,Product View,3
3147,2025-11-21,Landing,1
3147,2025-11-28,Browse,2
3147,2025-12-03,Product View,3
3148,2025-04-18,Landing,1
3148,2025-04-12,Browse,2
3148,2025-04-11,Product View,3
3149,2025-04-29,Landing,1
3150,2025-03-19,Landing,1
3151,2025-10-02,Landing,1
3151,2025-09-27,Browse,2
3151,2025-10-04,Product View,3
3152,2025-05-09,Landing,1
3152,2025-05-06,Browse,2
3153,2025-10-14,Landing,1
3153,2025-10-17,Browse,2
3153,2025-10-10,Product View,3
3153,2025-10-16,Add to Cart,4
3153,2025-10-21,Checkout,5
3153,2025-10-20,Purchase,6
3153,2025-10-21,Signup,7
3154,2025-10-29,Landing,1
3154,2025-11-05,Browse,2
3154,2025-11-04,Product View,3
3154,2025-10-26,Add to Cart,4
3154,2025-10-26,Checkout,5
3154,2025-10-27,Purchase,6
3154,2025-11-05,Signup,7
3155,2025-03-10,Landing,1
3156,2025-07-21,Landing,1
3156,2025-08-02,Browse,2
3156,2025-08-01,Product View,3
3156,2025-07-25,Add to Cart,4
3156,2025-07-28,Checkout,5
3156,2025-08-03,Purchase,6
3156,2025-08-02,Signup,7
3157,2025-11-29,Landing,1
3157,2025-11-28,Browse,2
3158,2025-11-05,Landing,1
3158,2025-11-03,Browse,2
3158,2025-10-31,Product View,3
3158,2025-10-29,Add to Cart,4
3159,2025-09-04,Landing,1
3159,2025-09-10,Browse,2
3159,2025-09-08,Product View,3
3159,2025-09-03,Add to Cart,4
3159,2025-08-29,Checkout,5
3159,2025-09-05,Purchase,6
3160,2025-12-18,Landing,1
3160,2025-12-15,Browse,2
3160,2025-12-22,Product View,3
3160,2025-12-24,Add to Cart,4
3160,2025-12-24,Checkout,5
3161,2025-07-11,Landing,1
3161,2025-07-11,Browse,2
3161,2025-07-11,Product View,3
3162,2025-11-01,Landing,1
3162,2025-10-29,Browse,2
3162,2025-10-30,Product View,3
3162,2025-10-29,Add to Cart,4
3163,2025-08-17,Landing,1
3163,2025-08-17,Browse,2
3163,2025-08-19,Product View,3
3163,2025-08-19,Add to Cart,4
3164,2025-07-04,Landing,1
3165,2025-07-29,Landing,1
3165,2025-07-31,Browse,2
3165,2025-07-29,Product View,3
3165,2025-08-05,Add to Cart,4
3166,2025-06-26,Landing,1
3166,2025-07-06,Browse,2
3167,2025-11-12,Landing,1
3167,2025-11-08,Browse,2
3167,2025-11-12,Product View,3
3168,2025-09-22,Landing,1
3168,2025-09-20,Browse,2
3168,2025-09-23,Product View,3
3169,2025-05-26,Landing,1
3169,2025-05-30,Browse,2
3169,2025-05-29,Product View,3
3169,2025-06-07,Add to Cart,4
3169,2025-06-01,Checkout,5
3169,2025-05-26,Purchase,6
3170,2025-04-29,Landing,1
3171,2025-12-16,Landing,1
3171,2025-12-14,Browse,2
3172,2025-03-24,Landing,1
3173,2025-08-17,Landing,1
3173,2025-08-15,Browse,2
3174,2025-12-07,Landing,1
3174,2025-12-19,Browse,2
3174,2025-12-12,Product View,3
3175,2025-10-16,Landing,1
3175,2025-10-23,Browse,2
3176,2025-05-05,Landing,1
3176,2025-05-15,Browse,2
3176,2025-05-11,Product View,3
3176,2025-05-11,Add to Cart,4
3177,2025-04-07,Landing,1
3177,2025-04-07,Browse,2
3178,2025-06-04,Landing,1
3178,2025-06-02,Browse,2
3179,2025-03-18,Landing,1
3179,2025-03-14,Browse,2
3179,2025-03-10,Product View,3
3180,2025-07-21,Landing,1
3181,2025-08-26,Landing,1
3182,2025-12-18,Landing,1
3182,2025-12-24,Browse,2
3182,2025-12-23,Product View,3
3182,2025-12-15,Add to Cart,4
3183,2025-06-20,Landing,1
3184,2025-09-11,Landing,1
3184,2025-09-10,Browse,2
3184,2025-09-02,Product View,3
3184,2025-09-14,Add to Cart,4
3185,2025-06-28,Landing,1
3185,2025-06-27,Browse,2
3185,2025-06-18,Product View,3
3185,2025-06-16,Add to Cart,4
3186,2025-12-25,Landing,1
3186,2025-12-22,Browse,2
3186,2025-12-14,Product View,3
3187,2025-05-27,Landing,1
3187,2025-06-06,Browse,2
3188,2025-08-13,Landing,1
3188,2025-08-14,Browse,2
3188,2025-08-12,Product View,3
3189,2025-10-23,Landing,1
3189,2025-10-30,Browse,2
3190,2025-07-02,Landing,1
3190,2025-06-28,Browse,2
3190,2025-06-28,Product View,3
3190,2025-06-22,Add to Cart,4
3191,2025-06-18,Landing,1
3191,2025-06-18,Browse,2
3192,2025-09-23,Landing,1
3193,2025-07-04,Landing,1
3193,2025-07-10,Browse,2
3193,2025-07-15,Product View,3
3194,2025-07-18,Landing,1
3194,2025-07-15,Browse,2
3195,2025-09-10,Landing,1
3195,2025-09-05,Browse,2
3196,2025-09-21,Landing,1
3196,2025-09-13,Browse,2
3196,2025-09-10,Product View,3
3196,2025-09-09,Add to Cart,4
3197,2025-10-09,Landing,1
3198,2025-06-04,Landing,1
3198,2025-06-03,Browse,2
3198,2025-06-04,Product View,3
3198,2025-05-27,Add to Cart,4
3199,2025-10-24,Landing,1
3199,2025-10-21,Browse,2
3199,2025-10-26,Product View,3
3199,2025-10-25,Add to Cart,4
3200,2025-04-29,Landing,1
3200,2025-05-01,Browse,2
3201,2025-11-02,Landing,1
3202,2025-03-10,Landing,1
3202,2025-03-07,Browse,2
3203,2025-05-07,Landing,1
3203,2025-05-06,Browse,2
3203,2025-04-30,Product View,3
3204,2025-04-03,Landing,1
3205,2025-12-14,Landing,1
3205,2025-12-06,Browse,2
3206,2025-10-22,Landing,1
3207,2025-12-15,Landing,1
3207,2025-12-20,Browse,2
3207,2025-12-24,Product View,3
3208,2025-05-03,Landing,1
3209,2025-04-26,Landing,1
3210,2025-10-20,Landing,1
3210,2025-10-17,Browse,2
3210,2025-10-26,Product View,3
3210,2025-10-23,Add to Cart,4
3210,2025-10-24,Checkout,5
3210,2025-10-23,Purchase,6
3210,2025-10-18,Signup,7
3211,2025-11-21,Landing,1
3212,2025-08-03,Landing,1
3212,2025-08-04,Browse,2
3212,2025-08-06,Product View,3
3212,2025-08-05,Add to Cart,4
3212,2025-07-30,Checkout,5
3212,2025-07-29,Purchase,6
3213,2025-12-24,Landing,1
3213,2025-12-26,Browse,2
3213,2025-12-27,Product View,3
3213,2025-12-16,Add to Cart,4
3214,2025-07-22,Landing,1
3214,2025-07-24,Browse,2
3215,2025-07-27,Landing,1
3215,2025-07-22,Browse,2
3216,2025-07-31,Landing,1
3216,2025-08-02,Browse,2
3217,2025-06-26,Landing,1
3217,2025-06-13,Browse,2
3218,2025-08-06,Landing,1
3219,2025-05-30,Landing,1
3220,2025-03-13,Landing,1
3220,2025-03-13,Browse,2
3220,2025-03-11,Product View,3
3220,2025-03-04,Add to Cart,4
3220,2025-03-13,Checkout,5
3221,2025-08-23,Landing,1
3221,2025-08-16,Browse,2
3221,2025-08-13,Product View,3
3221,2025-08-15,Add to Cart,4
3221,2025-08-14,Checkout,5
3221,2025-08-24,Purchase,6
3221,2025-08-24,Signup,7
3222,2025-10-26,Landing,1
3223,2025-07-27,Landing,1
3223,2025-07-30,Browse,2
3223,2025-07-27,Product View,3
3223,2025-08-06,Add to Cart,4
3223,2025-07-27,Checkout,5
3223,2025-07-30,Purchase,6
3224,2025-11-26,Landing,1
3225,2025-04-11,Landing,1
3225,2025-04-22,Browse,2
3226,2025-07-20,Landing,1
3226,2025-07-24,Browse,2
3227,2025-10-30,Landing,1
3228,2025-06-17,Landing,1
3229,2025-05-10,Landing,1
3229,2025-05-16,Browse,2
3230,2025-09-14,Landing,1
3230,2025-09-11,Browse,2
3230,2025-09-22,Product View,3
3230,2025-09-15,Add to Cart,4
3230,2025-09-16,Checkout,5
3230,2025-09-16,Purchase,6
3231,2025-03-18,Landing,1
3232,2025-03-13,Landing,1
3232,2025-03-09,Browse,2
3232,2025-03-20,Product View,3
3232,2025-03-14,Add to Cart,4
3233,2025-09-19,Landing,1
3233,2025-09-19,Browse,2
3233,2025-09-19,Product View,3
3234,2025-08-18,Landing,1
3235,2025-07-05,Landing,1
3235,2025-07-02,Browse,2
3235,2025-07-07,Product View,3
3236,2025-10-08,Landing,1
3236,2025-10-17,Browse,2
3236,2025-10-16,Product View,3
3237,2025-08-14,Landing,1
3237,2025-08-04,Browse,2
3237,2025-08-09,Product View,3
3237,2025-08-10,Add to Cart,4
3237,2025-08-03,Checkout,5
3237,2025-08-16,Purchase,6
3238,2025-09-20,Landing,1
3238,2025-09-17,Browse,2
3238,2025-09-15,Product View,3
3239,2025-03-21,Landing,1
3239,2025-03-21,Browse,2
3239,2025-03-27,Product View,3
3240,2025-06-30,Landing,1
3240,2025-06-30,Browse,2
3240,2025-06-29,Product View,3
3240,2025-07-01,Add to Cart,4
3240,2025-06-29,Checkout,5
3241,2025-11-12,Landing,1
3242,2025-04-05,Landing,1
3242,2025-04-05,Browse,2
3243,2025-04-01,Landing,1
3244,2025-06-02,Landing,1
3245,2025-11-02,Landing,1
3245,2025-11-11,Browse,2
3245,2025-11-12,Product View,3
3246,2025-05-15,Landing,1
3246,2025-05-13,Browse,2
3247,2025-05-11,Landing,1
3247,2025-05-18,Browse,2
3247,2025-05-08,Product View,3
3248,2025-06-06,Landing,1
3249,2025-12-11,Landing,1
3250,2025-11-03,Landing,1
3250,2025-11-16,Browse,2
3250,2025-11-07,Product View,3
3250,2025-11-05,Add to Cart,4
3250,2025-11-13,Checkout,5
3251,2025-10-21,Landing,1
3251,2025-10-20,Browse,2
3251,2025-10-29,Product View,3
3251,2025-10-25,Add to Cart,4
3251,2025-10-29,Checkout,5
3251,2025-10-17,Purchase,6
3251,2025-10-25,Signup,7
3252,2025-08-03,Landing,1
3252,2025-07-26,Browse,2
3252,2025-07-25,Product View,3
3253,2025-10-25,Landing,1
3253,2025-10-16,Browse,2
3253,2025-10-26,Product View,3
3253,2025-10-22,Add to Cart,4
3253,2025-10-20,Checkout,5
3253,2025-10-22,Purchase,6
3253,2025-10-27,Signup,7
3254,2025-04-27,Landing,1
3254,2025-04-19,Browse,2
3254,2025-04-22,Product View,3
3254,2025-04-20,Add to Cart,4
3255,2025-09-21,Landing,1
3255,2025-09-18,Browse,2
3255,2025-09-20,Product View,3
3255,2025-09-29,Add to Cart,4
3256,2025-11-04,Landing,1
3256,2025-11-02,Browse,2
3257,2025-03-30,Landing,1
3258,2025-08-02,Landing,1
3259,2025-07-07,Landing,1
3259,2025-07-03,Browse,2
3259,2025-07-08,Product View,3
3259,2025-07-13,Add to Cart,4
3260,2025-11-13,Landing,1
3260,2025-11-16,Browse,2
3260,2025-11-24,Product View,3
3261,2025-08-18,Landing,1
3261,2025-08-20,Browse,2
3261,2025-08-31,Product View,3
3262,2025-10-29,Landing,1
3262,2025-10-22,Browse,2
3262,2025-11-01,Product View,3
3262,2025-10-28,Add to Cart,4
3262,2025-10-25,Checkout,5
3262,2025-10-24,Purchase,6
3262,2025-10-29,Signup,7
3263,2025-04-26,Landing,1
3263,2025-04-30,Browse,2
3263,2025-04-27,Product View,3
3263,2025-04-20,Add to Cart,4
3263,2025-04-23,Checkout,5
3264,2025-08-29,Landing,1
3265,2025-09-19,Landing,1
3265,2025-09-15,Browse,2
3265,2025-09-17,Product View,3
3266,2025-07-16,Landing,1
3267,2025-04-17,Landing,1
3267,2025-04-20,Browse,2
3267,2025-04-26,Product View,3
3267,2025-04-21,Add to Cart,4
3267,2025-04-21,Checkout,5
3268,2025-11-24,Landing,1
3268,2025-12-05,Browse,2
3269,2025-07-30,Landing,1
3270,2025-10-09,Landing,1
3271,2025-10-05,Landing,1
3271,2025-10-04,Browse,2
3272,2025-10-25,Landing,1
3273,2025-08-19,Landing,1
3273,2025-08-30,Browse,2
3274,2025-05-10,Landing,1
3274,2025-05-09,Browse,2
3274,2025-05-15,Product View,3
3274,2025-05-12,Add to Cart,4
3274,2025-05-05,Checkout,5
3274,2025-05-11,Purchase,6
3275,2025-10-24,Landing,1
3276,2025-10-04,Landing,1
3276,2025-10-13,Browse,2
3277,2025-08-20,Landing,1
3277,2025-08-24,Browse,2
3277,2025-08-25,Product View,3
3277,2025-08-12,Add to Cart,4
3278,2025-05-16,Landing,1
3278,2025-05-16,Browse,2
3279,2025-12-05,Landing,1
3280,2025-11-05,Landing,1
3280,2025-11-07,Browse,2
3280,2025-11-03,Product View,3
3281,2025-08-19,Landing,1
3282,2025-11-29,Landing,1
3282,2025-11-24,Browse,2
3283,2025-07-20,Landing,1
3283,2025-07-22,Browse,2
3284,2025-10-15,Landing,1
3284,2025-10-14,Browse,2
3284,2025-10-19,Product View,3
3285,2025-10-11,Landing,1
3285,2025-10-06,Browse,2
3285,2025-10-09,Product View,3
3285,2025-10-12,Add to Cart,4
3285,2025-10-08,Checkout,5
3286,2025-08-03,Landing,1
3286,2025-08-02,Browse,2
3287,2025-03-30,Landing,1
3287,2025-03-28,Browse,2
3287,2025-04-07,Product View,3
3287,2025-03-29,Add to Cart,4
3287,2025-03-27,Checkout,5
3288,2025-08-15,Landing,1
3288,2025-08-11,Browse,2
3288,2025-08-04,Product View,3
3289,2025-06-12,Landing,1
3289,2025-06-10,Browse,2
3290,2025-07-03,Landing,1
3290,2025-07-02,Browse,2
3291,2025-03-27,Landing,1
3291,2025-03-22,Browse,2
3291,2025-03-27,Product View,3
3291,2025-03-23,Add to Cart,4
3292,2025-11-02,Landing,1
3292,2025-10-30,Browse,2
3292,2025-10-30,Product View,3
3292,2025-11-05,Add to Cart,4
3293,2025-04-01,Landing,1
3293,2025-03-27,Browse,2
3293,2025-03-24,Product View,3
3293,2025-04-02,Add to Cart,4
3293,2025-03-27,Checkout,5
3294,2025-10-08,Landing,1
3295,2025-05-26,Landing,1
3296,2025-09-10,Landing,1
3296,2025-09-13,Browse,2
3297,2025-09-03,Landing,1
3297,2025-09-08,Browse,2
3298,2025-04-28,Landing,1
3298,2025-05-02,Browse,2
3298,2025-05-01,Product View,3
3299,2025-11-14,Landing,1
3299,2025-11-11,Browse,2
3299,2025-11-09,Product View,3
3299,2025-11-06,Add to Cart,4
3300,2025-12-24,Landing,1
3300,2025-12-18,Browse,2
3300,2025-12-21,Product View,3
3300,2025-12-25,Add to Cart,4
3300,2025-12-14,Checkout,5
3301,2025-09-05,Landing,1
3301,2025-08-29,Browse,2
3301,2025-08-25,Product View,3
3302,2025-10-19,Landing,1
3303,2025-10-19,Landing,1
3303,2025-10-09,Browse,2
3303,2025-10-17,Product View,3
3304,2025-06-23,Landing,1
3304,2025-06-24,Browse,2
3304,2025-06-29,Product View,3
3305,2025-12-08,Landing,1
3305,2025-12-03,Browse,2
3305,2025-12-03,Product View,3
3305,2025-12-02,Add to Cart,4
3305,2025-11-29,Checkout,5
3305,2025-11-30,Purchase,6
3305,2025-11-30,Signup,7
3306,2025-09-17,Landing,1
3306,2025-09-14,Browse,2
3306,2025-09-21,Product View,3
3307,2025-09-14,Landing,1
3307,2025-09-21,Browse,2
3308,2025-05-21,Landing,1
3308,2025-05-16,Browse,2
3308,2025-05-22,Product View,3
3308,2025-05-22,Add to Cart,4
3308,2025-05-23,Checkout,5
3308,2025-05-14,Purchase,6
3308,2025-05-21,Signup,7
3309,2025-04-10,Landing,1
3309,2025-04-12,Browse,2
3310,2025-05-20,Landing,1
3310,2025-05-14,Browse,2
3310,2025-05-21,Product View,3
3311,2025-06-03,Landing,1
3311,2025-06-15,Browse,2
3311,2025-06-11,Product View,3
3312,2025-08-10,Landing,1
3312,2025-08-16,Browse,2
3313,2025-07-03,Landing,1
3314,2025-05-06,Landing,1
3314,2025-05-12,Browse,2
3314,2025-05-10,Product View,3
3315,2025-05-25,Landing,1
3315,2025-05-15,Browse,2
3315,2025-05-21,Product View,3
3316,2025-09-25,Landing,1
3316,2025-09-23,Browse,2
3316,2025-09-18,Product View,3
3316,2025-09-25,Add to Cart,4
3317,2025-07-01,Landing,1
3317,2025-06-26,Browse,2
3318,2025-06-03,Landing,1
3319,2025-12-14,Landing,1
3319,2025-12-13,Browse,2
3319,2025-12-08,Product View,3
3320,2025-04-21,Landing,1
3320,2025-04-22,Browse,2
3320,2025-05-03,Product View,3
3320,2025-04-21,Add to Cart,4
3321,2025-03-22,Landing,1
3321,2025-03-24,Browse,2
3321,2025-03-23,Product View,3
3321,2025-03-18,Add to Cart,4
3321,2025-03-17,Checkout,5
3322,2025-11-28,Landing,1
3322,2025-11-23,Browse,2
3323,2025-10-11,Landing,1
3323,2025-10-10,Browse,2
3323,2025-10-07,Product View,3
3323,2025-10-14,Add to Cart,4
3323,2025-10-08,Checkout,5
3323,2025-10-14,Purchase,6
3323,2025-10-07,Signup,7
3324,2025-09-28,Landing,1
3324,2025-09-28,Browse,2
3324,2025-09-29,Product View,3
3325,2025-08-29,Landing,1
3325,2025-09-07,Browse,2
3325,2025-09-08,Product View,3
3325,2025-08-30,Add to Cart,4
3326,2025-09-22,Landing,1
3326,2025-09-22,Browse,2
3326,2025-09-26,Product View,3
3326,2025-09-22,Add to Cart,4
3326,2025-09-29,Checkout,5
3327,2025-06-09,Landing,1
3327,2025-06-11,Browse,2
3328,2025-03-21,Landing,1
3328,2025-03-23,Browse,2
3329,2025-08-06,Landing,1
3330,2025-05-11,Landing,1
3330,2025-05-16,Browse,2
3331,2025-05-12,Landing,1
3331,2025-05-17,Browse,2
3331,2025-05-23,Product View,3
3332,2025-08-26,Landing,1
3332,2025-08-14,Browse,2
3332,2025-08-22,Product View,3
3332,2025-08-15,Add to Cart,4
3332,2025-08-19,Checkout,5
3333,2025-11-08,Landing,1
3334,2025-06-03,Landing,1
3334,2025-06-07,Browse,2
3335,2025-11-02,Landing,1
3336,2025-09-05,Landing,1
3336,2025-09-07,Browse,2
3337,2025-11-16,Landing,1
3337,2025-11-12,Browse,2
3338,2025-11-24,Landing,1
3338,2025-11-30,Browse,2
3338,2025-12-03,Product View,3
3339,2025-12-14,Landing,1
3339,2025-12-09,Browse,2
3339,2025-12-10,Product View,3
3340,2025-07-16,Landing,1
3340,2025-07-16,Browse,2
3340,2025-07-25,Product View,3
3341,2025-10-27,Landing,1
3341,2025-10-26,Browse,2
3342,2025-12-14,Landing,1
3342,2025-12-08,Browse,2
3343,2025-10-29,Landing,1
3343,2025-11-09,Browse,2
3344,2025-12-07,Landing,1
3344,2025-12-12,Browse,2
3344,2025-12-07,Product View,3
3344,2025-12-20,Add to Cart,4
3344,2025-12-19,Checkout,5
3344,2025-12-16,Purchase,6
3344,2025-12-19,Signup,7
3345,2025-12-24,Landing,1
3345,2025-12-11,Browse,2
3345,2025-12-20,Product View,3
3346,2025-12-17,Landing,1
3346,2025-12-15,Browse,2
3346,2025-12-20,Product View,3
3346,2025-12-10,Add to Cart,4
3346,2025-12-11,Checkout,5
3347,2025-11-05,Landing,1
3347,2025-11-07,Browse,2
3347,2025-11-10,Product View,3
3347,2025-11-05,Add to Cart,4
3347,2025-11-04,Checkout,5
3347,2025-10-31,Purchase,6
3348,2025-06-27,Landing,1
3348,2025-06-20,Browse,2
3348,2025-07-01,Product View,3
3348,2025-06-20,Add to Cart,4
3349,2025-11-22,Landing,1
3349,2025-11-20,Browse,2
3350,2025-10-23,Landing,1
3350,2025-10-21,Browse,2
3350,2025-10-20,Product View,3
3350,2025-10-29,Add to Cart,4
3350,2025-10-21,Checkout,5
3350,2025-10-22,Purchase,6
3350,2025-10-28,Signup,7
3351,2025-05-12,Landing,1
3351,2025-05-02,Browse,2
3352,2025-11-30,Landing,1
3353,2025-05-04,Landing,1
3353,2025-05-05,Browse,2
3353,2025-05-03,Product View,3
3353,2025-04-23,Add to Cart,4
3354,2025-03-21,Landing,1
3354,2025-03-12,Browse,2
3354,2025-03-20,Product View,3
3354,2025-03-18,Add to Cart,4
3354,2025-03-17,Checkout,5
3355,2025-09-20,Landing,1
3355,2025-09-15,Browse,2
3355,2025-09-17,Product View,3
3356,2025-04-13,Landing,1
3356,2025-04-01,Browse,2
3357,2025-03-14,Landing,1
3357,2025-03-13,Browse,2
3358,2025-04-14,Landing,1
3358,2025-04-17,Browse,2
3358,2025-04-07,Product View,3
3359,2025-05-24,Landing,1
3359,2025-05-27,Browse,2
3359,2025-05-29,Product View,3
3360,2025-08-11,Landing,1
3360,2025-08-13,Browse,2
3360,2025-08-14,Product View,3
3361,2025-07-30,Landing,1
3361,2025-07-30,Browse,2
3362,2025-03-22,Landing,1
3362,2025-03-22,Browse,2
3362,2025-03-22,Product View,3
3363,2025-06-19,Landing,1
3364,2025-11-04,Landing,1
3365,2025-11-06,Landing,1
3365,2025-11-08,Browse,2
3365,2025-11-04,Product View,3
3366,2025-10-30,Landing,1
3366,2025-10-29,Browse,2
3366,2025-10-31,Product View,3
3366,2025-10-27,Add to Cart,4
3367,2025-07-25,Landing,1
3367,2025-07-20,Browse,2
3367,2025-07-26,Product View,3
3367,2025-07-25,Add to Cart,4
3367,2025-07-26,Checkout,5
3368,2025-12-19,Landing,1
3368,2025-12-16,Browse,2
3368,2025-12-21,Product View,3
3369,2025-05-24,Landing,1
3369,2025-05-28,Browse,2
3369,2025-05-22,Product View,3
3369,2025-05-22,Add to Cart,4
3369,2025-05-30,Checkout,5
3369,2025-05-25,Purchase,6
3369,2025-05-24,Signup,7
3370,2025-07-22,Landing,1
3370,2025-07-17,Browse,2
3370,2025-07-15,Product View,3
3371,2025-04-09,Landing,1
3371,2025-04-17,Browse,2
3372,2025-12-21,Landing,1
3372,2025-12-15,Browse,2
3372,2025-12-25,Product View,3
3373,2025-10-05,Landing,1
3373,2025-09-28,Browse,2
3373,2025-10-01,Product View,3
3374,2025-08-03,Landing,1
3374,2025-07-29,Browse,2
3374,2025-08-05,Product View,3
3374,2025-08-02,Add to Cart,4
3374,2025-08-05,Checkout,5
3374,2025-07-29,Purchase,6
3375,2025-10-30,Landing,1
3375,2025-11-02,Browse,2
3375,2025-11-05,Product View,3
3375,2025-11-05,Add to Cart,4
3375,2025-11-02,Checkout,5
3375,2025-10-31,Purchase,6
3375,2025-10-25,Signup,7
3376,2025-10-13,Landing,1
3377,2025-06-30,Landing,1
3377,2025-07-01,Browse,2
3377,2025-07-03,Product View,3
3377,2025-07-03,Add to Cart,4
3378,2025-08-14,Landing,1
3378,2025-08-10,Browse,2
3379,2025-04-07,Landing,1
3379,2025-04-10,Browse,2
3379,2025-04-05,Product View,3
3379,2025-03-30,Add to Cart,4
3380,2025-07-12,Landing,1
3380,2025-07-02,Browse,2
3381,2025-04-11,Landing,1
3381,2025-04-11,Browse,2
3381,2025-04-19,Product View,3
3382,2025-10-14,Landing,1
3382,2025-10-16,Browse,2
3382,2025-10-15,Product View,3
3382,2025-10-17,Add to Cart,4
3383,2025-12-14,Landing,1
3383,2025-12-04,Browse,2
3383,2025-12-12,Product View,3
3383,2025-12-09,Add to Cart,4
3383,2025-12-12,Checkout,5
3384,2025-10-20,Landing,1
3384,2025-10-20,Browse,2
3384,2025-10-12,Product View,3
3384,2025-10-12,Add to Cart,4
3384,2025-10-22,Checkout,5
3385,2025-10-31,Landing,1
3385,2025-11-09,Browse,2
3385,2025-11-01,Product View,3
3385,2025-11-06,Add to Cart,4
3386,2025-07-10,Landing,1
3386,2025-07-10,Browse,2
3387,2025-07-24,Landing,1
3387,2025-07-28,Browse,2
3388,2025-04-25,Landing,1
3388,2025-05-04,Browse,2
3388,2025-05-03,Product View,3
3389,2025-06-11,Landing,1
3389,2025-06-08,Browse,2
3389,2025-06-07,Product View,3
3389,2025-06-18,Add to Cart,4
3389,2025-06-17,Checkout,5
3389,2025-06-10,Purchase,6
3389,2025-06-18,Signup,7
3390,2025-05-08,Landing,1
3390,2025-05-02,Browse,2
3390,2025-05-04,Product View,3
3391,2025-11-11,Landing,1
3391,2025-11-09,Browse,2
3391,2025-11-15,Product View,3
3392,2025-04-05,Landing,1
3393,2025-03-30,Landing,1
3394,2025-07-12,Landing,1
3395,2025-06-16,Landing,1
3396,2025-11-11,Landing,1
3396,2025-11-13,Browse,2
3396,2025-11-14,Product View,3
3396,2025-11-10,Add to Cart,4
3396,2025-11-11,Checkout,5
3397,2025-08-27,Landing,1
3397,2025-08-21,Browse,2
3397,2025-08-25,Product View,3
3397,2025-08-15,Add to Cart,4
3398,2025-11-28,Landing,1
3398,2025-12-04,Browse,2
3398,2025-12-01,Product View,3
3398,2025-11-26,Add to Cart,4
3399,2025-08-07,Landing,1
3399,2025-07-29,Browse,2
3399,2025-07-31,Product View,3
3400,2025-07-24,Landing,1
3401,2025-12-13,Landing,1
3401,2025-12-03,Browse,2
3401,2025-12-04,Product View,3
3401,2025-12-08,Add to Cart,4
3402,2025-07-24,Landing,1
3403,2025-04-15,Landing,1
3404,2025-04-09,Landing,1
3405,2025-12-07,Landing,1
3405,2025-12-11,Browse,2
3406,2025-10-26,Landing,1
3406,2025-10-26,Browse,2
3407,2025-10-22,Landing,1
3407,2025-10-22,Browse,2
3408,2025-11-04,Landing,1
3408,2025-11-06,Browse,2
3408,2025-11-06,Product View,3
3409,2025-04-02,Landing,1
3409,2025-03-22,Browse,2
3410,2025-05-17,Landing,1
3410,2025-05-16,Browse,2
3410,2025-05-16,Product View,3
3411,2025-04-17,Landing,1
3412,2025-06-14,Landing,1
3413,2025-03-15,Landing,1
3414,2025-09-22,Landing,1
3414,2025-10-02,Browse,2
3414,2025-09-26,Product View,3
3415,2025-11-05,Landing,1
3415,2025-11-04,Browse,2
3415,2025-11-05,Product View,3
3415,2025-11-06,Add to Cart,4
3416,2025-06-05,Landing,1
3416,2025-06-08,Browse,2
3417,2025-07-17,Landing,1
3417,2025-07-24,Browse,2
3417,2025-07-25,Product View,3
3417,2025-07-21,Add to Cart,4
3418,2025-07-23,Landing,1
3419,2025-12-12,Landing,1
3419,2025-12-20,Browse,2
3419,2025-12-14,Product View,3
3419,2025-12-08,Add to Cart,4
3419,2025-12-20,Checkout,5
3419,2025-12-14,Purchase,6
3420,2025-07-31,Landing,1
3420,2025-08-01,Browse,2
3420,2025-08-03,Product View,3
3421,2025-06-10,Landing,1
3421,2025-06-14,Browse,2
3421,2025-06-18,Product View,3
3421,2025-06-21,Add to Cart,4
3422,2025-06-18,Landing,1
3423,2025-05-11,Landing,1
3423,2025-05-06,Browse,2
3423,2025-05-13,Product View,3
3423,2025-05-06,Add to Cart,4
3424,2025-03-24,Landing,1
3424,2025-03-23,Browse,2
3424,2025-03-20,Product View,3
3424,2025-03-24,Add to Cart,4
3424,2025-03-22,Checkout,5
3425,2025-09-19,Landing,1
3425,2025-09-19,Browse,2
3426,2025-09-09,Landing,1
3426,2025-09-10,Browse,2
3426,2025-09-03,Product View,3
3427,2025-06-04,Landing,1
3427,2025-06-06,Browse,2
3427,2025-06-02,Product View,3
3427,2025-06-10,Add to Cart,4
3427,2025-06-10,Checkout,5
3428,2025-06-19,Landing,1
3428,2025-06-14,Browse,2
3429,2025-05-26,Landing,1
3429,2025-05-16,Browse,2
3429,2025-05-28,Product View,3
3430,2025-04-19,Landing,1
3431,2025-06-23,Landing,1
3432,2025-03-24,Landing,1
3432,2025-03-28,Browse,2
3432,2025-03-24,Product View,3
3433,2025-12-10,Landing,1
3433,2025-12-21,Browse,2
3433,2025-12-14,Product View,3
3433,2025-12-18,Add to Cart,4
3433,2025-12-15,Checkout,5
3434,2025-03-20,Landing,1
3434,2025-03-19,Browse,2
3434,2025-03-21,Product View,3
3435,2025-11-09,Landing,1
3435,2025-11-16,Browse,2
3436,2025-11-25,Landing,1
3437,2025-07-27,Landing,1
3438,2025-09-23,Landing,1
3438,2025-09-21,Browse,2
3439,2025-07-06,Landing,1
3440,2025-11-26,Landing,1
3440,2025-12-03,Browse,2
3441,2025-08-08,Landing,1
3441,2025-08-08,Browse,2
3441,2025-07-30,Product View,3
3441,2025-08-06,Add to Cart,4
3441,2025-07-30,Checkout,5
3441,2025-08-01,Purchase,6
3441,2025-08-05,Signup,7
3442,2025-07-11,Landing,1
3442,2025-07-08,Browse,2
3442,2025-07-09,Product View,3
3443,2025-06-02,Landing,1
3443,2025-06-02,Browse,2
3444,2025-04-05,Landing,1
3445,2025-05-01,Landing,1
3446,2025-10-12,Landing,1
3446,2025-10-10,Browse,2
3447,2025-05-22,Landing,1
3447,2025-05-11,Browse,2
3447,2025-05-19,Product View,3
3448,2025-06-12,Landing,1
3448,2025-06-10,Browse,2
3448,2025-06-08,Product View,3
3448,2025-06-07,Add to Cart,4
3448,2025-06-12,Checkout,5
3448,2025-06-11,Purchase,6
3448,2025-06-03,Signup,7
3449,2025-07-15,Landing,1
3449,2025-07-15,Browse,2
3449,2025-07-13,Product View,3
3449,2025-07-08,Add to Cart,4
3450,2025-04-01,Landing,1
3450,2025-03-23,Browse,2
3450,2025-04-02,Product View,3
3450,2025-04-04,Add to Cart,4
3451,2025-06-06,Landing,1
3451,2025-06-10,Browse,2
3451,2025-06-09,Product View,3
3452,2025-07-28,Landing,1
3452,2025-07-31,Browse,2
3453,2025-06-20,Landing,1
3454,2025-07-14,Landing,1
3454,2025-07-16,Browse,2
3454,2025-07-20,Product View,3
3454,2025-07-20,Add to Cart,4
3454,2025-07-13,Checkout,5
3454,2025-07-24,Purchase,6
3454,2025-07-19,Signup,7
3455,2025-05-10,Landing,1
3455,2025-05-05,Browse,2
3455,2025-05-17,Product View,3
3455,2025-05-06,Add to Cart,4
3456,2025-04-27,Landing,1
3456,2025-04-27,Browse,2
3456,2025-04-26,Product View,3
3456,2025-04-15,Add to Cart,4
3457,2025-10-14,Landing,1
3457,2025-10-14,Browse,2
3458,2025-11-02,Landing,1
3459,2025-04-18,Landing,1
3460,2025-09-29,Landing,1
3461,2025-07-01,Landing,1
3461,2025-06-23,Browse,2
3461,2025-06-29,Product View,3
3461,2025-06-28,Add to Cart,4
3462,2025-10-07,Landing,1
3463,2025-12-12,Landing,1
3463,2025-12-12,Browse,2
3463,2025-12-15,Product View,3
3464,2025-05-13,Landing,1
3464,2025-05-04,Browse,2
3464,2025-05-12,Product View,3
3464,2025-05-10,Add to Cart,4
3465,2025-09-30,Landing,1
3466,2025-10-23,Landing,1
3466,2025-10-28,Browse,2
3467,2025-08-17,Landing,1
3467,2025-08-17,Browse,2
3468,2025-08-09,Landing,1
3468,2025-08-19,Browse,2
3469,2025-10-06,Landing,1
3469,2025-10-02,Browse,2
3470,2025-07-14,Landing,1
3470,2025-07-02,Browse,2
3471,2025-10-16,Landing,1
3471,2025-10-20,Browse,2
3472,2025-10-08,Landing,1
3473,2025-05-19,Landing,1
3473,2025-05-10,Browse,2
3473,2025-05-16,Product View,3
3473,2025-05-18,Add to Cart,4
3474,2025-09-12,Landing,1
3474,2025-09-11,Browse,2
3474,2025-09-19,Product View,3
3474,2025-09-10,Add to Cart,4
3474,2025-09-07,Checkout,5
3474,2025-09-15,Purchase,6
3474,2025-09-09,Signup,7
3475,2025-03-26,Landing,1
3475,2025-03-31,Browse,2
3475,2025-03-25,Product View,3
3475,2025-03-28,Add to Cart,4
3476,2025-10-01,Landing,1
3476,2025-10-04,Browse,2
3477,2025-06-21,Landing,1
3477,2025-06-20,Browse,2
3477,2025-06-11,Product View,3
3478,2025-12-03,Landing,1
3478,2025-11-29,Browse,2
3478,2025-11-25,Product View,3
3478,2025-11-27,Add to Cart,4
3478,2025-12-02,Checkout,5
3478,2025-11-23,Purchase,6
3478,2025-12-03,Signup,7
3479,2025-06-07,Landing,1
3479,2025-06-10,Browse,2
3479,2025-06-09,Product View,3
3479,2025-06-07,Add to Cart,4
3479,2025-06-09,Checkout,5
3479,2025-06-02,Purchase,6
3479,2025-06-03,Signup,7
3480,2025-05-04,Landing,1
3480,2025-04-23,Browse,2
3481,2025-08-17,Landing,1
3482,2025-06-01,Landing,1
3482,2025-06-10,Browse,2
3482,2025-06-04,Product View,3
3482,2025-06-12,Add to Cart,4
3482,2025-06-07,Checkout,5
3482,2025-06-07,Purchase,6
3482,2025-05-30,Signup,7
3483,2025-10-03,Landing,1
3484,2025-11-18,Landing,1
3484,2025-11-25,Browse,2
3485,2025-03-06,Landing,1
3485,2025-03-09,Browse,2
3485,2025-03-08,Product View,3
3485,2025-03-08,Add to Cart,4
3485,2025-03-10,Checkout,5
3486,2025-07-12,Landing,1
3486,2025-07-13,Browse,2
3486,2025-07-14,Product View,3
3487,2025-05-06,Landing,1
3488,2025-09-16,Landing,1
3488,2025-09-17,Browse,2
3489,2025-08-05,Landing,1
3489,2025-08-12,Browse,2
3490,2025-05-10,Landing,1
3491,2025-06-25,Landing,1
3491,2025-06-14,Browse,2
3492,2025-08-05,Landing,1
3492,2025-07-26,Browse,2
3493,2025-07-11,Landing,1
3493,2025-07-10,Browse,2
3494,2025-03-30,Landing,1
3494,2025-04-02,Browse,2
3494,2025-04-07,Product View,3
3494,2025-04-09,Add to Cart,4
3494,2025-04-05,Checkout,5
3495,2025-07-29,Landing,1
3495,2025-07-28,Browse,2
3495,2025-07-26,Product View,3
3495,2025-07-20,Add to Cart,4
3495,2025-07-30,Checkout,5
3496,2025-11-18,Landing,1
3497,2025-07-02,Landing,1
3497,2025-07-01,Browse,2
3497,2025-07-05,Product View,3
3497,2025-07-04,Add to Cart,4
3498,2025-10-25,Landing,1
3498,2025-10-25,Browse,2
3498,2025-10-26,Product View,3
3499,2025-05-27,Landing,1
3499,2025-05-29,Browse,2
3499,2025-06-04,Product View,3
3500,2025-07-11,Landing,1
3500,2025-07-16,Browse,2
3501,2025-05-12,Landing,1
3501,2025-05-09,Browse,2
3501,2025-05-03,Product View,3
3501,2025-05-02,Add to Cart,4
3501,2025-05-09,Checkout,5
3502,2025-08-13,Landing,1
3502,2025-08-13,Browse,2
3502,2025-08-17,Product View,3
3502,2025-08-10,Add to Cart,4
3503,2025-09-27,Landing,1
3503,2025-09-26,Browse,2
3503,2025-09-25,Product View,3
3503,2025-09-27,Add to Cart,4
3503,2025-09-30,Checkout,5
3504,2025-06-29,Landing,1
3504,2025-06-26,Browse,2
3504,2025-06-30,Product View,3
3505,2025-09-19,Landing,1
3506,2025-03-22,Landing,1
3506,2025-03-24,Browse,2
3506,2025-03-22,Product View,3
3506,2025-03-13,Add to Cart,4
3506,2025-03-18,Checkout,5
3507,2025-08-22,Landing,1
3507,2025-09-01,Browse,2
3507,2025-08-29,Product View,3
3508,2025-05-05,Landing,1
3508,2025-05-15,Browse,2
3508,2025-05-11,Product View,3
3509,2025-05-22,Landing,1
3509,2025-05-14,Browse,2
3509,2025-05-16,Product View,3
3510,2025-03-27,Landing,1
3511,2025-07-21,Landing,1
3512,2025-08-19,Landing,1
3512,2025-08-18,Browse,2
3512,2025-08-16,Product View,3
3512,2025-08-09,Add to Cart,4
3512,2025-08-17,Checkout,5
3513,2025-11-28,Landing,1
3513,2025-11-20,Browse,2
3513,2025-11-22,Product View,3
3513,2025-11-18,Add to Cart,4
3514,2025-04-13,Landing,1
3514,2025-04-11,Browse,2
3514,2025-04-04,Product View,3
3515,2025-05-13,Landing,1
3516,2025-06-24,Landing,1
3517,2025-07-16,Landing,1
3517,2025-07-24,Browse,2
3517,2025-07-15,Product View,3
3518,2025-10-08,Landing,1
3518,2025-10-14,Browse,2
3518,2025-10-08,Product View,3
3518,2025-10-10,Add to Cart,4
3519,2025-10-06,Landing,1
3519,2025-10-15,Browse,2
3520,2025-06-10,Landing,1
3520,2025-06-14,Browse,2
3520,2025-06-18,Product View,3
3520,2025-06-12,Add to Cart,4
3520,2025-06-13,Checkout,5
3521,2025-11-29,Landing,1
3521,2025-11-19,Browse,2
3522,2025-05-18,Landing,1
3522,2025-05-28,Browse,2
3523,2025-08-14,Landing,1
3524,2025-10-04,Landing,1
3524,2025-10-09,Browse,2
3525,2025-12-24,Landing,1
3525,2025-12-22,Browse,2
3526,2025-04-16,Landing,1
3526,2025-04-05,Browse,2
3526,2025-04-14,Product View,3
3527,2025-10-03,Landing,1
3527,2025-10-07,Browse,2
3527,2025-10-09,Product View,3
3527,2025-09-30,Add to Cart,4
3527,2025-10-05,Checkout,5
3527,2025-09-30,Purchase,6
3527,2025-10-02,Signup,7
3528,2025-09-03,Landing,1
3529,2025-07-30,Landing,1
3529,2025-07-31,Browse,2
3529,2025-07-27,Product View,3
3530,2025-05-23,Landing,1
3531,2025-09-22,Landing,1
3531,2025-09-14,Browse,2
3532,2025-10-04,Landing,1
3532,2025-10-06,Browse,2
3533,2025-07-16,Landing,1
3533,2025-07-12,Browse,2
3533,2025-07-10,Product View,3
3533,2025-07-19,Add to Cart,4
3533,2025-07-17,Checkout,5
3533,2025-07-09,Purchase,6
3533,2025-07-07,Signup,7
3534,2025-11-04,Landing,1
3534,2025-11-03,Browse,2
3534,2025-10-29,Product View,3
3535,2025-10-04,Landing,1
3535,2025-10-01,Browse,2
3535,2025-09-29,Product View,3
3535,2025-10-01,Add to Cart,4
3535,2025-10-10,Checkout,5
3536,2025-05-10,Landing,1
3536,2025-05-18,Browse,2
3536,2025-05-11,Product View,3
3536,2025-05-09,Add to Cart,4
3536,2025-05-11,Checkout,5
3536,2025-05-08,Purchase,6
3537,2025-03-15,Landing,1
3537,2025-03-23,Browse,2
3538,2025-03-12,Landing,1
3538,2025-03-04,Browse,2
3538,2025-03-10,Product View,3
3539,2025-04-13,Landing,1
3539,2025-04-09,Browse,2
3539,2025-04-15,Product View,3
3539,2025-04-10,Add to Cart,4
3539,2025-04-16,Checkout,5
3540,2025-08-11,Landing,1
3540,2025-08-18,Browse,2
3541,2025-04-05,Landing,1
3541,2025-04-03,Browse,2
3542,2025-09-24,Landing,1
3543,2025-07-30,Landing,1
3544,2025-11-19,Landing,1
3544,2025-11-14,Browse,2
3544,2025-11-14,Product View,3
3545,2025-10-08,Landing,1
3546,2025-03-15,Landing,1
3547,2025-10-12,Landing,1
3547,2025-10-19,Browse,2
3547,2025-10-13,Product View,3
3547,2025-10-10,Add to Cart,4
3547,2025-10-14,Checkout,5
3547,2025-10-18,Purchase,6
3548,2025-10-10,Landing,1
3548,2025-10-13,Browse,2
3548,2025-10-15,Product View,3
3548,2025-10-13,Add to Cart,4
3548,2025-10-15,Checkout,5
3548,2025-10-22,Purchase,6
3548,2025-10-10,Signup,7
3549,2025-10-07,Landing,1
3549,2025-10-08,Browse,2
3549,2025-10-11,Product View,3
3549,2025-10-03,Add to Cart,4
3549,2025-10-15,Checkout,5
3549,2025-10-16,Purchase,6
3549,2025-10-04,Signup,7
3550,2025-06-25,Landing,1
3550,2025-06-23,Browse,2
3550,2025-06-16,Product View,3
3550,2025-06-24,Add to Cart,4
3550,2025-06-20,Checkout,5
3550,2025-06-14,Purchase,6
3551,2025-06-05,Landing,1
3551,2025-05-31,Browse,2
3551,2025-06-11,Product View,3
3552,2025-05-22,Landing,1
3552,2025-05-29,Browse,2
3553,2025-04-18,Landing,1
3553,2025-04-12,Browse,2
3554,2025-05-29,Landing,1
3554,2025-06-02,Browse,2
3554,2025-05-31,Product View,3
3554,2025-06-01,Add to Cart,4
3554,2025-06-03,Checkout,5
3555,2025-03-26,Landing,1
3556,2025-04-22,Landing,1
3556,2025-05-03,Browse,2
3557,2025-09-19,Landing,1
3557,2025-09-16,Browse,2
3557,2025-09-18,Product View,3
3558,2025-03-17,Landing,1
3559,2025-03-30,Landing,1
3559,2025-03-30,Browse,2
3559,2025-03-26,Product View,3
3559,2025-04-02,Add to Cart,4
3559,2025-03-29,Checkout,5
3559,2025-03-21,Purchase,6
3559,2025-04-01,Signup,7
3560,2025-07-01,Landing,1
3560,2025-07-06,Browse,2
3561,2025-12-02,Landing,1
3561,2025-12-05,Browse,2
3561,2025-11-26,Product View,3
3562,2025-06-09,Landing,1
3562,2025-06-01,Browse,2
3563,2025-04-24,Landing,1
3563,2025-04-27,Browse,2
3563,2025-05-03,Product View,3
3563,2025-04-29,Add to Cart,4
3563,2025-04-28,Checkout,5
3563,2025-04-24,Purchase,6
3563,2025-04-30,Signup,7
3564,2025-04-22,Landing,1
3565,2025-05-13,Landing,1
3565,2025-05-02,Browse,2
3566,2025-10-23,Landing,1
3566,2025-10-23,Browse,2
3567,2025-03-29,Landing,1
3567,2025-03-24,Browse,2
3567,2025-03-29,Product View,3
3567,2025-03-21,Add to Cart,4
3568,2025-03-21,Landing,1
3568,2025-03-25,Browse,2
3569,2025-03-29,Landing,1
3569,2025-03-29,Browse,2
3569,2025-03-28,Product View,3
3569,2025-03-23,Add to Cart,4
3569,2025-03-23,Checkout,5
3569,2025-03-25,Purchase,6
3569,2025-03-24,Signup,7
3570,2025-07-02,Landing,1
3571,2025-07-03,Landing,1
3571,2025-06-28,Browse,2
3572,2025-06-13,Landing,1
3572,2025-06-02,Browse,2
3573,2025-07-24,Landing,1
3573,2025-07-24,Browse,2
3573,2025-07-20,Product View,3
3573,2025-07-12,Add to Cart,4
3574,2025-12-18,Landing,1
3574,2025-12-15,Browse,2
3574,2025-12-24,Product View,3
3574,2025-12-24,Add to Cart,4
3574,2025-12-23,Checkout,5
3575,2025-06-15,Landing,1
3575,2025-06-27,Browse,2
3576,2025-04-04,Landing,1
3576,2025-04-13,Browse,2
3577,2025-06-14,Landing,1
3577,2025-06-22,Browse,2
3577,2025-06-15,Product View,3
3577,2025-06-22,Add to Cart,4
3577,2025-06-13,Checkout,5
3578,2025-12-04,Landing,1
3578,2025-12-14,Browse,2
3578,2025-12-09,Product View,3
3578,2025-12-11,Add to Cart,4
3578,2025-12-05,Checkout,5
3579,2025-07-16,Landing,1
3579,2025-07-10,Browse,2
3579,2025-07-18,Product View,3
3580,2025-12-18,Landing,1
3581,2025-05-13,Landing,1
3581,2025-05-04,Browse,2
3581,2025-05-03,Product View,3
3581,2025-05-12,Add to Cart,4
3581,2025-05-02,Checkout,5
3581,2025-05-06,Purchase,6
3581,2025-05-13,Signup,7
3582,2025-07-13,Landing,1
3582,2025-07-04,Browse,2
3582,2025-07-10,Product View,3
3583,2025-10-12,Landing,1
3583,2025-10-07,Browse,2
3583,2025-09-30,Product View,3
3584,2025-11-15,Landing,1
3584,2025-11-18,Browse,2
3584,2025-11-07,Product View,3
3584,2025-11-14,Add to Cart,4
3585,2025-06-05,Landing,1
3586,2025-08-19,Landing,1
3586,2025-08-12,Browse,2
3587,2025-10-12,Landing,1
3587,2025-10-05,Browse,2
3587,2025-10-12,Product View,3
3588,2025-09-25,Landing,1
3588,2025-09-23,Browse,2
3588,2025-09-26,Product View,3
3589,2025-12-11,Landing,1
3589,2025-12-09,Browse,2
3590,2025-10-19,Landing,1
3590,2025-10-23,Browse,2
3591,2025-04-11,Landing,1
3591,2025-04-09,Browse,2
3591,2025-04-16,Product View,3
3591,2025-04-16,Add to Cart,4
3591,2025-04-17,Checkout,5
3592,2025-06-02,Landing,1
3593,2025-11-15,Landing,1
3594,2025-05-20,Landing,1
3595,2025-12-21,Landing,1
3595,2025-12-20,Browse,2
3596,2025-06-13,Landing,1
3596,2025-06-20,Browse,2
3596,2025-06-17,Product View,3
3596,2025-06-13,Add to Cart,4
3596,2025-06-14,Checkout,5
3597,2025-04-27,Landing,1
3598,2025-06-18,Landing,1
3599,2025-10-18,Landing,1
3599,2025-10-25,Browse,2
3599,2025-10-17,Product View,3
3599,2025-10-23,Add to Cart,4
3599,2025-10-19,Checkout,5
3599,2025-10-21,Purchase,6
3599,2025-10-24,Signup,7
3600,2025-11-22,Landing,1
3601,2025-12-09,Landing,1
3601,2025-12-13,Browse,2
3601,2025-12-10,Product View,3
3601,2025-12-01,Add to Cart,4
3602,2025-10-02,Landing,1
3602,2025-09-30,Browse,2
3602,2025-09-26,Product View,3
3603,2025-07-18,Landing,1
3603,2025-07-22,Browse,2
3603,2025-07-16,Product View,3
3603,2025-07-26,Add to Cart,4
3603,2025-07-27,Checkout,5
3604,2025-04-17,Landing,1
3604,2025-04-22,Browse,2
3604,2025-04-19,Product View,3
3604,2025-04-26,Add to Cart,4
3604,2025-04-27,Checkout,5
3604,2025-04-27,Purchase,6
3604,2025-04-29,Signup,7
3605,2025-10-06,Landing,1
3605,2025-10-14,Browse,2
3605,2025-10-04,Product View,3
3605,2025-10-15,Add to Cart,4
3605,2025-10-06,Checkout,5
3606,2025-04-29,Landing,1
3606,2025-05-01,Browse,2
3606,2025-05-05,Product View,3
3606,2025-04-27,Add to Cart,4
3606,2025-05-05,Checkout,5
3607,2025-09-03,Landing,1
3607,2025-09-02,Browse,2
3607,2025-09-10,Product View,3
3607,2025-09-13,Add to Cart,4
3607,2025-09-06,Checkout,5
3608,2025-11-06,Landing,1
3608,2025-11-03,Browse,2
3608,2025-11-06,Product View,3
3609,2025-06-16,Landing,1
3609,2025-06-29,Browse,2
3610,2025-10-17,Landing,1
3611,2025-06-13,Landing,1
3611,2025-06-09,Browse,2
3611,2025-06-09,Product View,3
3611,2025-06-19,Add to Cart,4
3611,2025-06-16,Checkout,5
3611,2025-06-14,Purchase,6
3611,2025-06-12,Signup,7
3612,2025-05-23,Landing,1
3612,2025-05-28,Browse,2
3612,2025-05-26,Product View,3
3612,2025-05-22,Add to Cart,4
3612,2025-05-27,Checkout,5
3613,2025-09-01,Landing,1
3613,2025-09-07,Browse,2
3614,2025-11-10,Landing,1
3615,2025-10-10,Landing,1
3616,2025-06-18,Landing,1
3616,2025-06-16,Browse,2
3616,2025-06-20,Product View,3
3616,2025-06-10,Add to Cart,4
3616,2025-06-18,Checkout,5
3617,2025-09-09,Landing,1
3617,2025-09-07,Browse,2
3618,2025-09-22,Landing,1
3618,2025-09-13,Browse,2
3618,2025-09-14,Product View,3
3619,2025-11-21,Landing,1
3619,2025-11-11,Browse,2
3619,2025-11-12,Product View,3
3620,2025-03-28,Landing,1
3621,2025-08-31,Landing,1
3621,2025-08-24,Browse,2
3622,2025-03-20,Landing,1
3622,2025-03-21,Browse,2
3623,2025-07-11,Landing,1
3623,2025-07-22,Browse,2
3623,2025-07-14,Product View,3
3623,2025-07-17,Add to Cart,4
3623,2025-07-12,Checkout,5
3623,2025-07-17,Purchase,6
3624,2025-07-10,Landing,1
3625,2025-09-10,Landing,1
3626,2025-10-08,Landing,1
3626,2025-10-09,Browse,2
3626,2025-10-01,Product View,3
3626,2025-10-13,Add to Cart,4
3627,2025-10-14,Landing,1
3627,2025-10-11,Browse,2
3628,2025-06-11,Landing,1
3629,2025-10-21,Landing,1
3629,2025-10-21,Browse,2
3629,2025-10-21,Product View,3
3629,2025-10-20,Add to Cart,4
3629,2025-10-17,Checkout,5
3629,2025-10-19,Purchase,6
3630,2025-04-09,Landing,1
3631,2025-11-16,Landing,1
3632,2025-03-30,Landing,1
3633,2025-09-27,Landing,1
3633,2025-09-30,Browse,2
3634,2025-03-30,Landing,1
3634,2025-04-06,Browse,2
3634,2025-03-28,Product View,3
3634,2025-03-25,Add to Cart,4
3635,2025-03-24,Landing,1
3636,2025-04-25,Landing,1
3637,2025-06-06,Landing,1
3637,2025-06-04,Browse,2
3638,2025-06-12,Landing,1
3638,2025-06-13,Browse,2
3639,2025-10-07,Landing,1
3639,2025-10-03,Browse,2
3640,2025-08-09,Landing,1
3640,2025-08-21,Browse,2
3640,2025-08-14,Product View,3
3640,2025-08-08,Add to Cart,4
3641,2025-10-23,Landing,1
3642,2025-05-23,Landing,1
3642,2025-05-24,Browse,2
3643,2025-05-13,Landing,1
3643,2025-05-06,Browse,2
3644,2025-05-03,Landing,1
3644,2025-05-10,Browse,2
3644,2025-05-13,Product View,3
3645,2025-09-05,Landing,1
3645,2025-09-02,Browse,2
3645,2025-09-04,Product View,3
3645,2025-08-27,Add to Cart,4
3646,2025-03-23,Landing,1
3647,2025-06-18,Landing,1
3648,2025-09-25,Landing,1
3648,2025-10-01,Browse,2
3649,2025-09-08,Landing,1
3649,2025-09-16,Browse,2
3649,2025-09-10,Product View,3
3650,2025-07-16,Landing,1
3651,2025-09-12,Landing,1
3651,2025-09-04,Browse,2
3651,2025-09-06,Product View,3
3651,2025-09-01,Add to Cart,4
3651,2025-09-13,Checkout,5
3652,2025-06-01,Landing,1
3652,2025-06-03,Browse,2
3652,2025-06-13,Product View,3
3653,2025-05-25,Landing,1
3653,2025-05-22,Browse,2
3654,2025-07-23,Landing,1
3654,2025-07-30,Browse,2
3654,2025-07-21,Product View,3
3655,2025-10-12,Landing,1
3655,2025-10-19,Browse,2
3655,2025-10-19,Product View,3
3655,2025-10-12,Add to Cart,4
3656,2025-06-26,Landing,1
3657,2025-10-16,Landing,1
3657,2025-10-12,Browse,2
3658,2025-03-15,Landing,1
3659,2025-11-18,Landing,1
3659,2025-11-15,Browse,2
3659,2025-11-07,Product View,3
3660,2025-12-05,Landing,1
3660,2025-12-09,Browse,2
3660,2025-11-27,Product View,3
3660,2025-11-30,Add to Cart,4
3660,2025-12-09,Checkout,5
3661,2025-09-13,Landing,1
3661,2025-09-12,Browse,2
3661,2025-09-23,Product View,3
3661,2025-09-16,Add to Cart,4
3661,2025-09-24,Checkout,5
3661,2025-09-19,Purchase,6
3662,2025-09-30,Landing,1
3662,2025-09-28,Browse,2
3662,2025-10-03,Product View,3
3662,2025-10-02,Add to Cart,4
3662,2025-10-05,Checkout,5
3662,2025-10-02,Purchase,6
3663,2025-05-29,Landing,1
3664,2025-04-24,Landing,1
3664,2025-04-30,Browse,2
3664,2025-04-20,Product View,3
3665,2025-07-04,Landing,1
3665,2025-06-29,Browse,2
3665,2025-06-28,Product View,3
3665,2025-06-26,Add to Cart,4
3665,2025-06-27,Checkout,5
3665,2025-06-26,Purchase,6
3666,2025-03-11,Landing,1
3666,2025-03-18,Browse,2
3667,2025-05-08,Landing,1
3667,2025-05-09,Browse,2
3668,2025-12-26,Landing,1
3669,2025-07-12,Landing,1
3670,2025-10-10,Landing,1
3671,2025-09-25,Landing,1
3671,2025-09-24,Browse,2
3672,2025-05-19,Landing,1
3672,2025-05-10,Browse,2
3673,2025-08-25,Landing,1
3673,2025-08-13,Browse,2
3673,2025-08-14,Product View,3
3673,2025-08-12,Add to Cart,4
3673,2025-08-20,Checkout,5
3674,2025-06-28,Landing,1
3675,2025-08-24,Landing,1
3675,2025-08-19,Browse,2
3675,2025-08-27,Product View,3
3675,2025-08-23,Add to Cart,4
3675,2025-08-17,Checkout,5
3676,2025-03-11,Landing,1
3676,2025-03-08,Browse,2
3677,2025-11-20,Landing,1
3677,2025-11-24,Browse,2
3677,2025-11-24,Product View,3
3678,2025-06-21,Landing,1
3678,2025-06-20,Browse,2
3679,2025-08-01,Landing,1
3679,2025-08-01,Browse,2
3679,2025-08-05,Product View,3
3679,2025-08-10,Add to Cart,4
3679,2025-08-12,Checkout,5
3679,2025-08-01,Purchase,6
3680,2025-11-03,Landing,1
3680,2025-11-05,Browse,2
3680,2025-11-04,Product View,3
3680,2025-11-08,Add to Cart,4
3681,2025-11-11,Landing,1
3681,2025-11-09,Browse,2
3682,2025-03-26,Landing,1
3682,2025-03-27,Browse,2
3682,2025-03-22,Product View,3
3682,2025-03-30,Add to Cart,4
3682,2025-03-23,Checkout,5
3682,2025-03-24,Purchase,6
3682,2025-04-01,Signup,7
3683,2025-09-09,Landing,1
3683,2025-09-10,Browse,2
3683,2025-09-14,Product View,3
3683,2025-09-03,Add to Cart,4
3683,2025-09-07,Checkout,5
3683,2025-09-04,Purchase,6
3683,2025-09-04,Signup,7
3684,2025-12-16,Landing,1
3684,2025-12-16,Browse,2
3684,2025-12-19,Product View,3
3685,2025-06-04,Landing,1
3685,2025-06-09,Browse,2
3686,2025-11-30,Landing,1
3686,2025-12-03,Browse,2
3686,2025-11-25,Product View,3
3686,2025-11-27,Add to Cart,4
3686,2025-12-01,Checkout,5
3687,2025-04-06,Landing,1
3687,2025-04-05,Browse,2
3687,2025-04-18,Product View,3
3687,2025-04-12,Add to Cart,4
3688,2025-11-18,Landing,1
3688,2025-11-14,Browse,2
3688,2025-11-14,Product View,3
3688,2025-11-10,Add to Cart,4
3688,2025-11-15,Checkout,5
3688,2025-11-14,Purchase,6
3689,2025-04-04,Landing,1
3689,2025-04-11,Browse,2
3689,2025-04-07,Product View,3
3690,2025-12-17,Landing,1
3691,2025-07-06,Landing,1
3691,2025-07-06,Browse,2
3691,2025-07-08,Product View,3
3692,2025-09-15,Landing,1
3692,2025-09-17,Browse,2
3692,2025-09-18,Product View,3
3693,2025-05-19,Landing,1
3693,2025-05-28,Browse,2
3693,2025-05-19,Product View,3
3693,2025-05-24,Add to Cart,4
3694,2025-06-23,Landing,1
3694,2025-07-02,Browse,2
3694,2025-06-29,Product View,3
3695,2025-09-07,Landing,1
3695,2025-09-07,Browse,2
3696,2025-08-21,Landing,1
3696,2025-08-24,Browse,2
3697,2025-10-25,Landing,1
3697,2025-10-21,Browse,2
3697,2025-10-17,Product View,3
3698,2025-12-15,Landing,1
3698,2025-12-03,Browse,2
3699,2025-09-22,Landing,1
3699,2025-09-24,Browse,2
3700,2025-10-06,Landing,1
3701,2025-10-20,Landing,1
3701,2025-10-13,Browse,2
3701,2025-10-18,Product View,3
3702,2025-11-11,Landing,1
3702,2025-11-16,Browse,2
3702,2025-11-06,Product View,3
3702,2025-11-14,Add to Cart,4
3703,2025-09-19,Landing,1
3703,2025-09-19,Browse,2
3704,2025-06-07,Landing,1
3705,2025-11-09,Landing,1
3706,2025-07-16,Landing,1
3706,2025-07-09,Browse,2
3706,2025-07-06,Product View,3
3707,2025-06-16,Landing,1
3707,2025-06-17,Browse,2
3707,2025-06-10,Product View,3
3707,2025-06-06,Add to Cart,4
3708,2025-08-22,Landing,1
3708,2025-08-15,Browse,2
3708,2025-08-15,Product View,3
3708,2025-08-16,Add to Cart,4
3709,2025-08-18,Landing,1
3709,2025-08-07,Browse,2
3709,2025-08-19,Product View,3
3709,2025-08-12,Add to Cart,4
3710,2025-03-26,Landing,1
3710,2025-03-29,Browse,2
3710,2025-03-26,Product View,3
3711,2025-08-19,Landing,1
3712,2025-03-12,Landing,1
3712,2025-03-19,Browse,2
3713,2025-11-13,Landing,1
3714,2025-10-04,Landing,1
3714,2025-10-12,Browse,2
3714,2025-10-09,Product View,3
3714,2025-10-12,Add to Cart,4
3715,2025-08-18,Landing,1
3715,2025-08-25,Browse,2
3715,2025-08-27,Product View,3
3715,2025-08-24,Add to Cart,4
3715,2025-08-24,Checkout,5
3716,2025-05-21,Landing,1
3716,2025-05-20,Browse,2
3717,2025-10-19,Landing,1
3717,2025-10-07,Browse,2
3717,2025-10-11,Product View,3
3717,2025-10-10,Add to Cart,4
3717,2025-10-19,Checkout,5
3718,2025-05-24,Landing,1
3718,2025-05-23,Browse,2
3718,2025-05-23,Product View,3
3718,2025-05-29,Add to Cart,4
3719,2025-05-11,Landing,1
3720,2025-11-20,Landing,1
3720,2025-11-19,Browse,2
3720,2025-11-14,Product View,3
3720,2025-11-20,Add to Cart,4
3721,2025-12-21,Landing,1
3721,2025-12-21,Browse,2
3722,2025-05-09,Landing,1
3722,2025-04-29,Browse,2
3722,2025-05-01,Product View,3
3722,2025-05-03,Add to Cart,4
3723,2025-12-26,Landing,1
3723,2025-12-19,Browse,2
3723,2025-12-18,Product View,3
3723,2025-12-23,Add to Cart,4
3723,2025-12-19,Checkout,5
3723,2025-12-26,Purchase,6
3723,2025-12-25,Signup,7
3724,2025-06-28,Landing,1
3724,2025-07-02,Browse,2
3724,2025-07-08,Product View,3
3724,2025-06-28,Add to Cart,4
3725,2025-03-26,Landing,1
3726,2025-09-30,Landing,1
3726,2025-10-11,Browse,2
3726,2025-10-09,Product View,3
3726,2025-10-12,Add to Cart,4
3727,2025-03-26,Landing,1
3727,2025-04-02,Browse,2
3728,2025-10-26,Landing,1
3729,2025-10-27,Landing,1
3730,2025-03-18,Landing,1
3731,2025-03-22,Landing,1
3731,2025-03-27,Browse,2
3731,2025-03-27,Product View,3
3732,2025-10-27,Landing,1
3732,2025-10-29,Browse,2
3733,2025-08-07,Landing,1
3733,2025-08-01,Browse,2
3733,2025-08-01,Product View,3
3734,2025-06-01,Landing,1
3735,2025-09-17,Landing,1
3736,2025-10-14,Landing,1
3736,2025-10-20,Browse,2
3736,2025-10-15,Product View,3
3736,2025-10-23,Add to Cart,4
3737,2025-08-27,Landing,1
3738,2025-06-11,Landing,1
3738,2025-06-09,Browse,2
3738,2025-06-15,Product View,3
3739,2025-10-16,Landing,1
3739,2025-10-09,Browse,2
3739,2025-10-15,Product View,3
3739,2025-10-12,Add to Cart,4
3739,2025-10-07,Checkout,5
3740,2025-06-02,Landing,1
3740,2025-06-02,Browse,2
3740,2025-06-10,Product View,3
3740,2025-06-02,Add to Cart,4
3740,2025-06-11,Checkout,5
3741,2025-06-21,Landing,1
3741,2025-06-21,Browse,2
3742,2025-08-19,Landing,1
3743,2025-05-05,Landing,1
3744,2025-04-24,Landing,1
3744,2025-04-18,Browse,2
3744,2025-04-26,Product View,3
3744,2025-04-17,Add to Cart,4
3744,2025-04-18,Checkout,5
3745,2025-05-04,Landing,1
3745,2025-04-29,Browse,2
3746,2025-11-25,Landing,1
3746,2025-11-21,Browse,2
3746,2025-11-22,Product View,3
3747,2025-03-18,Landing,1
3747,2025-03-18,Browse,2
3748,2025-11-15,Landing,1
3748,2025-11-15,Browse,2
3749,2025-07-27,Landing,1
3749,2025-07-18,Browse,2
3749,2025-07-27,Product View,3
3749,2025-07-25,Add to Cart,4
3750,2025-05-25,Landing,1
3751,2025-03-12,Landing,1
3751,2025-03-18,Browse,2
3751,2025-03-09,Product View,3
3752,2025-11-24,Landing,1
3752,2025-12-05,Browse,2
3752,2025-12-05,Product View,3
3752,2025-11-26,Add to Cart,4
3752,2025-12-02,Checkout,5
3753,2025-10-15,Landing,1
3753,2025-10-04,Browse,2
3753,2025-10-10,Product View,3
3754,2025-10-04,Landing,1
3754,2025-09-30,Browse,2
3755,2025-06-17,Landing,1
3756,2025-11-14,Landing,1
3756,2025-11-15,Browse,2
3757,2025-09-27,Landing,1
3757,2025-09-19,Browse,2
3757,2025-09-26,Product View,3
3757,2025-09-21,Add to Cart,4
3757,2025-09-23,Checkout,5
3757,2025-09-26,Purchase,6
3757,2025-09-16,Signup,7
3758,2025-04-08,Landing,1
3758,2025-04-14,Browse,2
3759,2025-09-26,Landing,1
3759,2025-09-21,Browse,2
3759,2025-09-28,Product View,3
3759,2025-09-19,Add to Cart,4
3759,2025-09-26,Checkout,5
3759,2025-09-21,Purchase,6
3759,2025-09-22,Signup,7
3760,2025-09-28,Landing,1
3760,2025-09-25,Browse,2
3760,2025-09-26,Product View,3
3761,2025-10-11,Landing,1
3762,2025-03-30,Landing,1
3762,2025-03-29,Browse,2
3763,2025-09-07,Landing,1
3763,2025-09-04,Browse,2
3763,2025-09-03,Product View,3
3764,2025-11-03,Landing,1
3765,2025-09-18,Landing,1
3765,2025-09-20,Browse,2
3765,2025-09-13,Product View,3
3766,2025-10-11,Landing,1
3766,2025-10-08,Browse,2
3766,2025-10-17,Product View,3
3766,2025-10-18,Add to Cart,4
3766,2025-10-05,Checkout,5
3767,2025-09-29,Landing,1
3767,2025-10-11,Browse,2
3768,2025-03-08,Landing,1
3769,2025-06-16,Landing,1
3769,2025-06-08,Browse,2
3769,2025-06-13,Product View,3
3770,2025-10-02,Landing,1
3770,2025-10-06,Browse,2
3771,2025-08-12,Landing,1
3772,2025-08-21,Landing,1
3773,2025-04-20,Landing,1
3773,2025-04-19,Browse,2
3773,2025-04-20,Product View,3
3773,2025-04-17,Add to Cart,4
3773,2025-04-22,Checkout,5
3773,2025-04-17,Purchase,6
3774,2025-08-14,Landing,1
3774,2025-08-26,Browse,2
3774,2025-08-16,Product View,3
3775,2025-03-30,Landing,1
3775,2025-03-21,Browse,2
3775,2025-03-18,Product View,3
3776,2025-07-15,Landing,1
3777,2025-04-27,Landing,1
3778,2025-04-03,Landing,1
3778,2025-04-03,Browse,2
3779,2025-07-01,Landing,1
3779,2025-07-09,Browse,2
3779,2025-07-03,Product View,3
3779,2025-06-29,Add to Cart,4
3780,2025-11-12,Landing,1
3780,2025-11-15,Browse,2
3781,2025-09-11,Landing,1
3781,2025-09-15,Browse,2
3782,2025-06-23,Landing,1
3782,2025-06-23,Browse,2
3783,2025-12-18,Landing,1
3783,2025-12-22,Browse,2
3784,2025-06-10,Landing,1
3785,2025-08-01,Landing,1
3785,2025-07-21,Browse,2
3785,2025-07-26,Product View,3
3786,2025-11-22,Landing,1
3787,2025-07-30,Landing,1
3787,2025-08-07,Browse,2
3787,2025-08-09,Product View,3
3787,2025-08-01,Add to Cart,4
3787,2025-08-01,Checkout,5
3787,2025-08-03,Purchase,6
3788,2025-11-23,Landing,1
3788,2025-11-30,Browse,2
3788,2025-11-23,Product View,3
3788,2025-11-22,Add to Cart,4
3788,2025-12-03,Checkout,5
3789,2025-06-19,Landing,1
3789,2025-06-14,Browse,2
3789,2025-06-08,Product View,3
3790,2025-12-10,Landing,1
3790,2025-12-10,Browse,2
3790,2025-12-15,Product View,3
3791,2025-09-24,Landing,1
3791,2025-09-25,Browse,2
3792,2025-05-16,Landing,1
3792,2025-05-11,Browse,2
3792,2025-05-13,Product View,3
3793,2025-06-04,Landing,1
3794,2025-10-10,Landing,1
3794,2025-10-08,Browse,2
3795,2025-04-25,Landing,1
3795,2025-04-28,Browse,2
3795,2025-04-28,Product View,3
3795,2025-04-29,Add to Cart,4
3796,2025-06-18,Landing,1
3796,2025-06-22,Browse,2
3797,2025-06-22,Landing,1
3797,2025-06-18,Browse,2
3797,2025-06-14,Product View,3
3797,2025-06-14,Add to Cart,4
3798,2025-05-13,Landing,1
3799,2025-10-27,Landing,1
3799,2025-10-21,Browse,2
3799,2025-10-31,Product View,3
3800,2025-08-30,Landing,1
3801,2025-11-29,Landing,1
3802,2025-12-16,Landing,1
3802,2025-12-08,Browse,2
3803,2025-05-30,Landing,1
3803,2025-05-22,Browse,2
3804,2025-06-20,Landing,1
3804,2025-06-17,Browse,2
3805,2025-06-22,Landing,1
3805,2025-07-03,Browse,2
3805,2025-07-02,Product View,3
3806,2025-06-28,Landing,1
3806,2025-06-18,Browse,2
3806,2025-06-22,Product View,3
3806,2025-06-25,Add to Cart,4
3807,2025-10-09,Landing,1
3808,2025-06-23,Landing,1
3808,2025-06-21,Browse,2
3808,2025-06-22,Product View,3
3809,2025-08-17,Landing,1
3810,2025-04-20,Landing,1
3810,2025-04-21,Browse,2
3811,2025-07-18,Landing,1
3811,2025-07-20,Browse,2
3811,2025-07-24,Product View,3
3812,2025-08-18,Landing,1
3812,2025-08-26,Browse,2
3813,2025-12-16,Landing,1
3813,2025-12-21,Browse,2
3813,2025-12-18,Product View,3
3814,2025-08-06,Landing,1
3814,2025-08-04,Browse,2
3814,2025-08-09,Product View,3
3814,2025-08-11,Add to Cart,4
3814,2025-08-02,Checkout,5
3815,2025-07-21,Landing,1
3815,2025-07-23,Browse,2
3815,2025-07-28,Product View,3
3815,2025-07-23,Add to Cart,4
3815,2025-07-30,Checkout,5
3816,2025-10-28,Landing,1
3816,2025-10-24,Browse,2
3817,2025-03-23,Landing,1
3817,2025-03-27,Browse,2
3817,2025-03-23,Product View,3
3818,2025-10-20,Landing,1
3818,2025-10-25,Browse,2
3818,2025-10-17,Product View,3
3818,2025-10-12,Add to Cart,4
3819,2025-11-17,Landing,1
3819,2025-11-09,Browse,2
3820,2025-04-12,Landing,1
3820,2025-04-08,Browse,2
3820,2025-04-03,Product View,3
3820,2025-04-11,Add to Cart,4
3820,2025-04-04,Checkout,5
3820,2025-04-16,Purchase,6
3820,2025-04-15,Signup,7
3821,2025-10-26,Landing,1
3821,2025-10-24,Browse,2
3822,2025-04-16,Landing,1
3822,2025-04-16,Browse,2
3822,2025-04-16,Product View,3
3822,2025-04-24,Add to Cart,4
3822,2025-04-17,Checkout,5
3822,2025-04-23,Purchase,6
3823,2025-07-29,Landing,1
3823,2025-07-30,Browse,2
3823,2025-07-25,Product View,3
3824,2025-06-26,Landing,1
3824,2025-06-27,Browse,2
3824,2025-07-06,Product View,3
3824,2025-07-01,Add to Cart,4
3825,2025-07-16,Landing,1
3825,2025-07-07,Browse,2
3825,2025-07-09,Product View,3
3825,2025-07-11,Add to Cart,4
3826,2025-11-08,Landing,1
3826,2025-11-10,Browse,2
3827,2025-11-08,Landing,1
3827,2025-11-05,Browse,2
3827,2025-10-31,Product View,3
3828,2025-11-01,Landing,1
3829,2025-09-12,Landing,1
3829,2025-09-07,Browse,2
3829,2025-09-09,Product View,3
3829,2025-09-07,Add to Cart,4
3829,2025-09-10,Checkout,5
3829,2025-09-14,Purchase,6
3829,2025-09-10,Signup,7
3830,2025-06-19,Landing,1
3830,2025-06-19,Browse,2
3830,2025-06-20,Product View,3
3830,2025-06-17,Add to Cart,4
3830,2025-06-12,Checkout,5
3830,2025-06-12,Purchase,6
3830,2025-06-18,Signup,7
3831,2025-11-06,Landing,1
3832,2025-03-18,Landing,1
3832,2025-03-06,Browse,2
3832,2025-03-10,Product View,3
3832,2025-03-10,Add to Cart,4
3833,2025-08-07,Landing,1
3833,2025-08-09,Browse,2
3833,2025-08-02,Product View,3
3833,2025-08-09,Add to Cart,4
3834,2025-05-07,Landing,1
3834,2025-05-05,Browse,2
3834,2025-05-07,Product View,3
3834,2025-05-12,Add to Cart,4
3834,2025-05-13,Checkout,5
3835,2025-07-09,Landing,1
3836,2025-08-22,Landing,1
3836,2025-09-02,Browse,2
3836,2025-08-31,Product View,3
3836,2025-08-26,Add to Cart,4
3836,2025-08-25,Checkout,5
3836,2025-08-29,Purchase,6
3837,2025-04-10,Landing,1
3837,2025-04-09,Browse,2
3837,2025-04-13,Product View,3
3837,2025-04-09,Add to Cart,4
3837,2025-04-01,Checkout,5
3838,2025-03-07,Landing,1
3838,2025-03-09,Browse,2
3838,2025-03-03,Product View,3
3838,2025-03-13,Add to Cart,4
3839,2025-12-17,Landing,1
3839,2025-12-13,Browse,2
3840,2025-07-20,Landing,1
3841,2025-03-24,Landing,1
3841,2025-03-20,Browse,2
3841,2025-03-22,Product View,3
3842,2025-05-21,Landing,1
3842,2025-05-25,Browse,2
3843,2025-11-04,Landing,1
3843,2025-10-28,Browse,2
3844,2025-03-30,Landing,1
3844,2025-04-06,Browse,2
3845,2025-12-13,Landing,1
3845,2025-12-08,Browse,2
3845,2025-12-12,Product View,3
3845,2025-12-05,Add to Cart,4
3845,2025-12-06,Checkout,5
3846,2025-07-03,Landing,1
3846,2025-07-14,Browse,2
3846,2025-07-05,Product View,3
3847,2025-12-04,Landing,1
3847,2025-12-01,Browse,2
3847,2025-11-28,Product View,3
3847,2025-11-24,Add to Cart,4
3847,2025-11-29,Checkout,5
3847,2025-11-29,Purchase,6
3847,2025-11-29,Signup,7
3848,2025-06-28,Landing,1
3848,2025-07-06,Browse,2
3848,2025-07-08,Product View,3
3849,2025-12-09,Landing,1
3850,2025-06-04,Landing,1
3850,2025-06-14,Browse,2
3850,2025-06-02,Product View,3
3850,2025-06-09,Add to Cart,4
3850,2025-06-02,Checkout,5
3850,2025-06-11,Purchase,6
3851,2025-09-11,Landing,1
3851,2025-09-24,Browse,2
3851,2025-09-14,Product View,3
3851,2025-09-19,Add to Cart,4
3852,2025-12-12,Landing,1
3852,2025-12-13,Browse,2
3853,2025-09-03,Landing,1
3854,2025-06-26,Landing,1
3854,2025-06-23,Browse,2
3854,2025-06-14,Product View,3
3855,2025-04-26,Landing,1
3856,2025-06-11,Landing,1
3856,2025-06-04,Browse,2
3857,2025-05-23,Landing,1
3857,2025-05-30,Browse,2
3858,2025-10-06,Landing,1
3858,2025-09-30,Browse,2
3858,2025-10-01,Product View,3
3858,2025-09-27,Add to Cart,4
3858,2025-10-02,Checkout,5
3859,2025-03-02,Landing,1
3859,2025-03-06,Browse,2
3860,2025-07-31,Landing,1
3860,2025-07-26,Browse,2
3860,2025-07-31,Product View,3
3860,2025-07-25,Add to Cart,4
3860,2025-07-30,Checkout,5
3861,2025-06-08,Landing,1
3861,2025-06-12,Browse,2
3861,2025-06-16,Product View,3
3861,2025-06-06,Add to Cart,4
3861,2025-06-05,Checkout,5
3862,2025-09-25,Landing,1
3862,2025-09-18,Browse,2
3863,2025-05-23,Landing,1
3863,2025-05-14,Browse,2
3864,2025-06-27,Landing,1
3864,2025-06-27,Browse,2
3864,2025-07-05,Product View,3
3864,2025-07-02,Add to Cart,4
3864,2025-07-05,Checkout,5
3865,2025-05-16,Landing,1
3866,2025-04-29,Landing,1
3866,2025-04-25,Browse,2
3866,2025-04-18,Product View,3
3866,2025-04-27,Add to Cart,4
3866,2025-04-23,Checkout,5
3866,2025-04-29,Purchase,6
3867,2025-04-25,Landing,1
3867,2025-04-28,Browse,2
3868,2025-04-10,Landing,1
3868,2025-04-10,Browse,2
3868,2025-04-12,Product View,3
3868,2025-04-12,Add to Cart,4
3869,2025-05-14,Landing,1
3870,2025-12-02,Landing,1
3870,2025-12-07,Browse,2
3870,2025-11-29,Product View,3
3871,2025-03-12,Landing,1
3871,2025-03-05,Browse,2
3871,2025-03-10,Product View,3
3871,2025-03-13,Add to Cart,4
3871,2025-03-02,Checkout,5
3871,2025-03-06,Purchase,6
3872,2025-11-26,Landing,1
3872,2025-11-21,Browse,2
3873,2025-03-14,Landing,1
3873,2025-03-15,Browse,2
3874,2025-10-13,Landing,1
3875,2025-03-18,Landing,1
3876,2025-06-14,Landing,1
3876,2025-06-21,Browse,2
3876,2025-06-20,Product View,3
3876,2025-06-19,Add to Cart,4
3876,2025-06-14,Checkout,5
3876,2025-06-15,Purchase,6
3876,2025-06-15,Signup,7
3877,2025-05-31,Landing,1
3877,2025-06-13,Browse,2
3877,2025-06-02,Product View,3
3877,2025-06-03,Add to Cart,4
3878,2025-12-07,Landing,1
3878,2025-12-05,Browse,2
3878,2025-11-27,Product View,3
3878,2025-11-30,Add to Cart,4
3879,2025-08-01,Landing,1
3880,2025-12-09,Landing,1
3880,2025-12-09,Browse,2
3880,2025-12-08,Product View,3
3881,2025-06-05,Landing,1
3882,2025-10-13,Landing,1
3882,2025-10-20,Browse,2
3882,2025-10-16,Product View,3
3882,2025-10-23,Add to Cart,4
3883,2025-05-10,Landing,1
3884,2025-06-13,Landing,1
3884,2025-06-11,Browse,2
3884,2025-06-06,Product View,3
3884,2025-06-05,Add to Cart,4
3884,2025-06-10,Checkout,5
3884,2025-06-03,Purchase,6
3884,2025-06-08,Signup,7
3885,2025-08-26,Landing,1
3885,2025-08-21,Browse,2
3885,2025-08-18,Product View,3
3885,2025-08-26,Add to Cart,4
3885,2025-08-21,Checkout,5
3886,2025-08-22,Landing,1
3887,2025-03-11,Landing,1
3888,2025-07-27,Landing,1
3888,2025-08-02,Browse,2
3888,2025-08-01,Product View,3
3888,2025-08-01,Add to Cart,4
3889,2025-09-16,Landing,1
3889,2025-09-13,Browse,2
3890,2025-03-11,Landing,1
3891,2025-08-07,Landing,1
3891,2025-08-08,Browse,2
3891,2025-08-11,Product View,3
3892,2025-04-17,Landing,1
3892,2025-04-21,Browse,2
3892,2025-04-17,Product View,3
3892,2025-04-26,Add to Cart,4
3893,2025-10-31,Landing,1
3893,2025-11-09,Browse,2
3893,2025-10-31,Product View,3
3893,2025-11-10,Add to Cart,4
3894,2025-05-02,Landing,1
3894,2025-05-09,Browse,2
3894,2025-05-05,Product View,3
3895,2025-03-31,Landing,1
3895,2025-04-02,Browse,2
3896,2025-05-08,Landing,1
3897,2025-09-25,Landing,1
3898,2025-12-06,Landing,1
3898,2025-12-04,Browse,2
3898,2025-12-01,Product View,3
3898,2025-11-27,Add to Cart,4
3898,2025-11-24,Checkout,5
3898,2025-11-25,Purchase,6
3899,2025-08-14,Landing,1
3899,2025-08-10,Browse,2
3899,2025-08-11,Product View,3
3899,2025-08-06,Add to Cart,4
3900,2025-12-07,Landing,1
3900,2025-11-29,Browse,2
3901,2025-08-08,Landing,1
3901,2025-08-06,Browse,2
3901,2025-08-08,Product View,3
3901,2025-08-04,Add to Cart,4
3901,2025-08-05,Checkout,5
3902,2025-06-20,Landing,1
3902,2025-06-12,Browse,2
3902,2025-06-07,Product View,3
3903,2025-06-24,Landing,1
3903,2025-06-24,Browse,2
3903,2025-06-23,Product View,3
3903,2025-06-29,Add to Cart,4
3904,2025-03-10,Landing,1
3904,2025-03-16,Browse,2
3904,2025-03-15,Product View,3
3905,2025-03-20,Landing,1
3906,2025-10-06,Landing,1
3906,2025-10-18,Browse,2
3907,2025-05-20,Landing,1
3907,2025-05-20,Browse,2
3907,2025-05-14,Product View,3
3908,2025-04-07,Landing,1
3908,2025-04-12,Browse,2
3909,2025-05-01,Landing,1
3909,2025-05-01,Browse,2
3910,2025-10-10,Landing,1
3911,2025-12-09,Landing,1
3911,2025-12-21,Browse,2
3911,2025-12-14,Product View,3
3911,2025-12-14,Add to Cart,4
3911,2025-12-20,Checkout,5
3912,2025-12-12,Landing,1
3912,2025-12-22,Browse,2
3913,2025-06-05,Landing,1
3913,2025-06-05,Browse,2
3914,2025-09-06,Landing,1
3915,2025-10-18,Landing,1
3915,2025-10-17,Browse,2
3916,2025-06-26,Landing,1
3916,2025-07-05,Browse,2
3917,2025-08-12,Landing,1
3917,2025-08-10,Browse,2
3917,2025-08-03,Product View,3
3918,2025-12-13,Landing,1
3918,2025-12-12,Browse,2
3919,2025-10-11,Landing,1
3920,2025-10-20,Landing,1
3921,2025-09-27,Landing,1
3921,2025-09-30,Browse,2
3921,2025-09-28,Product View,3
3922,2025-08-10,Landing,1
3922,2025-08-22,Browse,2
3922,2025-08-12,Product View,3
3922,2025-08-22,Add to Cart,4
3923,2025-05-02,Landing,1
3923,2025-05-06,Browse,2
3923,2025-05-07,Product View,3
3924,2025-10-22,Landing,1
3925,2025-10-22,Landing,1
3925,2025-10-25,Browse,2
3925,2025-10-30,Product View,3
3925,2025-10-17,Add to Cart,4
3926,2025-05-25,Landing,1
3926,2025-05-25,Browse,2
3926,2025-05-21,Product View,3
3926,2025-05-24,Add to Cart,4
3927,2025-08-23,Landing,1
3927,2025-08-24,Browse,2
3927,2025-08-25,Product View,3
3927,2025-08-31,Add to Cart,4
3927,2025-09-01,Checkout,5
3928,2025-08-19,Landing,1
3929,2025-06-20,Landing,1
3930,2025-11-01,Landing,1
3930,2025-10-28,Browse,2
3930,2025-11-01,Product View,3
3930,2025-10-29,Add to Cart,4
3930,2025-10-21,Checkout,5
3931,2025-08-08,Landing,1
3931,2025-08-01,Browse,2
3931,2025-08-12,Product View,3
3931,2025-08-02,Add to Cart,4
3931,2025-08-02,Checkout,5
3932,2025-10-10,Landing,1
3933,2025-08-03,Landing,1
3933,2025-08-05,Browse,2
3934,2025-06-10,Landing,1
3935,2025-07-14,Landing,1
3935,2025-07-24,Browse,2
3935,2025-07-15,Product View,3
3935,2025-07-12,Add to Cart,4
3936,2025-05-31,Landing,1
3936,2025-05-22,Browse,2
3937,2025-06-18,Landing,1
3938,2025-10-22,Landing,1
3938,2025-10-27,Browse,2
3938,2025-10-28,Product View,3
3938,2025-10-28,Add to Cart,4
3938,2025-10-20,Checkout,5
3938,2025-10-20,Purchase,6
3938,2025-10-30,Signup,7
3939,2025-10-08,Landing,1
3939,2025-10-03,Browse,2
3939,2025-10-05,Product View,3
3940,2025-08-01,Landing,1
3940,2025-07-29,Browse,2
3941,2025-09-12,Landing,1
3941,2025-09-21,Browse,2
3942,2025-06-09,Landing,1
3943,2025-09-01,Landing,1
3943,2025-08-27,Browse,2
3944,2025-08-09,Landing,1
3944,2025-08-10,Browse,2
3944,2025-08-10,Product View,3
3945,2025-09-20,Landing,1
3945,2025-09-08,Browse,2
3945,2025-09-20,Product View,3
3946,2025-03-22,Landing,1
3946,2025-03-22,Browse,2
3946,2025-03-20,Product View,3
3946,2025-03-14,Add to Cart,4
3947,2025-09-03,Landing,1
3947,2025-09-06,Browse,2
3947,2025-09-08,Product View,3
3948,2025-10-24,Landing,1
3948,2025-10-28,Browse,2
3948,2025-10-31,Product View,3
3948,2025-10-29,Add to Cart,4
3948,2025-10-27,Checkout,5
3949,2025-06-14,Landing,1
3949,2025-06-21,Browse,2
3949,2025-06-15,Product View,3
3949,2025-06-20,Add to Cart,4
3950,2025-07-16,Landing,1
3951,2025-08-16,Landing,1
3952,2025-09-07,Landing,1
3952,2025-09-09,Browse,2
3952,2025-09-05,Product View,3
3952,2025-09-11,Add to Cart,4
3952,2025-09-08,Checkout,5
3952,2025-09-06,Purchase,6
3952,2025-09-01,Signup,7
3953,2025-09-03,Landing,1
3953,2025-09-05,Browse,2
3953,2025-09-05,Product View,3
3953,2025-08-31,Add to Cart,4
3954,2025-06-26,Landing,1
3954,2025-06-30,Browse,2
3954,2025-07-03,Product View,3
3954,2025-07-03,Add to Cart,4
3954,2025-06-27,Checkout,5
3954,2025-06-24,Purchase,6
3955,2025-06-25,Landing,1
3956,2025-08-22,Landing,1
3957,2025-11-14,Landing,1
3957,2025-11-20,Browse,2
3958,2025-08-11,Landing,1
3958,2025-08-11,Browse,2
3959,2025-05-08,Landing,1
3960,2025-06-27,Landing,1
3960,2025-07-05,Browse,2
3961,2025-08-28,Landing,1
3961,2025-08-21,Browse,2
3961,2025-09-03,Product View,3
3961,2025-08-30,Add to Cart,4
3961,2025-08-28,Checkout,5
3962,2025-07-28,Landing,1
3962,2025-08-03,Browse,2
3963,2025-04-01,Landing,1
3964,2025-06-25,Landing,1
3964,2025-07-03,Browse,2
3965,2025-05-17,Landing,1
3966,2025-05-07,Landing,1
3966,2025-05-10,Browse,2
3966,2025-05-08,Product View,3
3966,2025-05-05,Add to Cart,4
3966,2025-05-10,Checkout,5
3967,2025-08-20,Landing,1
3967,2025-08-12,Browse,2
3967,2025-08-16,Product View,3
3967,2025-08-23,Add to Cart,4
3967,2025-08-18,Checkout,5
3968,2025-06-17,Landing,1
3968,2025-06-23,Browse,2
3968,2025-06-24,Product View,3
3968,2025-06-15,Add to Cart,4
3968,2025-06-26,Checkout,5
3968,2025-06-14,Purchase,6
3969,2025-08-16,Landing,1
3969,2025-08-10,Browse,2
3970,2025-04-08,Landing,1
3971,2025-04-15,Landing,1
3971,2025-04-14,Browse,2
3971,2025-04-21,Product View,3
3972,2025-03-28,Landing,1
3972,2025-03-27,Browse,2
3972,2025-03-30,Product View,3
3973,2025-05-19,Landing,1
3973,2025-05-28,Browse,2
3974,2025-05-10,Landing,1
3974,2025-05-07,Browse,2
3975,2025-12-16,Landing,1
3975,2025-12-23,Browse,2
3975,2025-12-10,Product View,3
3975,2025-12-11,Add to Cart,4
3975,2025-12-17,Checkout,5
3976,2025-11-12,Landing,1
3976,2025-11-16,Browse,2
3976,2025-11-17,Product View,3
3977,2025-06-28,Landing,1
3978,2025-12-10,Landing,1
3979,2025-10-18,Landing,1
3979,2025-10-31,Browse,2
3979,2025-10-29,Product View,3
3979,2025-10-31,Add to Cart,4
3979,2025-10-28,Checkout,5
3980,2025-11-12,Landing,1
3980,2025-11-04,Browse,2
3980,2025-11-04,Product View,3
3980,2025-11-10,Add to Cart,4
3980,2025-11-04,Checkout,5
3980,2025-11-05,Purchase,6
3981,2025-04-08,Landing,1
3982,2025-04-09,Landing,1
3982,2025-04-03,Browse,2
3982,2025-03-29,Product View,3
3982,2025-04-04,Add to Cart,4
3982,2025-04-04,Checkout,5
3982,2025-04-08,Purchase,6
3982,2025-03-28,Signup,7
3983,2025-08-05,Landing,1
3983,2025-07-30,Browse,2
3983,2025-08-03,Product View,3
3983,2025-08-04,Add to Cart,4
3983,2025-08-05,Checkout,5
3983,2025-08-05,Purchase,6
3983,2025-08-06,Signup,7
3984,2025-10-06,Landing,1
3984,2025-09-28,Browse,2
3984,2025-10-08,Product View,3
3984,2025-10-01,Add to Cart,4
3985,2025-06-10,Landing,1
3986,2025-06-06,Landing,1
3986,2025-06-13,Browse,2
3986,2025-06-10,Product View,3
3987,2025-08-09,Landing,1
3987,2025-08-15,Browse,2
3987,2025-08-11,Product View,3
3987,2025-08-06,Add to Cart,4
3988,2025-05-19,Landing,1
3988,2025-05-10,Browse,2
3989,2025-09-03,Landing,1
3989,2025-08-31,Browse,2
3990,2025-07-25,Landing,1
3991,2025-08-31,Landing,1
3991,2025-08-31,Browse,2
3991,2025-08-21,Product View,3
3991,2025-08-26,Add to Cart,4
3992,2025-05-23,Landing,1
3992,2025-05-28,Browse,2
3993,2025-03-31,Landing,1
3993,2025-03-23,Browse,2
3993,2025-03-30,Product View,3
3994,2025-09-16,Landing,1
3994,2025-09-20,Browse,2
3995,2025-06-17,Landing,1
3996,2025-04-25,Landing,1
3997,2025-11-15,Landing,1
3998,2025-06-01,Landing,1
3998,2025-06-03,Browse,2
3998,2025-06-12,Product View,3
3998,2025-06-08,Add to Cart,4
3998,2025-06-12,Checkout,5
3999,2025-08-04,Landing,1
4000,2025-09-13,Landing,1
4001,2025-12-16,Landing,1
4001,2025-12-25,Browse,2
4001,2025-12-14,Product View,3
4002,2025-06-06,Landing,1
4003,2025-08-03,Landing,1
4003,2025-08-04,Browse,2
4004,2025-04-22,Landing,1
4004,2025-05-01,Browse,2
4004,2025-05-02,Product View,3
4005,2025-11-14,Landing,1
4005,2025-11-16,Browse,2
4005,2025-11-25,Product View,3
4005,2025-11-17,Add to Cart,4
4005,2025-11-12,Checkout,5
4005,2025-11-12,Purchase,6
4005,2025-11-18,Signup,7
4006,2025-04-29,Landing,1
4006,2025-04-21,Browse,2
4006,2025-04-20,Product View,3
4006,2025-04-21,Add to Cart,4
4006,2025-04-24,Checkout,5
4007,2025-07-18,Landing,1
4007,2025-07-15,Browse,2
4008,2025-11-20,Landing,1
4009,2025-08-22,Landing,1
4009,2025-08-16,Browse,2
4010,2025-07-12,Landing,1
4010,2025-07-10,Browse,2
4010,2025-07-05,Product View,3
4011,2025-06-25,Landing,1
4012,2025-07-29,Landing,1
4012,2025-07-28,Browse,2
4012,2025-07-19,Product View,3
4012,2025-07-20,Add to Cart,4
4012,2025-07-30,Checkout,5
4013,2025-03-05,Landing,1
4014,2025-09-25,Landing,1
4014,2025-09-28,Browse,2
4014,2025-09-20,Product View,3
4015,2025-12-03,Landing,1
4016,2025-07-18,Landing,1
4017,2025-12-10,Landing,1
4017,2025-12-07,Browse,2
4018,2025-06-23,Landing,1
4018,2025-06-25,Browse,2
4019,2025-06-10,Landing,1
4019,2025-06-05,Browse,2
4020,2025-06-16,Landing,1
4020,2025-06-11,Browse,2
4020,2025-06-08,Product View,3
4020,2025-06-09,Add to Cart,4
4021,2025-03-20,Landing,1
4021,2025-03-26,Browse,2
4021,2025-03-25,Product View,3
4021,2025-03-23,Add to Cart,4
4022,2025-06-22,Landing,1
4023,2025-07-09,Landing,1
4023,2025-07-10,Browse,2
4024,2025-11-14,Landing,1
4024,2025-11-12,Browse,2
4024,2025-11-19,Product View,3
4024,2025-11-24,Add to Cart,4
4024,2025-11-14,Checkout,5
4025,2025-06-12,Landing,1
4025,2025-06-17,Browse,2
4025,2025-06-16,Product View,3
4025,2025-06-10,Add to Cart,4
4025,2025-06-14,Checkout,5
4026,2025-06-14,Landing,1
4026,2025-06-07,Browse,2
4026,2025-06-04,Product View,3
4027,2025-05-24,Landing,1
4027,2025-05-28,Browse,2
4027,2025-05-25,Product View,3
4028,2025-04-09,Landing,1
4028,2025-04-01,Browse,2
4028,2025-04-10,Product View,3
4028,2025-04-03,Add to Cart,4
4028,2025-04-06,Checkout,5
4028,2025-04-05,Purchase,6
4029,2025-09-17,Landing,1
4030,2025-07-24,Landing,1
4030,2025-07-16,Browse,2
4030,2025-07-29,Product View,3
4030,2025-07-20,Add to Cart,4
4031,2025-08-26,Landing,1
4032,2025-09-10,Landing,1
4033,2025-05-29,Landing,1
4034,2025-11-14,Landing,1
4034,2025-11-14,Browse,2
4035,2025-09-05,Landing,1
4035,2025-09-02,Browse,2
4036,2025-07-27,Landing,1
4037,2025-07-09,Landing,1
4037,2025-07-17,Browse,2
4037,2025-07-17,Product View,3
4038,2025-04-07,Landing,1
4038,2025-04-09,Browse,2
4039,2025-10-23,Landing,1
4039,2025-10-18,Browse,2
4039,2025-10-26,Product View,3
4040,2025-10-07,Landing,1
4041,2025-06-17,Landing,1
4041,2025-06-19,Browse,2
4041,2025-06-20,Product View,3
4042,2025-05-08,Landing,1
4043,2025-06-10,Landing,1
4043,2025-06-22,Browse,2
4043,2025-06-13,Product View,3
4043,2025-06-21,Add to Cart,4
4044,2025-09-05,Landing,1
4044,2025-09-05,Browse,2
4044,2025-09-01,Product View,3
4044,2025-08-28,Add to Cart,4
4044,2025-09-03,Checkout,5
4045,2025-11-26,Landing,1
4045,2025-11-21,Browse,2
4046,2025-07-25,Landing,1
4046,2025-07-17,Browse,2
4047,2025-04-14,Landing,1
4047,2025-04-21,Browse,2
4048,2025-08-21,Landing,1
4048,2025-08-20,Browse,2
4048,2025-08-28,Product View,3
4049,2025-08-22,Landing,1
4049,2025-08-28,Browse,2
4050,2025-03-13,Landing,1
4051,2025-11-20,Landing,1
4051,2025-11-22,Browse,2
4052,2025-03-18,Landing,1
4053,2025-09-03,Landing,1
4053,2025-09-01,Browse,2
4053,2025-08-30,Product View,3
4053,2025-09-01,Add to Cart,4
4054,2025-06-20,Landing,1
4054,2025-06-12,Browse,2
4054,2025-06-16,Product View,3
4054,2025-06-15,Add to Cart,4
4054,2025-06-20,Checkout,5
4055,2025-11-04,Landing,1
4055,2025-11-06,Browse,2
4055,2025-11-01,Product View,3
4056,2025-09-08,Landing,1
4056,2025-08-30,Browse,2
4056,2025-09-05,Product View,3
4057,2025-08-01,Landing,1
4058,2025-11-03,Landing,1
4059,2025-06-23,Landing,1
4059,2025-06-22,Browse,2
4059,2025-06-25,Product View,3
4059,2025-07-03,Add to Cart,4
4059,2025-06-30,Checkout,5
4059,2025-06-24,Purchase,6
4060,2025-09-13,Landing,1
4060,2025-09-14,Browse,2
4061,2025-06-26,Landing,1
4061,2025-06-18,Browse,2
4061,2025-06-26,Product View,3
4061,2025-06-26,Add to Cart,4
4062,2025-10-12,Landing,1
4062,2025-10-18,Browse,2
4063,2025-10-25,Landing,1
4063,2025-10-27,Browse,2
4063,2025-10-25,Product View,3
4063,2025-10-19,Add to Cart,4
4064,2025-08-22,Landing,1
4064,2025-08-21,Browse,2
4065,2025-08-09,Landing,1
4065,2025-07-31,Browse,2
4065,2025-08-02,Product View,3
4065,2025-08-08,Add to Cart,4
4065,2025-08-01,Checkout,5
4065,2025-08-06,Purchase,6
4066,2025-09-12,Landing,1
4066,2025-09-24,Browse,2
4066,2025-09-23,Product View,3
4066,2025-09-15,Add to Cart,4
4066,2025-09-11,Checkout,5
4067,2025-04-21,Landing,1
4067,2025-05-02,Browse,2
4068,2025-05-18,Landing,1
4069,2025-08-19,Landing,1
4069,2025-08-15,Browse,2
4070,2025-05-26,Landing,1
4070,2025-05-17,Browse,2
4070,2025-05-22,Product View,3
4071,2025-12-25,Landing,1
4071,2025-12-23,Browse,2
4071,2025-12-26,Product View,3
4071,2025-12-15,Add to Cart,4
4072,2025-09-03,Landing,1
4072,2025-09-05,Browse,2
4073,2025-04-15,Landing,1
4073,2025-04-13,Browse,2
4073,2025-04-15,Product View,3
4073,2025-04-14,Add to Cart,4
4073,2025-04-11,Checkout,5
4074,2025-07-20,Landing,1
4074,2025-07-17,Browse,2
4074,2025-07-23,Product View,3
4074,2025-07-21,Add to Cart,4
4074,2025-07-25,Checkout,5
4074,2025-07-23,Purchase,6
4075,2025-09-25,Landing,1
4075,2025-09-24,Browse,2
4075,2025-09-17,Product View,3
4075,2025-09-26,Add to Cart,4
4075,2025-09-22,Checkout,5
4075,2025-09-25,Purchase,6
4075,2025-09-18,Signup,7
4076,2025-08-12,Landing,1
4077,2025-03-20,Landing,1
4077,2025-03-25,Browse,2
4078,2025-09-28,Landing,1
4079,2025-04-04,Landing,1
4079,2025-03-27,Browse,2
4080,2025-03-26,Landing,1
4081,2025-11-10,Landing,1
4081,2025-11-17,Browse,2
4082,2025-06-20,Landing,1
4082,2025-06-11,Browse,2
4083,2025-06-22,Landing,1
4083,2025-06-20,Browse,2
4084,2025-05-29,Landing,1
4084,2025-05-28,Browse,2
4084,2025-05-23,Product View,3
4084,2025-05-20,Add to Cart,4
4084,2025-05-29,Checkout,5
4085,2025-09-03,Landing,1
4086,2025-04-11,Landing,1
4087,2025-09-17,Landing,1
4088,2025-09-10,Landing,1
4088,2025-09-01,Browse,2
4088,2025-09-02,Product View,3
4088,2025-09-01,Add to Cart,4
4088,2025-08-31,Checkout,5
4089,2025-08-23,Landing,1
4089,2025-08-19,Browse,2
4089,2025-08-25,Product View,3
4090,2025-08-04,Landing,1
4090,2025-08-06,Browse,2
4090,2025-07-30,Product View,3
4090,2025-08-02,Add to Cart,4
4090,2025-08-03,Checkout,5
4091,2025-07-05,Landing,1
4091,2025-07-11,Browse,2
4091,2025-07-10,Product View,3
4092,2025-12-09,Landing,1
4092,2025-12-05,Browse,2
4092,2025-12-05,Product View,3
4092,2025-12-11,Add to Cart,4
4092,2025-12-05,Checkout,5
4093,2025-11-22,Landing,1
4093,2025-11-29,Browse,2
4093,2025-11-23,Product View,3
4093,2025-12-03,Add to Cart,4
4094,2025-06-27,Landing,1
4094,2025-06-22,Browse,2
4095,2025-03-07,Landing,1
4095,2025-03-07,Browse,2
4095,2025-03-03,Product View,3
4095,2025-03-08,Add to Cart,4
4095,2025-03-06,Checkout,5
4096,2025-06-07,Landing,1
4096,2025-06-09,Browse,2
4097,2025-12-04,Landing,1
4098,2025-04-22,Landing,1
4098,2025-04-26,Browse,2
4098,2025-04-19,Product View,3
4098,2025-04-19,Add to Cart,4
4098,2025-04-24,Checkout,5
4099,2025-09-24,Landing,1
4099,2025-09-28,Browse,2
4099,2025-10-04,Product View,3
4099,2025-09-27,Add to Cart,4
4099,2025-09-30,Checkout,5
4099,2025-09-22,Purchase,6
4099,2025-09-22,Signup,7
4100,2025-11-17,Landing,1
4100,2025-11-24,Browse,2
4100,2025-11-18,Product View,3
4101,2025-06-24,Landing,1
4101,2025-06-28,Browse,2
4101,2025-07-02,Product View,3
4101,2025-06-30,Add to Cart,4
4102,2025-12-09,Landing,1
4102,2025-12-09,Browse,2
4102,2025-12-06,Product View,3
4103,2025-11-11,Landing,1
4103,2025-11-07,Browse,2
4104,2025-05-01,Landing,1
4104,2025-05-08,Browse,2
4105,2025-03-09,Landing,1
4105,2025-03-09,Browse,2
4105,2025-03-09,Product View,3
4106,2025-04-28,Landing,1
4106,2025-04-25,Browse,2
4106,2025-04-30,Product View,3
4106,2025-04-26,Add to Cart,4
4107,2025-04-24,Landing,1
4107,2025-04-30,Browse,2
4107,2025-04-21,Product View,3
4108,2025-10-26,Landing,1
4108,2025-10-25,Browse,2
4108,2025-10-17,Product View,3
4108,2025-10-28,Add to Cart,4
4108,2025-10-19,Checkout,5
4108,2025-10-24,Purchase,6
4108,2025-10-25,Signup,7
4109,2025-09-24,Landing,1
4109,2025-09-25,Browse,2
4109,2025-09-28,Product View,3
4109,2025-09-25,Add to Cart,4
4109,2025-10-02,Checkout,5
4109,2025-09-30,Purchase,6
4110,2025-07-11,Landing,1
4111,2025-05-04,Landing,1
4112,2025-05-01,Landing,1
4112,2025-04-30,Browse,2
4112,2025-04-29,Product View,3
4113,2025-08-14,Landing,1
4113,2025-08-15,Browse,2
4113,2025-08-09,Product View,3
4113,2025-08-05,Add to Cart,4
4113,2025-08-14,Checkout,5
4113,2025-08-16,Purchase,6
4114,2025-06-23,Landing,1
4115,2025-06-04,Landing,1
4115,2025-06-02,Browse,2
4115,2025-05-27,Product View,3
4115,2025-05-28,Add to Cart,4
4115,2025-06-06,Checkout,5
4115,2025-05-31,Purchase,6
4115,2025-06-04,Signup,7
4116,2025-09-12,Landing,1
4117,2025-06-29,Landing,1
4117,2025-06-29,Browse,2
4118,2025-05-20,Landing,1
4118,2025-05-14,Browse,2
4118,2025-05-17,Product View,3
4119,2025-05-05,Landing,1
4119,2025-05-01,Browse,2
4120,2025-09-26,Landing,1
4120,2025-09-18,Browse,2
4120,2025-09-19,Product View,3
4121,2025-09-10,Landing,1
4121,2025-09-17,Browse,2
4121,2025-09-16,Product View,3
4122,2025-03-24,Landing,1
4123,2025-05-14,Landing,1
4124,2025-11-15,Landing,1
4125,2025-07-25,Landing,1
4125,2025-07-21,Browse,2
4126,2025-04-15,Landing,1
4127,2025-07-14,Landing,1
4127,2025-07-05,Browse,2
4128,2025-09-26,Landing,1
4128,2025-09-27,Browse,2
4129,2025-06-09,Landing,1
4129,2025-06-07,Browse,2
4129,2025-06-06,Product View,3
4129,2025-06-03,Add to Cart,4
4130,2025-06-17,Landing,1
4130,2025-06-13,Browse,2
4131,2025-05-06,Landing,1
4131,2025-05-14,Browse,2
4132,2025-10-07,Landing,1
4133,2025-08-22,Landing,1
4134,2025-11-14,Landing,1
4134,2025-11-20,Browse,2
4134,2025-11-10,Product View,3
4134,2025-11-20,Add to Cart,4
4135,2025-04-01,Landing,1
4135,2025-04-02,Browse,2
4135,2025-04-04,Product View,3
4136,2025-07-29,Landing,1
4136,2025-07-18,Browse,2
4136,2025-07-28,Product View,3
4137,2025-04-11,Landing,1
4137,2025-04-11,Browse,2
4137,2025-04-06,Product View,3
4138,2025-11-15,Landing,1
4138,2025-11-12,Browse,2
4138,2025-11-20,Product View,3
4138,2025-11-22,Add to Cart,4
4138,2025-11-12,Checkout,5
4138,2025-11-13,Purchase,6
4138,2025-11-12,Signup,7
4139,2025-10-31,Landing,1
4140,2025-07-24,Landing,1
4140,2025-07-18,Browse,2
4141,2025-12-06,Landing,1
4141,2025-12-13,Browse,2
4141,2025-12-16,Product View,3
4142,2025-05-24,Landing,1
4143,2025-08-14,Landing,1
4143,2025-08-13,Browse,2
4143,2025-08-16,Product View,3
4143,2025-08-09,Add to Cart,4
4144,2025-08-10,Landing,1
4144,2025-08-11,Browse,2
4144,2025-08-11,Product View,3
4144,2025-08-18,Add to Cart,4
4144,2025-08-08,Checkout,5
4144,2025-08-18,Purchase,6
4144,2025-08-17,Signup,7
4145,2025-03-11,Landing,1
4145,2025-03-06,Browse,2
4145,2025-03-15,Product View,3
4145,2025-03-06,Add to Cart,4
4145,2025-03-14,Checkout,5
4146,2025-11-07,Landing,1
4146,2025-11-05,Browse,2
4147,2025-08-04,Landing,1
4148,2025-05-29,Landing,1
4149,2025-07-02,Landing,1
4149,2025-07-02,Browse,2
4149,2025-06-24,Product View,3
4149,2025-06-24,Add to Cart,4
4150,2025-12-04,Landing,1
4151,2025-09-07,Landing,1
4151,2025-09-13,Browse,2
4152,2025-12-13,Landing,1
4152,2025-12-14,Browse,2
4152,2025-12-09,Product View,3
4152,2025-12-14,Add to Cart,4
4153,2025-12-12,Landing,1
4154,2025-08-01,Landing,1
4155,2025-04-15,Landing,1
4156,2025-10-08,Landing,1
4156,2025-10-04,Browse,2
4156,2025-10-05,Product View,3
4156,2025-10-10,Add to Cart,4
4156,2025-10-04,Checkout,5
4156,2025-10-03,Purchase,6
4156,2025-10-10,Signup,7
4157,2025-04-24,Landing,1
4157,2025-04-22,Browse,2
4157,2025-04-21,Product View,3
4158,2025-06-11,Landing,1
4159,2025-11-29,Landing,1
4159,2025-11-27,Browse,2
4160,2025-12-22,Landing,1
4160,2025-12-11,Browse,2
4161,2025-07-22,Landing,1
4161,2025-07-19,Browse,2
4162,2025-11-30,Landing,1
4162,2025-11-22,Browse,2
4162,2025-11-30,Product View,3
4163,2025-11-19,Landing,1
4163,2025-11-15,Browse,2
4163,2025-11-14,Product View,3
4164,2025-04-16,Landing,1
4165,2025-04-29,Landing,1
4165,2025-04-19,Browse,2
4165,2025-04-29,Product View,3
4166,2025-03-22,Landing,1
4166,2025-03-22,Browse,2
4166,2025-03-21,Product View,3
4166,2025-03-19,Add to Cart,4
4167,2025-11-13,Landing,1
4168,2025-11-01,Landing,1
4168,2025-10-27,Browse,2
4169,2025-09-18,Landing,1
4169,2025-09-12,Browse,2
4169,2025-09-21,Product View,3
4169,2025-09-17,Add to Cart,4
4169,2025-09-14,Checkout,5
4170,2025-04-25,Landing,1
4171,2025-07-29,Landing,1
4171,2025-07-28,Browse,2
4171,2025-07-19,Product View,3
4171,2025-07-27,Add to Cart,4
4172,2025-06-01,Landing,1
4173,2025-07-09,Landing,1
4174,2025-04-16,Landing,1
4175,2025-09-10,Landing,1
4175,2025-09-10,Browse,2
4176,2025-05-08,Landing,1
4177,2025-10-31,Landing,1
4177,2025-10-24,Browse,2
4178,2025-07-04,Landing,1
4178,2025-07-08,Browse,2
4178,2025-07-10,Product View,3
4178,2025-07-09,Add to Cart,4
4178,2025-07-08,Checkout,5
4178,2025-07-01,Purchase,6
4178,2025-07-04,Signup,7
4179,2025-11-26,Landing,1
4179,2025-11-28,Browse,2
4179,2025-11-24,Product View,3
4179,2025-11-20,Add to Cart,4
4180,2025-03-26,Landing,1
4181,2025-10-23,Landing,1
4181,2025-11-03,Browse,2
4182,2025-12-13,Landing,1
4182,2025-12-13,Browse,2
4182,2025-12-01,Product View,3
4182,2025-12-07,Add to Cart,4
4182,2025-12-02,Checkout,5
4183,2025-04-30,Landing,1
4183,2025-05-06,Browse,2
4183,2025-05-01,Product View,3
4183,2025-05-08,Add to Cart,4
4183,2025-05-03,Checkout,5
4183,2025-04-26,Purchase,6
4183,2025-04-25,Signup,7
4184,2025-06-09,Landing,1
4184,2025-06-09,Browse,2
4184,2025-06-19,Product View,3
4184,2025-06-16,Add to Cart,4
4185,2025-12-17,Landing,1
4185,2025-12-18,Browse,2
4186,2025-05-31,Landing,1
4186,2025-05-28,Browse,2
4186,2025-05-22,Product View,3
4187,2025-10-31,Landing,1
4188,2025-11-04,Landing,1
4188,2025-11-02,Browse,2
4188,2025-10-31,Product View,3
4188,2025-11-03,Add to Cart,4
4188,2025-10-29,Checkout,5
4188,2025-11-03,Purchase,6
4188,2025-11-04,Signup,7
4189,2025-06-16,Landing,1
4189,2025-06-04,Browse,2
4189,2025-06-03,Product View,3
4190,2025-04-10,Landing,1
4190,2025-04-14,Browse,2
4190,2025-04-07,Product View,3
4190,2025-04-15,Add to Cart,4
4190,2025-04-10,Checkout,5
4190,2025-04-11,Purchase,6
4190,2025-04-17,Signup,7
4191,2025-07-31,Landing,1
4191,2025-07-27,Browse,2
4191,2025-07-22,Product View,3
4192,2025-12-07,Landing,1
4193,2025-03-17,Landing,1
4194,2025-03-18,Landing,1
4194,2025-03-12,Browse,2
4195,2025-12-09,Landing,1
4196,2025-09-13,Landing,1
4196,2025-09-04,Browse,2
4197,2025-07-09,Landing,1
4197,2025-07-03,Browse,2
4198,2025-12-11,Landing,1
4198,2025-11-29,Browse,2
4198,2025-12-04,Product View,3
4198,2025-12-08,Add to Cart,4
4198,2025-11-28,Checkout,5
4199,2025-05-25,Landing,1
4199,2025-05-16,Browse,2
4200,2025-11-25,Landing,1
4200,2025-11-18,Browse,2
4201,2025-11-01,Landing,1
4201,2025-10-31,Browse,2
4201,2025-11-12,Product View,3
4201,2025-11-11,Add to Cart,4
4201,2025-11-03,Checkout,5
4202,2025-05-12,Landing,1
4202,2025-05-14,Browse,2
4203,2025-05-26,Landing,1
4203,2025-05-29,Browse,2
4204,2025-05-09,Landing,1
4204,2025-05-10,Browse,2
4205,2025-10-29,Landing,1
4206,2025-09-01,Landing,1
4206,2025-08-31,Browse,2
4206,2025-08-29,Product View,3
4206,2025-08-20,Add to Cart,4
4207,2025-10-05,Landing,1
4207,2025-09-30,Browse,2
4207,2025-10-01,Product View,3
4208,2025-08-30,Landing,1
4209,2025-08-18,Landing,1
4209,2025-08-21,Browse,2
4209,2025-08-20,Product View,3
4209,2025-08-20,Add to Cart,4
4210,2025-11-01,Landing,1
4210,2025-10-26,Browse,2
4211,2025-12-12,Landing,1
4211,2025-12-12,Browse,2
4212,2025-05-16,Landing,1
4213,2025-07-05,Landing,1
4214,2025-10-18,Landing,1
4214,2025-10-31,Browse,2
4215,2025-10-20,Landing,1
4216,2025-10-23,Landing,1
4216,2025-10-27,Browse,2
4217,2025-08-11,Landing,1
4217,2025-08-05,Browse,2
4217,2025-08-12,Product View,3
4217,2025-08-10,Add to Cart,4
4217,2025-08-12,Checkout,5
4218,2025-09-22,Landing,1
4218,2025-09-29,Browse,2
4219,2025-06-22,Landing,1
4220,2025-07-14,Landing,1
4221,2025-11-22,Landing,1
4221,2025-11-23,Browse,2
4221,2025-11-25,Product View,3
4221,2025-11-23,Add to Cart,4
4221,2025-11-26,Checkout,5
4221,2025-11-28,Purchase,6
4222,2025-09-29,Landing,1
4222,2025-09-18,Browse,2
4222,2025-10-01,Product View,3
4223,2025-12-02,Landing,1
4224,2025-09-24,Landing,1
4224,2025-09-27,Browse,2
4225,2025-05-05,Landing,1
4226,2025-07-13,Landing,1
4226,2025-07-16,Browse,2
4227,2025-09-10,Landing,1
4227,2025-09-03,Browse,2
4227,2025-09-07,Product View,3
4227,2025-09-08,Add to Cart,4
4228,2025-04-17,Landing,1
4228,2025-04-17,Browse,2
4228,2025-04-29,Product View,3
4228,2025-04-18,Add to Cart,4
4229,2025-07-18,Landing,1
4229,2025-07-16,Browse,2
4229,2025-07-14,Product View,3
4229,2025-07-13,Add to Cart,4
4229,2025-07-11,Checkout,5
4230,2025-04-02,Landing,1
4230,2025-03-28,Browse,2
4230,2025-03-27,Product View,3
4230,2025-03-24,Add to Cart,4
4230,2025-03-31,Checkout,5
4231,2025-05-16,Landing,1
4231,2025-05-03,Browse,2
4231,2025-05-13,Product View,3
4232,2025-04-15,Landing,1
4232,2025-04-28,Browse,2
4232,2025-04-25,Product View,3
4233,2025-10-31,Landing,1
4233,2025-11-02,Browse,2
4233,2025-11-05,Product View,3
4233,2025-10-31,Add to Cart,4
4234,2025-08-06,Landing,1
4234,2025-07-28,Browse,2
4234,2025-08-09,Product View,3
4234,2025-08-05,Add to Cart,4
4234,2025-07-29,Checkout,5
4234,2025-07-27,Purchase,6
4235,2025-06-21,Landing,1
4236,2025-06-10,Landing,1
4236,2025-06-09,Browse,2
4236,2025-06-17,Product View,3
4237,2025-08-21,Landing,1
4237,2025-08-24,Browse,2
4238,2025-06-24,Landing,1
4238,2025-06-25,Browse,2
4239,2025-05-21,Landing,1
4240,2025-11-23,Landing,1
4241,2025-10-05,Landing,1
4241,2025-09-27,Browse,2
4241,2025-09-26,Product View,3
4241,2025-09-29,Add to Cart,4
4241,2025-10-03,Checkout,5
4242,2025-06-14,Landing,1
4242,2025-06-05,Browse,2
4242,2025-06-07,Product View,3
4243,2025-11-19,Landing,1
4243,2025-11-25,Browse,2
4243,2025-12-01,Product View,3
4244,2025-08-29,Landing,1
4244,2025-08-22,Browse,2
4244,2025-08-29,Product View,3
4244,2025-08-24,Add to Cart,4
4244,2025-08-22,Checkout,5
4244,2025-08-28,Purchase,6
4244,2025-08-30,Signup,7
4245,2025-06-01,Landing,1
4245,2025-06-11,Browse,2
4245,2025-06-01,Product View,3
4245,2025-06-10,Add to Cart,4
4246,2025-03-08,Landing,1
4246,2025-03-04,Browse,2
4246,2025-03-07,Product View,3
4247,2025-07-09,Landing,1
4248,2025-09-29,Landing,1
4248,2025-09-25,Browse,2
4249,2025-11-07,Landing,1
4250,2025-05-22,Landing,1
4250,2025-05-24,Browse,2
4250,2025-05-16,Product View,3
4250,2025-05-16,Add to Cart,4
4250,2025-05-15,Checkout,5
4251,2025-04-23,Landing,1
4251,2025-04-22,Browse,2
4251,2025-04-23,Product View,3
4251,2025-04-21,Add to Cart,4
4252,2025-03-30,Landing,1
4253,2025-12-12,Landing,1
4254,2025-11-07,Landing,1
4254,2025-11-08,Browse,2
4255,2025-10-28,Landing,1
4255,2025-10-22,Browse,2
4255,2025-10-25,Product View,3
4255,2025-10-17,Add to Cart,4
4256,2025-06-24,Landing,1
4257,2025-06-24,Landing,1
4257,2025-06-26,Browse,2
4257,2025-06-26,Product View,3
4257,2025-06-24,Add to Cart,4
4258,2025-03-29,Landing,1
4259,2025-04-20,Landing,1
4260,2025-10-26,Landing,1
4261,2025-09-18,Landing,1
4261,2025-09-18,Browse,2
4262,2025-06-27,Landing,1
4262,2025-06-29,Browse,2
4262,2025-07-07,Product View,3
4262,2025-07-09,Add to Cart,4
4263,2025-05-06,Landing,1
4263,2025-05-07,Browse,2
4264,2025-05-05,Landing,1
4264,2025-05-03,Browse,2
4264,2025-05-09,Product View,3
4265,2025-04-11,Landing,1
4265,2025-04-07,Browse,2
4265,2025-04-10,Product View,3
4265,2025-04-08,Add to Cart,4
4266,2025-04-15,Landing,1
4266,2025-04-15,Browse,2
4267,2025-04-05,Landing,1
4267,2025-04-10,Browse,2
4267,2025-04-10,Product View,3
4267,2025-04-16,Add to Cart,4
4267,2025-04-15,Checkout,5
4268,2025-07-18,Landing,1
4268,2025-07-21,Browse,2
4269,2025-05-02,Landing,1
4269,2025-04-23,Browse,2
4269,2025-05-05,Product View,3
4270,2025-09-15,Landing,1
4270,2025-09-08,Browse,2
4270,2025-09-17,Product View,3
4270,2025-09-07,Add to Cart,4
4270,2025-09-09,Checkout,5
4271,2025-12-18,Landing,1
4271,2025-12-11,Browse,2
4271,2025-12-16,Product View,3
4272,2025-03-14,Landing,1
4272,2025-03-13,Browse,2
4272,2025-03-16,Product View,3
4272,2025-03-16,Add to Cart,4
4272,2025-03-12,Checkout,5
4272,2025-03-23,Purchase,6
4273,2025-11-22,Landing,1
4274,2025-03-11,Landing,1
4274,2025-03-09,Browse,2
4275,2025-12-20,Landing,1
4276,2025-10-18,Landing,1
4276,2025-10-15,Browse,2
4276,2025-10-16,Product View,3
4277,2025-11-11,Landing,1
4277,2025-11-21,Browse,2
4277,2025-11-22,Product View,3
4277,2025-11-22,Add to Cart,4
4277,2025-11-16,Checkout,5
4278,2025-06-01,Landing,1
4278,2025-06-10,Browse,2
4279,2025-09-20,Landing,1
4280,2025-07-04,Landing,1
4280,2025-07-03,Browse,2
4280,2025-07-05,Product View,3
4281,2025-04-08,Landing,1
4281,2025-04-10,Browse,2
4282,2025-04-01,Landing,1
4282,2025-04-05,Browse,2
4282,2025-04-08,Product View,3
4282,2025-04-01,Add to Cart,4
4282,2025-04-10,Checkout,5
4283,2025-08-05,Landing,1
4283,2025-07-31,Browse,2
4283,2025-07-29,Product View,3
4283,2025-08-01,Add to Cart,4
4283,2025-07-29,Checkout,5
4283,2025-08-03,Purchase,6
4283,2025-08-10,Signup,7
4284,2025-07-29,Landing,1
4284,2025-07-22,Browse,2
4284,2025-07-29,Product View,3
4284,2025-07-20,Add to Cart,4
4285,2025-06-06,Landing,1
4285,2025-06-14,Browse,2
4285,2025-06-09,Product View,3
4285,2025-06-05,Add to Cart,4
4285,2025-06-05,Checkout,5
4285,2025-06-08,Purchase,6
4285,2025-06-16,Signup,7
4286,2025-05-08,Landing,1
4287,2025-08-19,Landing,1
4288,2025-09-21,Landing,1
4288,2025-09-26,Browse,2
4288,2025-09-19,Product View,3
4288,2025-09-21,Add to Cart,4
4288,2025-09-15,Checkout,5
4289,2025-09-06,Landing,1
4289,2025-09-08,Browse,2
4289,2025-09-10,Product View,3
4289,2025-09-05,Add to Cart,4
4290,2025-04-18,Landing,1
4290,2025-04-14,Browse,2
4291,2025-10-22,Landing,1
4291,2025-10-18,Browse,2
4291,2025-10-13,Product View,3
4291,2025-10-19,Add to Cart,4
4291,2025-10-13,Checkout,5
4292,2025-10-26,Landing,1
4293,2025-11-09,Landing,1
4293,2025-11-05,Browse,2
4294,2025-12-04,Landing,1
4294,2025-12-09,Browse,2
4294,2025-12-03,Product View,3
4295,2025-08-20,Landing,1
4295,2025-08-19,Browse,2
4295,2025-08-11,Product View,3
4295,2025-08-11,Add to Cart,4
4295,2025-08-13,Checkout,5
4296,2025-12-16,Landing,1
4296,2025-12-19,Browse,2
4297,2025-06-21,Landing,1
4297,2025-07-01,Browse,2
4297,2025-06-20,Product View,3
4297,2025-06-23,Add to Cart,4
4298,2025-03-22,Landing,1
4298,2025-03-24,Browse,2
4298,2025-03-17,Product View,3
4298,2025-03-16,Add to Cart,4
4298,2025-03-27,Checkout,5
4298,2025-03-29,Purchase,6
4298,2025-03-19,Signup,7
4299,2025-12-21,Landing,1
4299,2025-12-21,Browse,2
4299,2025-12-19,Product View,3
4299,2025-12-19,Add to Cart,4
4300,2025-06-28,Landing,1
4300,2025-06-28,Browse,2
4301,2025-07-19,Landing,1
4301,2025-07-23,Browse,2
4301,2025-07-22,Product View,3
4301,2025-07-21,Add to Cart,4
4301,2025-07-25,Checkout,5
4302,2025-05-28,Landing,1
4302,2025-06-01,Browse,2
4303,2025-12-15,Landing,1
4303,2025-12-15,Browse,2
4303,2025-12-16,Product View,3
4304,2025-11-04,Landing,1
4304,2025-11-03,Browse,2
4305,2025-10-14,Landing,1
4305,2025-10-21,Browse,2
4305,2025-10-13,Product View,3
4306,2025-10-04,Landing,1
4306,2025-10-17,Browse,2
4306,2025-10-12,Product View,3
4307,2025-05-09,Landing,1
4308,2025-10-19,Landing,1
4309,2025-05-01,Landing,1
4309,2025-04-23,Browse,2
4309,2025-04-30,Product View,3
4309,2025-04-29,Add to Cart,4
4309,2025-04-27,Checkout,5
4309,2025-04-19,Purchase,6
4310,2025-05-02,Landing,1
4310,2025-05-08,Browse,2
4311,2025-04-18,Landing,1
4312,2025-06-03,Landing,1
4312,2025-05-29,Browse,2
4312,2025-06-06,Product View,3
4312,2025-06-06,Add to Cart,4
4313,2025-04-28,Landing,1
4313,2025-05-03,Browse,2
4313,2025-04-30,Product View,3
4313,2025-05-03,Add to Cart,4
4314,2025-03-22,Landing,1
4315,2025-10-02,Landing,1
4316,2025-05-12,Landing,1
4317,2025-06-30,Landing,1
4317,2025-07-04,Browse,2
4317,2025-07-10,Product View,3
4317,2025-07-10,Add to Cart,4
4317,2025-07-09,Checkout,5
4317,2025-07-01,Purchase,6
4318,2025-04-26,Landing,1
4319,2025-04-11,Landing,1
4319,2025-04-10,Browse,2
4319,2025-04-08,Product View,3
4320,2025-04-13,Landing,1
4320,2025-04-18,Browse,2
4320,2025-04-23,Product View,3
4320,2025-04-13,Add to Cart,4
4320,2025-04-13,Checkout,5
4320,2025-04-10,Purchase,6
4320,2025-04-13,Signup,7
4321,2025-07-25,Landing,1
4321,2025-07-31,Browse,2
4321,2025-07-23,Product View,3
4321,2025-07-30,Add to Cart,4
4321,2025-07-30,Checkout,5
4321,2025-07-23,Purchase,6
4321,2025-07-23,Signup,7
4322,2025-10-12,Landing,1
4322,2025-10-24,Browse,2
4323,2025-11-08,Landing,1
4324,2025-06-06,Landing,1
4324,2025-06-13,Browse,2
4324,2025-06-08,Product View,3
4324,2025-06-13,Add to Cart,4
4324,2025-06-15,Checkout,5
4325,2025-05-23,Landing,1
4325,2025-05-19,Browse,2
4325,2025-05-22,Product View,3
4326,2025-04-03,Landing,1
4327,2025-07-01,Landing,1
4328,2025-05-29,Landing,1
4328,2025-06-05,Browse,2
4328,2025-06-07,Product View,3
4328,2025-06-04,Add to Cart,4
4328,2025-05-29,Checkout,5
4328,2025-06-01,Purchase,6
4328,2025-06-07,Signup,7
4329,2025-06-15,Landing,1
4330,2025-07-30,Landing,1
4331,2025-03-19,Landing,1
4331,2025-03-25,Browse,2
4332,2025-11-10,Landing,1
4332,2025-11-02,Browse,2
4332,2025-11-15,Product View,3
4332,2025-11-14,Add to Cart,4
4333,2025-05-31,Landing,1
4333,2025-05-25,Browse,2
4334,2025-07-12,Landing,1
4334,2025-07-19,Browse,2
4334,2025-07-20,Product View,3
4334,2025-07-23,Add to Cart,4
4334,2025-07-11,Checkout,5
4334,2025-07-18,Purchase,6
4334,2025-07-15,Signup,7
4335,2025-05-18,Landing,1
4335,2025-05-21,Browse,2
4335,2025-05-10,Product View,3
4335,2025-05-15,Add to Cart,4
4336,2025-05-01,Landing,1
4336,2025-05-14,Browse,2
4336,2025-05-12,Product View,3
4337,2025-04-06,Landing,1
4337,2025-04-05,Browse,2
4337,2025-04-05,Product View,3
4337,2025-04-06,Add to Cart,4
4338,2025-04-15,Landing,1
4338,2025-04-02,Browse,2
4338,2025-04-05,Product View,3
4338,2025-04-02,Add to Cart,4
4339,2025-04-11,Landing,1
4340,2025-12-15,Landing,1
4341,2025-08-16,Landing,1
4341,2025-08-24,Browse,2
4341,2025-08-23,Product View,3
4342,2025-08-15,Landing,1
4342,2025-08-16,Browse,2
4343,2025-08-13,Landing,1
4343,2025-08-21,Browse,2
4343,2025-08-23,Product View,3
4343,2025-08-15,Add to Cart,4
4344,2025-10-31,Landing,1
4344,2025-10-28,Browse,2
4344,2025-10-30,Product View,3
4344,2025-10-22,Add to Cart,4
4344,2025-11-02,Checkout,5
4344,2025-10-27,Purchase,6
4344,2025-10-28,Signup,7
4345,2025-04-03,Landing,1
4346,2025-09-11,Landing,1
4347,2025-11-25,Landing,1
4347,2025-12-04,Browse,2
4348,2025-04-22,Landing,1
4348,2025-04-15,Browse,2
4349,2025-04-26,Landing,1
4349,2025-04-15,Browse,2
4349,2025-04-15,Product View,3
4349,2025-04-26,Add to Cart,4
4349,2025-04-23,Checkout,5
4350,2025-09-29,Landing,1
4350,2025-10-01,Browse,2
4350,2025-09-29,Product View,3
4350,2025-09-30,Add to Cart,4
4350,2025-09-29,Checkout,5
4350,2025-09-24,Purchase,6
4351,2025-10-26,Landing,1
4351,2025-10-25,Browse,2
4351,2025-10-17,Product View,3
4351,2025-10-22,Add to Cart,4
4352,2025-08-28,Landing,1
4353,2025-05-24,Landing,1
4354,2025-12-10,Landing,1
4355,2025-08-26,Landing,1
4355,2025-08-28,Browse,2
4355,2025-09-05,Product View,3
4355,2025-09-02,Add to Cart,4
4356,2025-07-07,Landing,1
4356,2025-07-11,Browse,2
4356,2025-07-07,Product View,3
4356,2025-06-30,Add to Cart,4
4357,2025-09-05,Landing,1
4357,2025-08-25,Browse,2
4357,2025-09-03,Product View,3
4357,2025-08-31,Add to Cart,4
4357,2025-08-28,Checkout,5
4357,2025-09-07,Purchase,6
4358,2025-04-08,Landing,1
4358,2025-04-20,Browse,2
4358,2025-04-07,Product View,3
4359,2025-09-03,Landing,1
4359,2025-08-22,Browse,2
4360,2025-11-13,Landing,1
4360,2025-11-09,Browse,2
4360,2025-11-22,Product View,3
4360,2025-11-10,Add to Cart,4
4360,2025-11-13,Checkout,5
4361,2025-12-06,Landing,1
4361,2025-12-08,Browse,2
4361,2025-12-10,Product View,3
4361,2025-12-06,Add to Cart,4
4362,2025-12-05,Landing,1
4362,2025-12-14,Browse,2
4362,2025-12-14,Product View,3
4363,2025-05-08,Landing,1
4363,2025-05-04,Browse,2
4363,2025-04-30,Product View,3
4364,2025-07-15,Landing,1
4364,2025-07-16,Browse,2
4365,2025-04-16,Landing,1
4366,2025-10-22,Landing,1
4367,2025-06-01,Landing,1
4367,2025-05-25,Browse,2
4367,2025-05-22,Product View,3
4367,2025-05-31,Add to Cart,4
4367,2025-05-24,Checkout,5
4367,2025-06-03,Purchase,6
4367,2025-05-30,Signup,7
4368,2025-12-22,Landing,1
4369,2025-12-14,Landing,1
4369,2025-12-19,Browse,2
4369,2025-12-10,Product View,3
4370,2025-05-04,Landing,1
4370,2025-05-03,Browse,2
4370,2025-04-30,Product View,3
4370,2025-05-11,Add to Cart,4
4370,2025-04-29,Checkout,5
4370,2025-05-02,Purchase,6
4370,2025-05-07,Signup,7
4371,2025-09-15,Landing,1
4371,2025-09-17,Browse,2
4372,2025-12-01,Landing,1
4373,2025-08-11,Landing,1
4373,2025-08-21,Browse,2
4373,2025-08-14,Product View,3
4374,2025-08-21,Landing,1
4374,2025-08-14,Browse,2
4374,2025-08-17,Product View,3
4374,2025-08-16,Add to Cart,4
4374,2025-08-15,Checkout,5
4375,2025-06-30,Landing,1
4375,2025-07-03,Browse,2
4376,2025-04-04,Landing,1
4377,2025-04-24,Landing,1
4377,2025-04-18,Browse,2
4378,2025-04-26,Landing,1
4378,2025-04-25,Browse,2
4379,2025-05-01,Landing,1
4379,2025-04-26,Browse,2
4379,2025-04-28,Product View,3
4379,2025-05-04,Add to Cart,4
4380,2025-08-21,Landing,1
4381,2025-03-07,Landing,1
4381,2025-03-11,Browse,2
4382,2025-06-23,Landing,1
4383,2025-10-25,Landing,1
4383,2025-10-16,Browse,2
4383,2025-10-16,Product View,3
4383,2025-10-22,Add to Cart,4
4384,2025-11-09,Landing,1
4384,2025-11-17,Browse,2
4384,2025-11-18,Product View,3
4384,2025-11-13,Add to Cart,4
4385,2025-04-04,Landing,1
4385,2025-04-02,Browse,2
4385,2025-04-03,Product View,3
4385,2025-04-02,Add to Cart,4
4386,2025-07-22,Landing,1
4387,2025-05-27,Landing,1
4387,2025-06-03,Browse,2
4387,2025-05-30,Product View,3
4387,2025-05-28,Add to Cart,4
4387,2025-05-24,Checkout,5
4387,2025-05-24,Purchase,6
4388,2025-04-16,Landing,1
4388,2025-04-19,Browse,2
4389,2025-06-28,Landing,1
4389,2025-06-23,Browse,2
4390,2025-10-04,Landing,1
4391,2025-05-11,Landing,1
4391,2025-05-09,Browse,2
4391,2025-05-17,Product View,3
4391,2025-05-09,Add to Cart,4
4391,2025-05-10,Checkout,5
4391,2025-05-16,Purchase,6
4392,2025-03-25,Landing,1
4392,2025-03-31,Browse,2
4392,2025-03-27,Product View,3
4393,2025-04-29,Landing,1
4393,2025-04-27,Browse,2
4393,2025-04-29,Product View,3
4393,2025-05-07,Add to Cart,4
4394,2025-09-23,Landing,1
4395,2025-11-02,Landing,1
4395,2025-11-08,Browse,2
4395,2025-11-11,Product View,3
4396,2025-06-16,Landing,1
4396,2025-06-12,Browse,2
4396,2025-06-15,Product View,3
4397,2025-09-19,Landing,1
4397,2025-09-30,Browse,2
4397,2025-09-21,Product View,3
4398,2025-09-11,Landing,1
4398,2025-09-22,Browse,2
4398,2025-09-17,Product View,3
4398,2025-09-18,Add to Cart,4
4399,2025-10-25,Landing,1
4399,2025-10-19,Browse,2
4399,2025-10-23,Product View,3
4399,2025-10-19,Add to Cart,4
4399,2025-10-21,Checkout,5
4400,2025-10-04,Landing,1
4400,2025-09-28,Browse,2
4400,2025-09-22,Product View,3
4400,2025-09-28,Add to Cart,4
4400,2025-09-28,Checkout,5
4400,2025-09-28,Purchase,6
4400,2025-10-03,Signup,7
4401,2025-03-13,Landing,1
4401,2025-03-17,Browse,2
4401,2025-03-13,Product View,3
4402,2025-06-01,Landing,1
4402,2025-05-28,Browse,2
4402,2025-05-23,Product View,3
4402,2025-06-02,Add to Cart,4
4403,2025-11-03,Landing,1
4403,2025-10-28,Browse,2
4403,2025-11-05,Product View,3
4404,2025-09-16,Landing,1
4405,2025-07-13,Landing,1
4405,2025-07-13,Browse,2
4406,2025-08-20,Landing,1
4406,2025-08-22,Browse,2
4407,2025-10-13,Landing,1
4407,2025-10-06,Browse,2
4408,2025-06-09,Landing,1
4409,2025-07-14,Landing,1
4409,2025-07-12,Browse,2
4409,2025-07-20,Product View,3
4410,2025-06-18,Landing,1
4410,2025-06-19,Browse,2
4410,2025-06-11,Product View,3
4410,2025-06-14,Add to Cart,4
4411,2025-06-26,Landing,1
4411,2025-06-26,Browse,2
4411,2025-07-08,Product View,3
4412,2025-11-27,Landing,1
4412,2025-11-21,Browse,2
4412,2025-12-01,Product View,3
4412,2025-12-02,Add to Cart,4
4412,2025-11-28,Checkout,5
4412,2025-12-01,Purchase,6
4412,2025-12-03,Signup,7
4413,2025-09-06,Landing,1
4413,2025-09-10,Browse,2
4414,2025-11-05,Landing,1
4414,2025-11-03,Browse,2
4414,2025-11-10,Product View,3
4414,2025-11-11,Add to Cart,4
4414,2025-11-13,Checkout,5
4415,2025-07-23,Landing,1
4415,2025-07-11,Browse,2
4415,2025-07-24,Product View,3
4415,2025-07-19,Add to Cart,4
4415,2025-07-15,Checkout,5
4415,2025-07-13,Purchase,6
4416,2025-11-06,Landing,1
4416,2025-11-12,Browse,2
4417,2025-09-24,Landing,1
4417,2025-09-24,Browse,2
4418,2025-10-03,Landing,1
4419,2025-12-03,Landing,1
4419,2025-12-07,Browse,2
4419,2025-12-01,Product View,3
4420,2025-07-25,Landing,1
4421,2025-06-10,Landing,1
4421,2025-06-09,Browse,2
4421,2025-06-05,Product View,3
4422,2025-08-14,Landing,1
4422,2025-08-22,Browse,2
4422,2025-08-20,Product View,3
4422,2025-08-13,Add to Cart,4
4422,2025-08-20,Checkout,5
4422,2025-08-14,Purchase,6
4422,2025-08-14,Signup,7
4423,2025-05-25,Landing,1
4423,2025-05-28,Browse,2
4423,2025-06-04,Product View,3
4423,2025-05-26,Add to Cart,4
4423,2025-06-02,Checkout,5
4423,2025-06-02,Purchase,6
4423,2025-06-04,Signup,7
4424,2025-11-30,Landing,1
4425,2025-12-09,Landing,1
4426,2025-07-29,Landing,1
4427,2025-12-04,Landing,1
4427,2025-12-09,Browse,2
4427,2025-12-05,Product View,3
4428,2025-07-07,Landing,1
4428,2025-06-27,Browse,2
4428,2025-06-30,Product View,3
4429,2025-10-12,Landing,1
4429,2025-10-04,Browse,2
4429,2025-10-10,Product View,3
4430,2025-11-07,Landing,1
4431,2025-08-25,Landing,1
4432,2025-09-10,Landing,1
4432,2025-09-11,Browse,2
4432,2025-09-10,Product View,3
4432,2025-09-02,Add to Cart,4
4433,2025-08-10,Landing,1
4433,2025-08-18,Browse,2
4433,2025-08-21,Product View,3
4434,2025-12-22,Landing,1
4434,2025-12-22,Browse,2
4434,2025-12-25,Product View,3
4434,2025-12-22,Add to Cart,4
4434,2025-12-14,Checkout,5
4435,2025-10-11,Landing,1
4435,2025-10-07,Browse,2
4435,2025-10-06,Product View,3
4436,2025-07-30,Landing,1
4436,2025-07-30,Browse,2
4436,2025-07-25,Product View,3
4437,2025-05-01,Landing,1
4437,2025-05-05,Browse,2
4437,2025-05-12,Product View,3
4437,2025-04-30,Add to Cart,4
4437,2025-05-05,Checkout,5
4437,2025-05-03,Purchase,6
4437,2025-05-04,Signup,7
4438,2025-10-08,Landing,1
4438,2025-10-06,Browse,2
4438,2025-10-06,Product View,3
4439,2025-05-15,Landing,1
4439,2025-05-26,Browse,2
4440,2025-12-01,Landing,1
4441,2025-04-22,Landing,1
4441,2025-04-25,Browse,2
4441,2025-04-27,Product View,3
4441,2025-04-25,Add to Cart,4
4442,2025-12-18,Landing,1
4443,2025-08-23,Landing,1
4443,2025-08-26,Browse,2
4443,2025-08-16,Product View,3
4443,2025-08-26,Add to Cart,4
4444,2025-08-26,Landing,1
4444,2025-08-20,Browse,2
4444,2025-09-01,Product View,3
4445,2025-09-08,Landing,1
4445,2025-09-02,Browse,2
4445,2025-09-06,Product View,3
4445,2025-09-07,Add to Cart,4
4445,2025-08-30,Checkout,5
4446,2025-03-22,Landing,1
4447,2025-06-09,Landing,1
4447,2025-05-27,Browse,2
4447,2025-05-27,Product View,3
4447,2025-06-02,Add to Cart,4
4447,2025-06-09,Checkout,5
4447,2025-06-04,Purchase,6
4447,2025-05-28,Signup,7
4448,2025-07-23,Landing,1
4448,2025-07-18,Browse,2
4448,2025-07-26,Product View,3
4449,2025-03-23,Landing,1
4449,2025-03-31,Browse,2
4449,2025-03-31,Product View,3
4449,2025-03-28,Add to Cart,4
4449,2025-04-04,Checkout,5
4450,2025-12-16,Landing,1
4450,2025-12-18,Browse,2
4451,2025-07-10,Landing,1
4452,2025-09-23,Landing,1
4453,2025-09-01,Landing,1
4453,2025-08-23,Browse,2
4453,2025-08-30,Product View,3
4453,2025-08-24,Add to Cart,4
4453,2025-09-02,Checkout,5
4453,2025-08-29,Purchase,6
4454,2025-08-01,Landing,1
4455,2025-03-11,Landing,1
4455,2025-03-21,Browse,2
4455,2025-03-15,Product View,3
4455,2025-03-15,Add to Cart,4
4455,2025-03-17,Checkout,5
4455,2025-03-23,Purchase,6
4455,2025-03-22,Signup,7
4456,2025-09-19,Landing,1
4457,2025-04-28,Landing,1
4457,2025-04-18,Browse,2
4457,2025-04-26,Product View,3
4457,2025-04-23,Add to Cart,4
4458,2025-11-22,Landing,1
4458,2025-11-19,Browse,2
4458,2025-11-22,Product View,3
4458,2025-11-19,Add to Cart,4
4458,2025-11-18,Checkout,5
4458,2025-11-15,Purchase,6
4458,2025-11-23,Signup,7
4459,2025-12-11,Landing,1
4460,2025-05-26,Landing,1
4460,2025-05-29,Browse,2
4460,2025-05-31,Product View,3
4461,2025-08-05,Landing,1
4462,2025-03-21,Landing,1
4462,2025-03-25,Browse,2
4463,2025-08-17,Landing,1
4464,2025-10-22,Landing,1
4465,2025-05-03,Landing,1
4465,2025-04-29,Browse,2
4465,2025-04-24,Product View,3
4466,2025-06-03,Landing,1
4466,2025-06-01,Browse,2
4466,2025-06-10,Product View,3
4467,2025-08-07,Landing,1
4467,2025-07-30,Browse,2
4467,2025-08-02,Product View,3
4467,2025-08-02,Add to Cart,4
4467,2025-08-08,Checkout,5
4468,2025-08-10,Landing,1
4468,2025-07-29,Browse,2
4468,2025-08-10,Product View,3
4468,2025-07-29,Add to Cart,4
4469,2025-04-28,Landing,1
4469,2025-04-26,Browse,2
4470,2025-11-27,Landing,1
4471,2025-09-17,Landing,1
4471,2025-09-13,Browse,2
4471,2025-09-12,Product View,3
4471,2025-09-15,Add to Cart,4
4472,2025-05-27,Landing,1
4472,2025-05-24,Browse,2
4473,2025-03-19,Landing,1
4473,2025-03-12,Browse,2
4473,2025-03-12,Product View,3
4473,2025-03-17,Add to Cart,4
4473,2025-03-11,Checkout,5
4473,2025-03-08,Purchase,6
4473,2025-03-19,Signup,7
4474,2025-06-13,Landing,1
4474,2025-06-16,Browse,2
4474,2025-06-06,Product View,3
4475,2025-09-19,Landing,1
4475,2025-09-15,Browse,2
4476,2025-08-03,Landing,1
4476,2025-07-29,Browse,2
4477,2025-10-07,Landing,1
4478,2025-09-27,Landing,1
4478,2025-09-19,Browse,2
4478,2025-09-25,Product View,3
4478,2025-09-21,Add to Cart,4
4478,2025-09-18,Checkout,5
4479,2025-10-13,Landing,1
4479,2025-10-06,Browse,2
4480,2025-08-22,Landing,1
4480,2025-08-30,Browse,2
4480,2025-08-20,Product View,3
4480,2025-08-27,Add to Cart,4
4480,2025-08-17,Checkout,5
4480,2025-08-27,Purchase,6
4480,2025-08-17,Signup,7
4481,2025-12-28,Landing,1
4481,2025-12-15,Browse,2
4481,2025-12-16,Product View,3
4481,2025-12-26,Add to Cart,4
4481,2025-12-18,Checkout,5
4481,2025-12-28,Purchase,6
4482,2025-09-18,Landing,1
4483,2025-06-04,Landing,1
4484,2025-07-03,Landing,1
4484,2025-06-22,Browse,2
4484,2025-06-25,Product View,3
4484,2025-06-21,Add to Cart,4
4484,2025-07-02,Checkout,5
4484,2025-06-24,Purchase,6
4484,2025-07-01,Signup,7
4485,2025-05-04,Landing,1
4486,2025-07-28,Landing,1
4487,2025-09-11,Landing,1
4487,2025-09-17,Browse,2
4488,2025-07-02,Landing,1
4488,2025-07-08,Browse,2
4489,2025-03-22,Landing,1
4490,2025-08-18,Landing,1
4490,2025-08-22,Browse,2
4491,2025-09-10,Landing,1
4491,2025-09-10,Browse,2
4491,2025-08-30,Product View,3
4492,2025-08-13,Landing,1
4492,2025-08-08,Browse,2
4492,2025-08-09,Product View,3
4492,2025-08-12,Add to Cart,4
4492,2025-08-12,Checkout,5
4493,2025-06-29,Landing,1
4494,2025-11-12,Landing,1
4494,2025-11-06,Browse,2
4495,2025-10-08,Landing,1
4495,2025-10-18,Browse,2
4495,2025-10-20,Product View,3
4495,2025-10-15,Add to Cart,4
4495,2025-10-13,Checkout,5
4496,2025-08-17,Landing,1
4496,2025-08-17,Browse,2
4496,2025-08-12,Product View,3
4497,2025-10-04,Landing,1
4497,2025-09-23,Browse,2
4497,2025-10-04,Product View,3
4498,2025-07-31,Landing,1
4499,2025-10-09,Landing,1
4499,2025-10-02,Browse,2
4499,2025-09-29,Product View,3
4499,2025-10-01,Add to Cart,4
4499,2025-10-08,Checkout,5
4500,2025-11-21,Landing,1
4500,2025-11-24,Browse,2
4501,2025-07-06,Landing,1
4501,2025-07-08,Browse,2
4502,2025-07-26,Landing,1
4502,2025-07-18,Browse,2
4502,2025-07-16,Product View,3
4503,2025-11-19,Landing,1
4504,2025-07-27,Landing,1
4504,2025-07-25,Browse,2
4504,2025-07-31,Product View,3
4504,2025-07-24,Add to Cart,4
4505,2025-10-26,Landing,1
4505,2025-11-06,Browse,2
4505,2025-10-26,Product View,3
4505,2025-10-25,Add to Cart,4
4506,2025-03-11,Landing,1
4507,2025-09-22,Landing,1
4507,2025-09-22,Browse,2
4508,2025-09-24,Landing,1
4508,2025-09-27,Browse,2
4509,2025-08-19,Landing,1
4510,2025-08-27,Landing,1
4510,2025-08-22,Browse,2
4511,2025-05-09,Landing,1
4511,2025-05-06,Browse,2
4512,2025-09-11,Landing,1
4512,2025-09-18,Browse,2
4512,2025-09-16,Product View,3
4512,2025-09-08,Add to Cart,4
4513,2025-10-02,Landing,1
4514,2025-04-21,Landing,1
4515,2025-04-11,Landing,1
4516,2025-04-25,Landing,1
4516,2025-04-28,Browse,2
4516,2025-04-30,Product View,3
4516,2025-04-24,Add to Cart,4
4517,2025-08-14,Landing,1
4517,2025-08-15,Browse,2
4517,2025-08-14,Product View,3
4517,2025-08-08,Add to Cart,4
4517,2025-08-08,Checkout,5
4517,2025-08-16,Purchase,6
4517,2025-08-15,Signup,7
4518,2025-10-18,Landing,1
4519,2025-08-13,Landing,1
4520,2025-07-13,Landing,1
4520,2025-07-12,Browse,2
4521,2025-08-31,Landing,1
4521,2025-08-22,Browse,2
4521,2025-08-19,Product View,3
4521,2025-08-28,Add to Cart,4
4521,2025-08-20,Checkout,5
4521,2025-08-25,Purchase,6
4522,2025-10-20,Landing,1
4522,2025-10-30,Browse,2
4522,2025-10-30,Product View,3
4523,2025-07-27,Landing,1
4523,2025-07-29,Browse,2
4524,2025-04-08,Landing,1
4525,2025-12-21,Landing,1
4526,2025-08-07,Landing,1
4527,2025-08-01,Landing,1
4527,2025-07-26,Browse,2
4528,2025-07-15,Landing,1
4528,2025-07-15,Browse,2
4529,2025-05-07,Landing,1
4529,2025-05-17,Browse,2
4529,2025-05-15,Product View,3
4529,2025-05-12,Add to Cart,4
4530,2025-12-21,Landing,1
4530,2025-12-16,Browse,2
4530,2025-12-24,Product View,3
4530,2025-12-21,Add to Cart,4
4531,2025-04-26,Landing,1
4532,2025-08-30,Landing,1
4532,2025-09-01,Browse,2
4532,2025-08-29,Product View,3
4532,2025-08-28,Add to Cart,4
4532,2025-09-04,Checkout,5
4533,2025-09-30,Landing,1
4534,2025-03-20,Landing,1
4534,2025-03-19,Browse,2
4535,2025-08-01,Landing,1
4535,2025-07-29,Browse,2
4535,2025-07-20,Product View,3
4535,2025-07-28,Add to Cart,4
4536,2025-03-31,Landing,1
4537,2025-12-14,Landing,1
4537,2025-12-22,Browse,2
4538,2025-09-15,Landing,1
4538,2025-09-13,Browse,2
4539,2025-03-17,Landing,1
4539,2025-03-17,Browse,2
4539,2025-03-30,Product View,3
4539,2025-03-18,Add to Cart,4
4539,2025-03-18,Checkout,5
4539,2025-03-19,Purchase,6
4539,2025-03-29,Signup,7
4540,2025-12-24,Landing,1
4540,2025-12-12,Browse,2
4540,2025-12-19,Product View,3
4540,2025-12-15,Add to Cart,4
4540,2025-12-11,Checkout,5
4541,2025-05-02,Landing,1
4541,2025-05-03,Browse,2
4541,2025-04-22,Product View,3
4541,2025-04-22,Add to Cart,4
4541,2025-04-22,Checkout,5
4542,2025-06-22,Landing,1
4543,2025-04-23,Landing,1
4543,2025-04-18,Browse,2
4543,2025-04-25,Product View,3
4543,2025-04-21,Add to Cart,4
4543,2025-04-23,Checkout,5
4543,2025-04-26,Purchase,6
4543,2025-04-19,Signup,7
4544,2025-07-31,Landing,1
4544,2025-08-01,Browse,2
4545,2025-03-07,Landing,1
4545,2025-03-06,Browse,2
4545,2025-03-06,Product View,3
4545,2025-03-11,Add to Cart,4
4546,2025-10-30,Landing,1
4547,2025-07-02,Landing,1
4547,2025-06-23,Browse,2
4547,2025-06-29,Product View,3
4547,2025-06-22,Add to Cart,4
4547,2025-06-26,Checkout,5
4547,2025-06-25,Purchase,6
4547,2025-06-23,Signup,7
4548,2025-06-17,Landing,1
4548,2025-06-05,Browse,2
4548,2025-06-07,Product View,3
4548,2025-06-09,Add to Cart,4
4549,2025-09-07,Landing,1
4549,2025-09-17,Browse,2
4549,2025-09-11,Product View,3
4549,2025-09-17,Add to Cart,4
4549,2025-09-06,Checkout,5
4550,2025-06-20,Landing,1
4551,2025-08-31,Landing,1
4551,2025-08-23,Browse,2
4551,2025-08-27,Product View,3
4551,2025-08-25,Add to Cart,4
4551,2025-08-25,Checkout,5
4551,2025-09-03,Purchase,6
4552,2025-06-25,Landing,1
4552,2025-06-21,Browse,2
4553,2025-08-01,Landing,1
4553,2025-08-07,Browse,2
4554,2025-04-19,Landing,1
4554,2025-04-22,Browse,2
4554,2025-04-23,Product View,3
4554,2025-04-19,Add to Cart,4
4554,2025-04-15,Checkout,5
4554,2025-04-19,Purchase,6
4555,2025-09-16,Landing,1
4555,2025-09-20,Browse,2
4555,2025-09-13,Product View,3
4555,2025-09-17,Add to Cart,4
4555,2025-09-20,Checkout,5
4555,2025-09-17,Purchase,6
4555,2025-09-19,Signup,7
4556,2025-08-31,Landing,1
4556,2025-08-28,Browse,2
4556,2025-08-22,Product View,3
4557,2025-09-15,Landing,1
4557,2025-09-21,Browse,2
4558,2025-07-11,Landing,1
4558,2025-07-04,Browse,2
4558,2025-07-03,Product View,3
4558,2025-06-30,Add to Cart,4
4559,2025-10-31,Landing,1
4560,2025-08-18,Landing,1
4560,2025-08-24,Browse,2
4561,2025-06-12,Landing,1
4561,2025-06-17,Browse,2
4562,2025-07-02,Landing,1
4563,2025-09-09,Landing,1
4563,2025-09-14,Browse,2
4563,2025-09-08,Product View,3
4564,2025-06-19,Landing,1
4564,2025-06-27,Browse,2
4564,2025-06-26,Product View,3
4565,2025-06-05,Landing,1
4565,2025-05-28,Browse,2
4566,2025-03-23,Landing,1
4566,2025-03-29,Browse,2
4567,2025-06-19,Landing,1
4567,2025-06-21,Browse,2
4568,2025-06-21,Landing,1
4568,2025-07-02,Browse,2
4568,2025-06-29,Product View,3
4568,2025-07-01,Add to Cart,4
4568,2025-06-20,Checkout,5
4569,2025-05-24,Landing,1
4570,2025-11-07,Landing,1
4570,2025-11-16,Browse,2
4570,2025-11-12,Product View,3
4570,2025-11-14,Add to Cart,4
4570,2025-11-18,Checkout,5
4570,2025-11-14,Purchase,6
4571,2025-10-24,Landing,1
4571,2025-10-28,Browse,2
4572,2025-08-02,Landing,1
4573,2025-07-03,Landing,1
4573,2025-07-12,Browse,2
4574,2025-08-16,Landing,1
4575,2025-12-15,Landing,1
4575,2025-12-19,Browse,2
4575,2025-12-15,Product View,3
4575,2025-12-17,Add to Cart,4
4575,2025-12-22,Checkout,5
4576,2025-08-08,Landing,1
4576,2025-08-11,Browse,2
4576,2025-08-18,Product View,3
4577,2025-06-14,Landing,1
4577,2025-06-03,Browse,2
4577,2025-06-03,Product View,3
4577,2025-06-06,Add to Cart,4
4577,2025-06-11,Checkout,5
4578,2025-07-28,Landing,1
4578,2025-07-18,Browse,2
4578,2025-07-18,Product View,3
4579,2025-03-12,Landing,1
4580,2025-12-08,Landing,1
4580,2025-12-11,Browse,2
4580,2025-12-06,Product View,3
4581,2025-05-20,Landing,1
4581,2025-05-17,Browse,2
4581,2025-05-17,Product View,3
4582,2025-09-18,Landing,1
4582,2025-09-06,Browse,2
4583,2025-07-22,Landing,1
4583,2025-07-19,Browse,2
4583,2025-07-23,Product View,3
4583,2025-07-17,Add to Cart,4
4583,2025-07-18,Checkout,5
4584,2025-05-05,Landing,1
4584,2025-04-26,Browse,2
4584,2025-04-26,Product View,3
4584,2025-04-27,Add to Cart,4
4584,2025-05-01,Checkout,5
4584,2025-04-26,Purchase,6
4585,2025-08-11,Landing,1
4586,2025-10-24,Landing,1
4586,2025-10-31,Browse,2
4586,2025-10-24,Product View,3
4586,2025-10-24,Add to Cart,4
4586,2025-10-21,Checkout,5
4586,2025-10-24,Purchase,6
4586,2025-10-25,Signup,7
4587,2025-08-27,Landing,1
4587,2025-09-01,Browse,2
4588,2025-03-14,Landing,1
4588,2025-03-11,Browse,2
4589,2025-11-30,Landing,1
4589,2025-12-01,Browse,2
4590,2025-11-26,Landing,1
4590,2025-11-21,Browse,2
4591,2025-07-21,Landing,1
4592,2025-09-03,Landing,1
4593,2025-12-10,Landing,1
4593,2025-12-10,Browse,2
4593,2025-12-20,Product View,3
4593,2025-12-20,Add to Cart,4
4594,2025-07-31,Landing,1
4594,2025-08-09,Browse,2
4594,2025-08-03,Product View,3
4594,2025-08-03,Add to Cart,4
4595,2025-06-16,Landing,1
4596,2025-10-11,Landing,1
4597,2025-07-29,Landing,1
4597,2025-07-19,Browse,2
4598,2025-10-23,Landing,1
4598,2025-10-29,Browse,2
4598,2025-10-24,Product View,3
4598,2025-10-19,Add to Cart,4
4598,2025-10-19,Checkout,5
4599,2025-09-17,Landing,1
4599,2025-09-13,Browse,2
4600,2025-09-05,Landing,1
4600,2025-09-05,Browse,2
4600,2025-09-04,Product View,3
4600,2025-09-10,Add to Cart,4
4600,2025-09-08,Checkout,5
4600,2025-09-04,Purchase,6
4601,2025-10-07,Landing,1
4602,2025-11-17,Landing,1
4603,2025-11-29,Landing,1
4604,2025-05-07,Landing,1
4604,2025-04-30,Browse,2
4604,2025-05-06,Product View,3
4605,2025-08-21,Landing,1
4605,2025-08-31,Browse,2
4605,2025-08-22,Product View,3
4605,2025-08-31,Add to Cart,4
4605,2025-08-28,Checkout,5
4605,2025-08-30,Purchase,6
4606,2025-03-14,Landing,1
4607,2025-10-03,Landing,1
4607,2025-10-08,Browse,2
4607,2025-10-05,Product View,3
4608,2025-08-12,Landing,1
4608,2025-08-13,Browse,2
4609,2025-04-25,Landing,1
4610,2025-05-09,Landing,1
4610,2025-05-13,Browse,2
4611,2025-03-26,Landing,1
4611,2025-03-20,Browse,2
4611,2025-03-24,Product View,3
4611,2025-03-21,Add to Cart,4
4611,2025-03-18,Checkout,5
4611,2025-03-15,Purchase,6
4612,2025-09-21,Landing,1
4612,2025-09-25,Browse,2
4613,2025-10-07,Landing,1
4613,2025-10-02,Browse,2
4613,2025-10-13,Product View,3
4613,2025-10-12,Add to Cart,4
4613,2025-10-01,Checkout,5
4613,2025-10-06,Purchase,6
4613,2025-10-06,Signup,7
4614,2025-04-15,Landing,1
4614,2025-04-14,Browse,2
4614,2025-04-11,Product View,3
4614,2025-04-20,Add to Cart,4
4614,2025-04-18,Checkout,5
4615,2025-10-02,Landing,1
4615,2025-10-01,Browse,2
4615,2025-09-30,Product View,3
4616,2025-08-22,Landing,1
4616,2025-08-25,Browse,2
4617,2025-04-02,Landing,1
4617,2025-03-27,Browse,2
4617,2025-03-30,Product View,3
4618,2025-11-13,Landing,1
4618,2025-11-17,Browse,2
4619,2025-04-11,Landing,1
4620,2025-07-03,Landing,1
4620,2025-07-03,Browse,2
4621,2025-10-28,Landing,1
4621,2025-10-18,Browse,2
4621,2025-10-30,Product View,3
4622,2025-10-21,Landing,1
4622,2025-11-01,Browse,2
4622,2025-11-03,Product View,3
4623,2025-06-15,Landing,1
4623,2025-06-15,Browse,2
4623,2025-06-27,Product View,3
4624,2025-12-05,Landing,1
4624,2025-11-30,Browse,2
4624,2025-11-25,Product View,3
4624,2025-12-04,Add to Cart,4
4624,2025-11-25,Checkout,5
4624,2025-12-01,Purchase,6
4624,2025-12-04,Signup,7
4625,2025-05-28,Landing,1
4625,2025-06-03,Browse,2
4626,2025-12-04,Landing,1
4626,2025-11-26,Browse,2
4626,2025-11-23,Product View,3
4626,2025-12-03,Add to Cart,4
4627,2025-04-15,Landing,1
4627,2025-04-17,Browse,2
4627,2025-04-12,Product View,3
4627,2025-04-06,Add to Cart,4
4627,2025-04-10,Checkout,5
4627,2025-04-09,Purchase,6
4628,2025-06-17,Landing,1
4629,2025-12-03,Landing,1
4629,2025-12-04,Browse,2
4630,2025-09-16,Landing,1
4630,2025-09-25,Browse,2
4630,2025-09-21,Product View,3
4630,2025-09-27,Add to Cart,4
4631,2025-07-08,Landing,1
4632,2025-12-19,Landing,1
4632,2025-12-19,Browse,2
4632,2025-12-13,Product View,3
4633,2025-03-04,Landing,1
4633,2025-03-11,Browse,2
4634,2025-08-31,Landing,1
4635,2025-05-13,Landing,1
4635,2025-05-16,Browse,2
4635,2025-05-16,Product View,3
4635,2025-05-16,Add to Cart,4
4635,2025-05-17,Checkout,5
4636,2025-08-11,Landing,1
4636,2025-08-05,Browse,2
4637,2025-04-06,Landing,1
4637,2025-04-06,Browse,2
4638,2025-09-28,Landing,1
4638,2025-10-08,Browse,2
4638,2025-09-27,Product View,3
4639,2025-10-20,Landing,1
4639,2025-10-11,Browse,2
4640,2025-05-14,Landing,1
4640,2025-05-12,Browse,2
4641,2025-08-14,Landing,1
4641,2025-08-12,Browse,2
4641,2025-08-05,Product View,3
4642,2025-11-09,Landing,1
4643,2025-05-27,Landing,1
4644,2025-07-06,Landing,1
4645,2025-04-23,Landing,1
4645,2025-04-24,Browse,2
4646,2025-03-12,Landing,1
4647,2025-03-12,Landing,1
4647,2025-03-12,Browse,2
4647,2025-03-16,Product View,3
4648,2025-04-24,Landing,1
4649,2025-09-14,Landing,1
4649,2025-09-08,Browse,2
4650,2025-07-26,Landing,1
4650,2025-07-25,Browse,2
4650,2025-07-20,Product View,3
4651,2025-07-03,Landing,1
4651,2025-07-09,Browse,2
4651,2025-06-30,Product View,3
4651,2025-07-02,Add to Cart,4
4651,2025-07-10,Checkout,5
4652,2025-03-14,Landing,1
4652,2025-03-25,Browse,2
4652,2025-03-24,Product View,3
4653,2025-06-01,Landing,1
4653,2025-06-03,Browse,2
4653,2025-05-24,Product View,3
4654,2025-11-23,Landing,1
4654,2025-11-21,Browse,2
4655,2025-05-08,Landing,1
4655,2025-04-26,Browse,2
4655,2025-05-06,Product View,3
4655,2025-05-01,Add to Cart,4
4655,2025-04-29,Checkout,5
4655,2025-04-30,Purchase,6
4656,2025-09-01,Landing,1
4656,2025-08-26,Browse,2
4656,2025-08-19,Product View,3
4656,2025-08-19,Add to Cart,4
4656,2025-08-30,Checkout,5
4656,2025-08-31,Purchase,6
4656,2025-08-21,Signup,7
4657,2025-04-20,Landing,1
4657,2025-04-23,Browse,2
4657,2025-04-13,Product View,3
4657,2025-04-22,Add to Cart,4
4657,2025-04-16,Checkout,5
4658,2025-06-13,Landing,1
4658,2025-06-14,Browse,2
4658,2025-06-04,Product View,3
4659,2025-11-12,Landing,1
4660,2025-09-02,Landing,1
4660,2025-09-06,Browse,2
4660,2025-09-07,Product View,3
4660,2025-09-04,Add to Cart,4
4660,2025-09-06,Checkout,5
4661,2025-12-11,Landing,1
4661,2025-12-08,Browse,2
4661,2025-12-16,Product View,3
4662,2025-09-17,Landing,1
4662,2025-09-13,Browse,2
4662,2025-09-11,Product View,3
4663,2025-06-15,Landing,1
4663,2025-06-18,Browse,2
4663,2025-06-15,Product View,3
4664,2025-06-16,Landing,1
4664,2025-06-22,Browse,2
4664,2025-06-14,Product View,3
4664,2025-06-25,Add to Cart,4
4664,2025-06-15,Checkout,5
4665,2025-04-16,Landing,1
4665,2025-04-25,Browse,2
4666,2025-09-06,Landing,1
4666,2025-09-10,Browse,2
4667,2025-05-01,Landing,1
4668,2025-11-16,Landing,1
4669,2025-08-19,Landing,1
4670,2025-04-17,Landing,1
4670,2025-04-20,Browse,2
4670,2025-04-21,Product View,3
4670,2025-04-24,Add to Cart,4
4671,2025-09-21,Landing,1
4671,2025-09-14,Browse,2
4671,2025-09-12,Product View,3
4671,2025-09-22,Add to Cart,4
4671,2025-09-16,Checkout,5
4671,2025-09-21,Purchase,6
4671,2025-09-19,Signup,7
4672,2025-06-17,Landing,1
4673,2025-05-09,Landing,1
4673,2025-05-05,Browse,2
4673,2025-05-08,Product View,3
4674,2025-07-19,Landing,1
4674,2025-07-20,Browse,2
4674,2025-07-21,Product View,3
4674,2025-07-16,Add to Cart,4
4674,2025-07-14,Checkout,5
4674,2025-07-21,Purchase,6
4674,2025-07-18,Signup,7
4675,2025-05-21,Landing,1
4676,2025-09-18,Landing,1
4676,2025-09-12,Browse,2
4676,2025-09-21,Product View,3
4676,2025-09-11,Add to Cart,4
4676,2025-09-21,Checkout,5
4676,2025-09-14,Purchase,6
4677,2025-08-14,Landing,1
4677,2025-08-18,Browse,2
4677,2025-08-10,Product View,3
4677,2025-08-14,Add to Cart,4
4677,2025-08-09,Checkout,5
4677,2025-08-13,Purchase,6
4677,2025-08-17,Signup,7
4678,2025-04-13,Landing,1
4678,2025-04-08,Browse,2
4678,2025-04-11,Product View,3
4678,2025-04-15,Add to Cart,4
4678,2025-04-13,Checkout,5
4679,2025-08-20,Landing,1
4680,2025-05-25,Landing,1
4681,2025-03-28,Landing,1
4681,2025-03-18,Browse,2
4682,2025-06-08,Landing,1
4683,2025-08-31,Landing,1
4683,2025-09-02,Browse,2
4683,2025-09-11,Product View,3
4684,2025-04-20,Landing,1
4685,2025-08-07,Landing,1
4685,2025-08-03,Browse,2
4685,2025-07-30,Product View,3
4685,2025-08-02,Add to Cart,4
4686,2025-09-07,Landing,1
4687,2025-08-10,Landing,1
4687,2025-08-13,Browse,2
4687,2025-08-15,Product View,3
4688,2025-11-04,Landing,1
4688,2025-11-11,Browse,2
4688,2025-11-03,Product View,3
4688,2025-11-13,Add to Cart,4
4689,2025-06-16,Landing,1
4689,2025-06-04,Browse,2
4690,2025-06-08,Landing,1
4691,2025-09-15,Landing,1
4692,2025-08-06,Landing,1
4692,2025-08-08,Browse,2
4692,2025-08-13,Product View,3
4692,2025-08-16,Add to Cart,4
4692,2025-08-04,Checkout,5
4692,2025-08-17,Purchase,6
4692,2025-08-17,Signup,7
4693,2025-07-08,Landing,1
4693,2025-06-26,Browse,2
4693,2025-07-05,Product View,3
4693,2025-07-07,Add to Cart,4
4693,2025-06-26,Checkout,5
4693,2025-07-06,Purchase,6
4693,2025-07-01,Signup,7
4694,2025-09-03,Landing,1
4694,2025-09-14,Browse,2
4694,2025-09-11,Product View,3
4694,2025-09-04,Add to Cart,4
4695,2025-07-23,Landing,1
4696,2025-06-17,Landing,1
4696,2025-06-12,Browse,2
4696,2025-06-12,Product View,3
4696,2025-06-22,Add to Cart,4
4696,2025-06-23,Checkout,5
4696,2025-06-23,Purchase,6
4697,2025-07-29,Landing,1
4697,2025-07-30,Browse,2
4698,2025-03-23,Landing,1
4699,2025-11-16,Landing,1
4700,2025-10-29,Landing,1
4701,2025-09-03,Landing,1
4701,2025-09-07,Browse,2
4701,2025-09-10,Product View,3
4702,2025-03-28,Landing,1
4702,2025-04-09,Browse,2
4702,2025-03-29,Product View,3
4703,2025-06-24,Landing,1
4704,2025-08-08,Landing,1
4704,2025-08-16,Browse,2
4705,2025-05-08,Landing,1
4706,2025-07-23,Landing,1
4706,2025-07-10,Browse,2
4707,2025-11-04,Landing,1
4707,2025-10-30,Browse,2
4707,2025-10-24,Product View,3
4707,2025-10-31,Add to Cart,4
4708,2025-10-19,Landing,1
4708,2025-10-26,Browse,2
4709,2025-03-13,Landing,1
4710,2025-04-01,Landing,1
4711,2025-04-19,Landing,1
4711,2025-04-14,Browse,2
4711,2025-04-14,Product View,3
4712,2025-12-09,Landing,1
4712,2025-12-14,Browse,2
4713,2025-05-11,Landing,1
4713,2025-05-13,Browse,2
4713,2025-05-08,Product View,3
4714,2025-11-17,Landing,1
4714,2025-11-24,Browse,2
4714,2025-11-18,Product View,3
4715,2025-08-29,Landing,1
4715,2025-08-28,Browse,2
4715,2025-09-04,Product View,3
4716,2025-10-20,Landing,1
4716,2025-10-16,Browse,2
4716,2025-10-15,Product View,3
4717,2025-04-22,Landing,1
4717,2025-04-21,Browse,2
4717,2025-04-19,Product View,3
4718,2025-12-20,Landing,1
4718,2025-12-16,Browse,2
4718,2025-12-20,Product View,3
4718,2025-12-09,Add to Cart,4
4719,2025-04-22,Landing,1
4719,2025-04-18,Browse,2
4719,2025-04-17,Product View,3
4720,2025-11-18,Landing,1
4721,2025-03-18,Landing,1
4721,2025-03-13,Browse,2
4721,2025-03-16,Product View,3
4721,2025-03-07,Add to Cart,4
4721,2025-03-15,Checkout,5
4722,2025-05-24,Landing,1
4722,2025-05-19,Browse,2
4723,2025-07-05,Landing,1
4724,2025-10-05,Landing,1
4725,2025-08-02,Landing,1
4726,2025-04-25,Landing,1
4726,2025-04-29,Browse,2
4727,2025-07-22,Landing,1
4727,2025-07-16,Browse,2
4727,2025-07-14,Product View,3
4727,2025-07-21,Add to Cart,4
4727,2025-07-19,Checkout,5
4728,2025-12-10,Landing,1
4729,2025-11-28,Landing,1
4729,2025-11-24,Browse,2
4729,2025-11-29,Product View,3
4729,2025-11-29,Add to Cart,4
4729,2025-11-21,Checkout,5
4730,2025-12-19,Landing,1
4731,2025-11-18,Landing,1
4731,2025-11-21,Browse,2
4731,2025-11-17,Product View,3
4732,2025-05-30,Landing,1
4732,2025-05-30,Browse,2
4732,2025-06-02,Product View,3
4733,2025-08-16,Landing,1
4733,2025-08-25,Browse,2
4733,2025-08-16,Product View,3
4733,2025-08-17,Add to Cart,4
4733,2025-08-20,Checkout,5
4733,2025-08-21,Purchase,6
4734,2025-08-23,Landing,1
4735,2025-08-29,Landing,1
4736,2025-09-16,Landing,1
4736,2025-09-11,Browse,2
4736,2025-09-14,Product View,3
4736,2025-09-21,Add to Cart,4
4736,2025-09-20,Checkout,5
4736,2025-09-17,Purchase,6
4736,2025-09-20,Signup,7
4737,2025-04-15,Landing,1
4737,2025-04-21,Browse,2
4737,2025-04-16,Product View,3
4737,2025-04-27,Add to Cart,4
4738,2025-05-25,Landing,1
4738,2025-05-26,Browse,2
4738,2025-05-30,Product View,3
4738,2025-05-28,Add to Cart,4
4738,2025-05-28,Checkout,5
4739,2025-03-19,Landing,1
4740,2025-09-18,Landing,1
4741,2025-06-30,Landing,1
4741,2025-07-05,Browse,2
4742,2025-11-19,Landing,1
4743,2025-09-21,Landing,1
4744,2025-03-11,Landing,1
4745,2025-04-06,Landing,1
4745,2025-04-10,Browse,2
4745,2025-04-05,Product View,3
4745,2025-04-08,Add to Cart,4
4745,2025-04-11,Checkout,5
4746,2025-06-25,Landing,1
4746,2025-06-19,Browse,2
4746,2025-06-27,Product View,3
4747,2025-05-20,Landing,1
4748,2025-11-05,Landing,1
4748,2025-11-12,Browse,2
4749,2025-07-26,Landing,1
4749,2025-07-20,Browse,2
4750,2025-05-08,Landing,1
4750,2025-05-13,Browse,2
4750,2025-05-07,Product View,3
4750,2025-05-12,Add to Cart,4
4750,2025-05-12,Checkout,5
4751,2025-12-15,Landing,1
4751,2025-12-18,Browse,2
4751,2025-12-21,Product View,3
4751,2025-12-13,Add to Cart,4
4752,2025-05-05,Landing,1
4752,2025-05-13,Browse,2
4752,2025-05-07,Product View,3
4752,2025-05-10,Add to Cart,4
4752,2025-05-17,Checkout,5
4752,2025-05-09,Purchase,6
4752,2025-05-10,Signup,7
4753,2025-06-22,Landing,1
4753,2025-06-17,Browse,2
4754,2025-09-14,Landing,1
4755,2025-10-31,Landing,1
4755,2025-11-08,Browse,2
4755,2025-11-10,Product View,3
4755,2025-11-13,Add to Cart,4
4755,2025-11-04,Checkout,5
4755,2025-11-09,Purchase,6
4755,2025-11-09,Signup,7
4756,2025-08-21,Landing,1
4757,2025-12-04,Landing,1
4758,2025-06-28,Landing,1
4758,2025-06-20,Browse,2
4758,2025-06-23,Product View,3
4758,2025-06-26,Add to Cart,4
4759,2025-12-04,Landing,1
4759,2025-12-06,Browse,2
4759,2025-12-05,Product View,3
4760,2025-11-17,Landing,1
4760,2025-11-19,Browse,2
4761,2025-09-20,Landing,1
4762,2025-10-14,Landing,1
4763,2025-05-24,Landing,1
4763,2025-05-25,Browse,2
4764,2025-05-12,Landing,1
4764,2025-05-13,Browse,2
4764,2025-05-18,Product View,3
4765,2025-04-13,Landing,1
4766,2025-07-03,Landing,1
4766,2025-07-01,Browse,2
4766,2025-07-06,Product View,3
4767,2025-07-06,Landing,1
4767,2025-07-15,Browse,2
4768,2025-11-23,Landing,1
4769,2025-11-13,Landing,1
4770,2025-05-08,Landing,1
4770,2025-05-10,Browse,2
4770,2025-05-07,Product View,3
4770,2025-05-08,Add to Cart,4
4770,2025-05-11,Checkout,5
4771,2025-05-15,Landing,1
4771,2025-05-13,Browse,2
4772,2025-10-11,Landing,1
4772,2025-10-12,Browse,2
4772,2025-10-10,Product View,3
4772,2025-10-08,Add to Cart,4
4773,2025-10-18,Landing,1
4773,2025-10-23,Browse,2
4773,2025-10-25,Product View,3
4773,2025-10-22,Add to Cart,4
4773,2025-10-25,Checkout,5
4773,2025-10-20,Purchase,6
4773,2025-10-17,Signup,7
4774,2025-06-29,Landing,1
4774,2025-06-26,Browse,2
4775,2025-10-23,Landing,1
4776,2025-05-27,Landing,1
4777,2025-04-11,Landing,1
4778,2025-08-22,Landing,1
4778,2025-08-26,Browse,2
4778,2025-08-23,Product View,3
4778,2025-08-23,Add to Cart,4
4778,2025-09-01,Checkout,5
4778,2025-08-29,Purchase,6
4779,2025-05-17,Landing,1
4780,2025-07-14,Landing,1
4780,2025-07-11,Browse,2
4781,2025-11-17,Landing,1
4782,2025-09-19,Landing,1
4782,2025-09-22,Browse,2
4783,2025-05-09,Landing,1
4783,2025-05-06,Browse,2
4783,2025-05-03,Product View,3
4784,2025-11-18,Landing,1
4785,2025-10-04,Landing,1
4785,2025-10-04,Browse,2
4785,2025-09-28,Product View,3
4785,2025-10-06,Add to Cart,4
4785,2025-09-25,Checkout,5
4785,2025-10-06,Purchase,6
4786,2025-12-07,Landing,1
4786,2025-12-14,Browse,2
4786,2025-12-17,Product View,3
4787,2025-10-21,Landing,1
4787,2025-10-11,Browse,2
4788,2025-07-20,Landing,1
4788,2025-07-17,Browse,2
4788,2025-07-23,Product View,3
4788,2025-07-18,Add to Cart,4
4789,2025-04-19,Landing,1
4789,2025-04-19,Browse,2
4790,2025-08-30,Landing,1
4791,2025-06-25,Landing,1
4791,2025-06-24,Browse,2
4791,2025-06-21,Product View,3
4792,2025-12-20,Landing,1
4793,2025-05-23,Landing,1
4793,2025-05-19,Browse,2
4794,2025-11-28,Landing,1
4795,2025-06-27,Landing,1
4795,2025-07-01,Browse,2
4796,2025-12-01,Landing,1
4796,2025-11-29,Browse,2
4796,2025-11-26,Product View,3
4796,2025-11-22,Add to Cart,4
4797,2025-03-18,Landing,1
4797,2025-03-12,Browse,2
4797,2025-03-18,Product View,3
4797,2025-03-18,Add to Cart,4
4797,2025-03-20,Checkout,5
4798,2025-08-21,Landing,1
4798,2025-08-17,Browse,2
4798,2025-08-25,Product View,3
4799,2025-11-13,Landing,1
4799,2025-11-09,Browse,2
4799,2025-11-03,Product View,3
4800,2025-08-21,Landing,1
4800,2025-08-28,Browse,2
4800,2025-08-25,Product View,3
4801,2025-03-18,Landing,1
4801,2025-03-15,Browse,2
4801,2025-03-15,Product View,3
4801,2025-03-22,Add to Cart,4
4802,2025-07-31,Landing,1
4803,2025-09-14,Landing,1
4803,2025-09-26,Browse,2
4803,2025-09-19,Product View,3
4804,2025-09-19,Landing,1
4804,2025-09-26,Browse,2
4804,2025-09-30,Product View,3
4804,2025-10-01,Add to Cart,4
4804,2025-09-21,Checkout,5
4804,2025-10-01,Purchase,6
4804,2025-09-19,Signup,7
4805,2025-07-16,Landing,1
4805,2025-07-11,Browse,2
4805,2025-07-12,Product View,3
4805,2025-07-17,Add to Cart,4
4806,2025-03-27,Landing,1
4806,2025-04-07,Browse,2
4807,2025-06-13,Landing,1
4807,2025-06-13,Browse,2
4808,2025-08-02,Landing,1
4809,2025-03-13,Landing,1
4810,2025-08-31,Landing,1
4810,2025-08-30,Browse,2
4810,2025-08-29,Product View,3
4810,2025-08-21,Add to Cart,4
4810,2025-08-29,Checkout,5
4810,2025-08-26,Purchase,6
4810,2025-09-02,Signup,7
4811,2025-03-20,Landing,1
4811,2025-03-17,Browse,2
4811,2025-03-17,Product View,3
4811,2025-03-15,Add to Cart,4
4811,2025-03-18,Checkout,5
4811,2025-03-18,Purchase,6
4811,2025-03-08,Signup,7
4812,2025-11-04,Landing,1
4812,2025-11-06,Browse,2
4813,2025-05-21,Landing,1
4814,2025-09-03,Landing,1
4814,2025-09-13,Browse,2
4814,2025-09-07,Product View,3
4814,2025-09-06,Add to Cart,4
4814,2025-09-12,Checkout,5
4815,2025-04-10,Landing,1
4816,2025-03-23,Landing,1
4816,2025-03-24,Browse,2
4816,2025-03-24,Product View,3
4817,2025-10-05,Landing,1
4818,2025-04-06,Landing,1
4818,2025-04-15,Browse,2
4818,2025-04-15,Product View,3
4819,2025-04-07,Landing,1
4820,2025-04-25,Landing,1
4820,2025-04-21,Browse,2
4820,2025-04-23,Product View,3
4821,2025-09-17,Landing,1
4821,2025-09-26,Browse,2
4821,2025-09-28,Product View,3
4821,2025-09-23,Add to Cart,4
4822,2025-04-11,Landing,1
4822,2025-04-07,Browse,2
4822,2025-04-01,Product View,3
4822,2025-04-04,Add to Cart,4
4822,2025-04-12,Checkout,5
4823,2025-05-20,Landing,1
4823,2025-06-01,Browse,2
4823,2025-05-29,Product View,3
4823,2025-05-20,Add to Cart,4
4824,2025-10-16,Landing,1
4824,2025-10-16,Browse,2
4824,2025-10-20,Product View,3
4824,2025-10-18,Add to Cart,4
4824,2025-10-25,Checkout,5
4825,2025-10-23,Landing,1
4826,2025-03-31,Landing,1
4827,2025-11-26,Landing,1
4828,2025-08-30,Landing,1
4828,2025-08-28,Browse,2
4828,2025-08-31,Product View,3
4829,2025-05-15,Landing,1
4829,2025-05-21,Browse,2
4829,2025-05-17,Product View,3
4829,2025-05-16,Add to Cart,4
4830,2025-11-23,Landing,1
4831,2025-03-19,Landing,1
4831,2025-03-12,Browse,2
4831,2025-03-07,Product View,3
4831,2025-03-06,Add to Cart,4
4831,2025-03-15,Checkout,5
4831,2025-03-17,Purchase,6
4832,2025-03-20,Landing,1
4832,2025-03-11,Browse,2
4832,2025-03-10,Product View,3
4832,2025-03-10,Add to Cart,4
4832,2025-03-16,Checkout,5
4833,2025-12-22,Landing,1
4833,2025-12-15,Browse,2
4833,2025-12-19,Product View,3
4833,2025-12-18,Add to Cart,4
4833,2025-12-21,Checkout,5
4833,2025-12-15,Purchase,6
4834,2025-10-03,Landing,1
4834,2025-10-04,Browse,2
4834,2025-09-24,Product View,3
4834,2025-10-01,Add to Cart,4
4835,2025-08-14,Landing,1
4836,2025-03-07,Landing,1
4836,2025-03-06,Browse,2
4837,2025-06-22,Landing,1
4837,2025-06-17,Browse,2
4837,2025-06-18,Product View,3
4837,2025-06-24,Add to Cart,4
4838,2025-09-25,Landing,1
4838,2025-10-02,Browse,2
4839,2025-08-12,Landing,1
4839,2025-08-08,Browse,2
4839,2025-08-07,Product View,3
4839,2025-08-07,Add to Cart,4
4840,2025-08-06,Landing,1
4840,2025-08-07,Browse,2
4841,2025-09-18,Landing,1
4841,2025-09-13,Browse,2
4841,2025-09-09,Product View,3
4841,2025-09-15,Add to Cart,4
4841,2025-09-10,Checkout,5
4841,2025-09-18,Purchase,6
4841,2025-09-12,Signup,7
4842,2025-07-28,Landing,1
4842,2025-07-24,Browse,2
4843,2025-08-18,Landing,1
4844,2025-03-20,Landing,1
4845,2025-10-14,Landing,1
4845,2025-10-19,Browse,2
4845,2025-10-18,Product View,3
4845,2025-10-07,Add to Cart,4
4845,2025-10-16,Checkout,5
4845,2025-10-12,Purchase,6
4845,2025-10-16,Signup,7
4846,2025-04-19,Landing,1
4846,2025-04-18,Browse,2
4847,2025-09-25,Landing,1
4847,2025-09-30,Browse,2
4848,2025-07-06,Landing,1
4849,2025-07-26,Landing,1
4849,2025-07-24,Browse,2
4849,2025-07-25,Product View,3
4849,2025-07-19,Add to Cart,4
4849,2025-07-21,Checkout,5
4849,2025-07-17,Purchase,6
4850,2025-06-14,Landing,1
4850,2025-06-06,Browse,2
4851,2025-06-10,Landing,1
4852,2025-12-07,Landing,1
4852,2025-12-14,Browse,2
4853,2025-03-17,Landing,1
4853,2025-03-11,Browse,2
4853,2025-03-11,Product View,3
4854,2025-07-07,Landing,1
4854,2025-07-15,Browse,2
4855,2025-10-28,Landing,1
4855,2025-11-04,Browse,2
4856,2025-11-20,Landing,1
4856,2025-11-19,Browse,2
4856,2025-11-18,Product View,3
4857,2025-11-16,Landing,1
4858,2025-03-22,Landing,1
4858,2025-03-24,Browse,2
4859,2025-05-30,Landing,1
4859,2025-05-29,Browse,2
4860,2025-04-01,Landing,1
4860,2025-03-30,Browse,2
4860,2025-04-02,Product View,3
4860,2025-03-27,Add to Cart,4
4860,2025-03-28,Checkout,5
4860,2025-03-28,Purchase,6
4860,2025-03-31,Signup,7
4861,2025-11-20,Landing,1
4861,2025-11-27,Browse,2
4861,2025-11-23,Product View,3
4861,2025-11-28,Add to Cart,4
4861,2025-11-27,Checkout,5
4861,2025-11-22,Purchase,6
4861,2025-11-22,Signup,7
4862,2025-10-31,Landing,1
4862,2025-11-01,Browse,2
4862,2025-11-03,Product View,3
4863,2025-09-08,Landing,1
4863,2025-09-10,Browse,2
4863,2025-09-18,Product View,3
4863,2025-09-08,Add to Cart,4
4863,2025-09-11,Checkout,5
4863,2025-09-14,Purchase,6
4863,2025-09-07,Signup,7
4864,2025-10-30,Landing,1
4865,2025-06-15,Landing,1
4865,2025-06-09,Browse,2
4865,2025-06-13,Product View,3
4866,2025-11-23,Landing,1
4866,2025-12-03,Browse,2
4866,2025-12-03,Product View,3
4867,2025-04-21,Landing,1
4867,2025-04-22,Browse,2
4867,2025-04-10,Product View,3
4868,2025-04-11,Landing,1
4868,2025-04-07,Browse,2
4868,2025-04-13,Product View,3
4868,2025-04-12,Add to Cart,4
4868,2025-04-14,Checkout,5
4868,2025-04-10,Purchase,6
4868,2025-04-10,Signup,7
4869,2025-11-08,Landing,1
4869,2025-11-06,Browse,2
4869,2025-11-15,Product View,3
4869,2025-11-16,Add to Cart,4
4869,2025-11-09,Checkout,5
4869,2025-11-17,Purchase,6
4870,2025-04-24,Landing,1
4870,2025-04-14,Browse,2
4870,2025-04-15,Product View,3
4870,2025-04-15,Add to Cart,4
4870,2025-04-23,Checkout,5
4871,2025-11-19,Landing,1
4872,2025-08-24,Landing,1
4873,2025-07-19,Landing,1
4874,2025-11-29,Landing,1
4874,2025-12-01,Browse,2
4874,2025-11-25,Product View,3
4875,2025-10-17,Landing,1
4875,2025-10-18,Browse,2
4876,2025-05-30,Landing,1
4876,2025-06-03,Browse,2
4877,2025-08-31,Landing,1
4878,2025-05-27,Landing,1
4878,2025-06-04,Browse,2
4879,2025-03-30,Landing,1
4879,2025-03-22,Browse,2
4879,2025-03-21,Product View,3
4879,2025-03-28,Add to Cart,4
4880,2025-07-11,Landing,1
4880,2025-07-17,Browse,2
4880,2025-07-08,Product View,3
4880,2025-07-09,Add to Cart,4
4880,2025-07-08,Checkout,5
4880,2025-07-08,Purchase,6
4880,2025-07-08,Signup,7
4881,2025-12-17,Landing,1
4881,2025-12-10,Browse,2
4881,2025-12-15,Product View,3
4881,2025-12-17,Add to Cart,4
4882,2025-09-27,Landing,1
4883,2025-07-06,Landing,1
4883,2025-06-25,Browse,2
4883,2025-07-03,Product View,3
4883,2025-06-28,Add to Cart,4
4883,2025-07-01,Checkout,5
4883,2025-07-02,Purchase,6
4884,2025-12-07,Landing,1
4884,2025-12-09,Browse,2
4884,2025-12-04,Product View,3
4884,2025-12-03,Add to Cart,4
4884,2025-11-30,Checkout,5
4884,2025-11-26,Purchase,6
4884,2025-12-06,Signup,7
4885,2025-12-09,Landing,1
4885,2025-12-17,Browse,2
4886,2025-06-10,Landing,1
4886,2025-06-13,Browse,2
4887,2025-11-28,Landing,1
4887,2025-11-20,Browse,2
4888,2025-03-14,Landing,1
4888,2025-03-11,Browse,2
4889,2025-05-08,Landing,1
4889,2025-05-16,Browse,2
4890,2025-09-04,Landing,1
4890,2025-08-25,Browse,2
4890,2025-09-03,Product View,3
4890,2025-08-29,Add to Cart,4
4890,2025-09-04,Checkout,5
4890,2025-08-26,Purchase,6
4891,2025-11-05,Landing,1
4891,2025-10-27,Browse,2
4892,2025-06-02,Landing,1
4892,2025-05-22,Browse,2
4892,2025-05-31,Product View,3
4893,2025-10-09,Landing,1
4893,2025-10-04,Browse,2
4893,2025-09-28,Product View,3
4893,2025-09-28,Add to Cart,4
4894,2025-10-21,Landing,1
4894,2025-10-21,Browse,2
4894,2025-10-23,Product View,3
4894,2025-10-31,Add to Cart,4
4895,2025-04-24,Landing,1
4896,2025-03-14,Landing,1
4896,2025-03-10,Browse,2
4896,2025-03-16,Product View,3
4896,2025-03-04,Add to Cart,4
4897,2025-06-24,Landing,1
4897,2025-07-06,Browse,2
4897,2025-06-26,Product View,3
4897,2025-06-24,Add to Cart,4
4897,2025-06-24,Checkout,5
4897,2025-06-25,Purchase,6
4898,2025-12-22,Landing,1
4898,2025-12-23,Browse,2
4898,2025-12-13,Product View,3
4899,2025-10-24,Landing,1
4899,2025-10-27,Browse,2
4899,2025-10-23,Product View,3
4899,2025-10-21,Add to Cart,4
4899,2025-10-28,Checkout,5
4900,2025-07-06,Landing,1
4900,2025-07-01,Browse,2
4900,2025-06-27,Product View,3
4900,2025-07-08,Add to Cart,4
4900,2025-06-28,Checkout,5
4900,2025-07-04,Purchase,6
4900,2025-07-09,Signup,7
4901,2025-11-25,Landing,1
4901,2025-11-24,Browse,2
4902,2025-05-11,Landing,1
4902,2025-05-15,Browse,2
4903,2025-12-22,Landing,1
4903,2025-12-18,Browse,2
4903,2025-12-12,Product View,3
4904,2025-05-14,Landing,1
4904,2025-05-09,Browse,2
4904,2025-05-08,Product View,3
4904,2025-05-11,Add to Cart,4
4904,2025-05-21,Checkout,5
4904,2025-05-12,Purchase,6
4904,2025-05-16,Signup,7
4905,2025-03-10,Landing,1
4906,2025-11-06,Landing,1
4907,2025-12-13,Landing,1
4907,2025-12-18,Browse,2
4907,2025-12-20,Product View,3
4908,2025-08-01,Landing,1
4908,2025-07-27,Browse,2
4908,2025-07-27,Product View,3
4909,2025-04-03,Landing,1
4909,2025-04-02,Browse,2
4909,2025-04-08,Product View,3
4909,2025-03-30,Add to Cart,4
4910,2025-11-07,Landing,1
4910,2025-11-09,Browse,2
4910,2025-11-03,Product View,3
4910,2025-11-13,Add to Cart,4
4910,2025-11-03,Checkout,5
4910,2025-11-08,Purchase,6
4911,2025-08-27,Landing,1
4911,2025-08-26,Browse,2
4911,2025-09-01,Product View,3
4911,2025-09-01,Add to Cart,4
4912,2025-04-05,Landing,1
4912,2025-04-08,Browse,2
4912,2025-04-09,Product View,3
4912,2025-03-27,Add to Cart,4
4912,2025-04-01,Checkout,5
4913,2025-06-04,Landing,1
4914,2025-08-26,Landing,1
4914,2025-08-25,Browse,2
4915,2025-05-20,Landing,1
4915,2025-05-26,Browse,2
4915,2025-05-23,Product View,3
4915,2025-05-25,Add to Cart,4
4916,2025-06-01,Landing,1
4917,2025-03-27,Landing,1
4917,2025-03-31,Browse,2
4917,2025-03-29,Product View,3
4917,2025-03-30,Add to Cart,4
4917,2025-03-28,Checkout,5
4918,2025-05-03,Landing,1
4918,2025-05-01,Browse,2
4918,2025-05-10,Product View,3
4919,2025-05-14,Landing,1
4919,2025-05-12,Browse,2
4919,2025-05-11,Product View,3
4919,2025-05-02,Add to Cart,4
4919,2025-05-11,Checkout,5
4919,2025-05-05,Purchase,6
4919,2025-05-04,Signup,7
4920,2025-08-03,Landing,1
4920,2025-07-28,Browse,2
4920,2025-07-30,Product View,3
4921,2025-05-14,Landing,1
4921,2025-05-07,Browse,2
4921,2025-05-08,Product View,3
4922,2025-04-26,Landing,1
4922,2025-04-24,Browse,2
4922,2025-04-26,Product View,3
4922,2025-04-25,Add to Cart,4
4922,2025-04-27,Checkout,5
4922,2025-04-28,Purchase,6
4923,2025-08-19,Landing,1
4924,2025-04-06,Landing,1
4924,2025-04-04,Browse,2
4924,2025-04-07,Product View,3
4924,2025-04-04,Add to Cart,4
4925,2025-03-21,Landing,1
4925,2025-03-28,Browse,2
4925,2025-03-22,Product View,3
4926,2025-05-08,Landing,1
4927,2025-07-28,Landing,1
4927,2025-08-07,Browse,2
4927,2025-08-01,Product View,3
4927,2025-08-02,Add to Cart,4
4928,2025-08-07,Landing,1
4928,2025-08-04,Browse,2
4929,2025-05-11,Landing,1
4929,2025-05-08,Browse,2
4929,2025-05-01,Product View,3
4930,2025-09-08,Landing,1
4930,2025-09-12,Browse,2
4931,2025-06-15,Landing,1
4931,2025-06-18,Browse,2
4932,2025-08-30,Landing,1
4933,2025-03-30,Landing,1
4933,2025-03-28,Browse,2
4933,2025-03-28,Product View,3
4933,2025-03-25,Add to Cart,4
4934,2025-08-08,Landing,1
4934,2025-08-20,Browse,2
4935,2025-09-10,Landing,1
4935,2025-09-09,Browse,2
4935,2025-09-06,Product View,3
4936,2025-10-31,Landing,1
4937,2025-10-23,Landing,1
4938,2025-07-28,Landing,1
4938,2025-08-04,Browse,2
4938,2025-07-27,Product View,3
4938,2025-07-31,Add to Cart,4
4938,2025-08-05,Checkout,5
4938,2025-07-31,Purchase,6
4938,2025-08-07,Signup,7
4939,2025-03-22,Landing,1
4939,2025-03-14,Browse,2
4939,2025-03-22,Product View,3
4939,2025-03-21,Add to Cart,4
4939,2025-03-16,Checkout,5
4939,2025-03-24,Purchase,6
4939,2025-03-24,Signup,7
4940,2025-07-03,Landing,1
4940,2025-07-04,Browse,2
4940,2025-07-03,Product View,3
4940,2025-07-09,Add to Cart,4
4940,2025-06-28,Checkout,5
4941,2025-08-12,Landing,1
4941,2025-08-14,Browse,2
4942,2025-03-19,Landing,1
4942,2025-03-19,Browse,2
4942,2025-03-20,Product View,3
4942,2025-03-26,Add to Cart,4
4943,2025-05-21,Landing,1
4943,2025-05-28,Browse,2
4944,2025-03-26,Landing,1
4945,2025-09-01,Landing,1
4945,2025-09-08,Browse,2
4945,2025-09-03,Product View,3
4946,2025-03-29,Landing,1
4947,2025-08-01,Landing,1
4947,2025-07-30,Browse,2
4948,2025-10-22,Landing,1
4948,2025-10-25,Browse,2
4949,2025-12-12,Landing,1
4949,2025-12-04,Browse,2
4949,2025-12-06,Product View,3
4949,2025-12-06,Add to Cart,4
4950,2025-06-06,Landing,1
4950,2025-06-15,Browse,2
4950,2025-06-11,Product View,3
4950,2025-06-17,Add to Cart,4
4951,2025-04-18,Landing,1
4951,2025-04-15,Browse,2
4951,2025-04-20,Product View,3
4952,2025-10-17,Landing,1
4952,2025-10-16,Browse,2
4953,2025-05-11,Landing,1
4953,2025-05-10,Browse,2
4953,2025-05-09,Product View,3
4954,2025-08-05,Landing,1
4954,2025-08-05,Browse,2
4955,2025-06-02,Landing,1
4955,2025-05-27,Browse,2
4955,2025-05-22,Product View,3
4955,2025-05-28,Add to Cart,4
4955,2025-05-26,Checkout,5
4955,2025-06-01,Purchase,6
4955,2025-06-01,Signup,7
4956,2025-10-30,Landing,1
4956,2025-11-01,Browse,2
4956,2025-10-29,Product View,3
4956,2025-10-30,Add to Cart,4
4957,2025-04-23,Landing,1
4958,2025-07-01,Landing,1
4958,2025-07-05,Browse,2
4958,2025-07-02,Product View,3
4959,2025-09-18,Landing,1
4959,2025-09-15,Browse,2
4959,2025-09-09,Product View,3
4960,2025-09-09,Landing,1
4960,2025-09-08,Browse,2
4960,2025-08-29,Product View,3
4960,2025-09-06,Add to Cart,4
4961,2025-05-16,Landing,1
4962,2025-09-13,Landing,1
4962,2025-09-08,Browse,2
4962,2025-09-04,Product View,3
4963,2025-08-11,Landing,1
4963,2025-08-15,Browse,2
4963,2025-08-10,Product View,3
4963,2025-08-04,Add to Cart,4
4963,2025-08-14,Checkout,5
4964,2025-03-17,Landing,1
4965,2025-04-24,Landing,1
4966,2025-04-24,Landing,1
4966,2025-04-27,Browse,2
4966,2025-04-29,Product View,3
4967,2025-03-11,Landing,1
4967,2025-03-09,Browse,2
4968,2025-07-08,Landing,1
4969,2025-06-28,Landing,1
4969,2025-06-27,Browse,2
4970,2025-07-01,Landing,1
4970,2025-07-03,Browse,2
4970,2025-07-06,Product View,3
4970,2025-06-25,Add to Cart,4
4971,2025-06-22,Landing,1
4972,2025-03-19,Landing,1
4972,2025-03-10,Browse,2
4973,2025-11-03,Landing,1
4973,2025-11-01,Browse,2
4973,2025-10-27,Product View,3
4973,2025-10-30,Add to Cart,4
4973,2025-11-05,Checkout,5
4973,2025-11-02,Purchase,6
4973,2025-10-31,Signup,7
4974,2025-08-10,Landing,1
4974,2025-08-09,Browse,2
4974,2025-07-29,Product View,3
4974,2025-08-03,Add to Cart,4
4974,2025-08-03,Checkout,5
4974,2025-08-01,Purchase,6
4974,2025-07-29,Signup,7
4975,2025-11-22,Landing,1
4976,2025-03-28,Landing,1
4976,2025-03-20,Browse,2
4976,2025-03-18,Product View,3
4976,2025-03-25,Add to Cart,4
4976,2025-03-17,Checkout,5
4976,2025-03-23,Purchase,6
4976,2025-03-15,Signup,7
4977,2025-12-22,Landing,1
4977,2025-12-20,Browse,2
4977,2025-12-23,Product View,3
4977,2025-12-17,Add to Cart,4
4978,2025-06-20,Landing,1
4978,2025-06-19,Browse,2
4978,2025-06-12,Product View,3
4978,2025-06-22,Add to Cart,4
4978,2025-06-22,Checkout,5
4979,2025-05-28,Landing,1
4979,2025-05-22,Browse,2
4980,2025-07-13,Landing,1
4980,2025-07-13,Browse,2
4980,2025-07-05,Product View,3
4980,2025-07-06,Add to Cart,4
4981,2025-04-21,Landing,1
4982,2025-10-11,Landing,1
4982,2025-10-12,Browse,2
4982,2025-10-07,Product View,3
4983,2025-09-10,Landing,1
4983,2025-09-19,Browse,2
4984,2025-03-26,Landing,1
4984,2025-04-03,Browse,2
4984,2025-03-27,Product View,3
4985,2025-10-21,Landing,1
4985,2025-10-24,Browse,2
4985,2025-10-19,Product View,3
4985,2025-10-14,Add to Cart,4
4985,2025-10-15,Checkout,5
4986,2025-04-29,Landing,1
4986,2025-05-07,Browse,2
4986,2025-05-01,Product View,3
4986,2025-05-10,Add to Cart,4
4987,2025-10-08,Landing,1
4987,2025-10-05,Browse,2
4987,2025-10-07,Product View,3
4988,2025-08-17,Landing,1
4988,2025-08-14,Browse,2
4988,2025-08-10,Product View,3
4988,2025-08-10,Add to Cart,4
4988,2025-08-12,Checkout,5
4989,2025-11-10,Landing,1
4989,2025-11-15,Browse,2
4989,2025-11-13,Product View,3
4990,2025-11-06,Landing,1
4990,2025-11-07,Browse,2
4990,2025-11-08,Product View,3
4990,2025-11-17,Add to Cart,4
4990,2025-11-11,Checkout,5
4991,2025-03-27,Landing,1
4991,2025-04-01,Browse,2
4992,2025-06-27,Landing,1
4993,2025-12-05,Landing,1
4994,2025-10-15,Landing,1
4994,2025-10-12,Browse,2
4995,2025-12-17,Landing,1
4995,2025-12-19,Browse,2
4996,2025-04-03,Landing,1
4996,2025-04-08,Browse,2
4996,2025-04-06,Product View,3
4996,2025-04-05,Add to Cart,4
4996,2025-04-05,Checkout,5
4997,2025-06-20,Landing,1
4997,2025-06-22,Browse,2
4998,2025-06-10,Landing,1
4998,2025-06-03,Browse,2
4998,2025-06-04,Product View,3
4998,2025-06-08,Add to Cart,4
4998,2025-06-08,Checkout,5
4999,2025-07-14,Landing,1
4999,2025-07-13,Browse,2
4999,2025-07-18,Product View,3
4999,2025-07-11,Add to Cart,4
4999,2025-07-17,Checkout,5
4999,2025-07-07,Purchase,6
4999,2025-07-20,Signup,7
5000,2025-03-30,Landing,1
5000,2025-03-30,Browse,2
5001,2025-11-05,Landing,1
5001,2025-11-12,Browse,2
5001,2025-11-07,Product View,3
5002,2025-06-15,Landing,1
5002,2025-06-18,Browse,2
5003,2025-04-17,Landing,1
5004,2025-03-20,Landing,1
5004,2025-03-21,Browse,2
5005,2025-03-16,Landing,1
5005,2025-03-07,Browse,2
5005,2025-03-11,Product View,3
5005,2025-03-11,Add to Cart,4
5006,2025-06-17,Landing,1
5007,2025-07-07,Landing,1
5007,2025-07-12,Browse,2
5008,2025-04-07,Landing,1
5008,2025-04-18,Browse,2
5008,2025-04-09,Product View,3
5008,2025-04-11,Add to Cart,4
5009,2025-07-08,Landing,1
5009,2025-07-18,Browse,2
5009,2025-07-19,Product View,3
5010,2025-10-12,Landing,1
5011,2025-07-19,Landing,1
5012,2025-03-25,Landing,1
5013,2025-07-27,Landing,1
5013,2025-07-31,Browse,2
5014,2025-09-29,Landing,1
5015,2025-07-13,Landing,1
5015,2025-07-06,Browse,2
5016,2025-07-18,Landing,1
5016,2025-07-12,Browse,2
5016,2025-07-13,Product View,3
5016,2025-07-10,Add to Cart,4
5016,2025-07-16,Checkout,5
5016,2025-07-14,Purchase,6
5016,2025-07-16,Signup,7
5017,2025-05-11,Landing,1
5017,2025-05-19,Browse,2
5017,2025-05-21,Product View,3
5017,2025-05-12,Add to Cart,4
5018,2025-04-07,Landing,1
5018,2025-04-02,Browse,2
5019,2025-04-14,Landing,1
5019,2025-04-11,Browse,2
5020,2025-11-03,Landing,1
5020,2025-11-05,Browse,2
5021,2025-06-17,Landing,1
5021,2025-06-23,Browse,2
5022,2025-06-10,Landing,1
5022,2025-06-09,Browse,2
5022,2025-06-09,Product View,3
5022,2025-06-05,Add to Cart,4
5023,2025-08-31,Landing,1
5023,2025-08-30,Browse,2
5023,2025-08-28,Product View,3
5023,2025-09-06,Add to Cart,4
5023,2025-09-05,Checkout,5
5024,2025-04-19,Landing,1
5024,2025-04-15,Browse,2
5024,2025-04-20,Product View,3
5024,2025-04-14,Add to Cart,4
5025,2025-09-19,Landing,1
5026,2025-11-27,Landing,1
5026,2025-11-29,Browse,2
5026,2025-11-27,Product View,3
5026,2025-11-27,Add to Cart,4
5027,2025-05-18,Landing,1
5027,2025-05-13,Browse,2
5027,2025-05-17,Product View,3
5027,2025-05-20,Add to Cart,4
5027,2025-05-19,Checkout,5
5028,2025-08-20,Landing,1
5028,2025-08-25,Browse,2
5028,2025-08-20,Product View,3
5029,2025-09-19,Landing,1
5029,2025-09-28,Browse,2
5029,2025-09-21,Product View,3
5030,2025-03-24,Landing,1
5030,2025-03-21,Browse,2
5030,2025-03-29,Product View,3
5030,2025-03-25,Add to Cart,4
5030,2025-03-16,Checkout,5
5030,2025-03-27,Purchase,6
5031,2025-12-19,Landing,1
5031,2025-12-21,Browse,2
5031,2025-12-20,Product View,3
5032,2025-09-10,Landing,1
5032,2025-09-07,Browse,2
5032,2025-08-29,Product View,3
5032,2025-09-07,Add to Cart,4
5032,2025-08-30,Checkout,5
5032,2025-09-08,Purchase,6
5032,2025-09-01,Signup,7
5033,2025-09-18,Landing,1
5033,2025-09-20,Browse,2
5033,2025-09-22,Product View,3
5033,2025-09-18,Add to Cart,4
5033,2025-09-15,Checkout,5
5033,2025-09-18,Purchase,6
5034,2025-11-03,Landing,1
5034,2025-11-06,Browse,2
5034,2025-11-05,Product View,3
5034,2025-11-11,Add to Cart,4
5034,2025-11-12,Checkout,5
5035,2025-09-13,Landing,1
5035,2025-09-05,Browse,2
5035,2025-09-16,Product View,3
5035,2025-09-09,Add to Cart,4
5036,2025-08-27,Landing,1
5037,2025-12-05,Landing,1
5037,2025-12-01,Browse,2
5038,2025-08-30,Landing,1
5038,2025-08-26,Browse,2
5038,2025-09-05,Product View,3
5038,2025-08-30,Add to Cart,4
5038,2025-09-05,Checkout,5
5038,2025-08-24,Purchase,6
5039,2025-03-31,Landing,1
5040,2025-07-26,Landing,1
5040,2025-07-23,Browse,2
5040,2025-07-18,Product View,3
5041,2025-10-15,Landing,1
5042,2025-08-30,Landing,1
5042,2025-08-30,Browse,2
5042,2025-08-24,Product View,3
5043,2025-08-10,Landing,1
5043,2025-08-08,Browse,2
5043,2025-08-05,Product View,3
5043,2025-08-07,Add to Cart,4
5044,2025-07-18,Landing,1
5044,2025-07-16,Browse,2
5044,2025-07-11,Product View,3
5044,2025-07-13,Add to Cart,4
5044,2025-07-10,Checkout,5
5044,2025-07-09,Purchase,6
5044,2025-07-07,Signup,7
5045,2025-06-06,Landing,1
5045,2025-06-10,Browse,2
5046,2025-03-29,Landing,1
5047,2025-10-07,Landing,1
5048,2025-09-10,Landing,1
5048,2025-09-13,Browse,2
5048,2025-09-01,Product View,3
5048,2025-09-10,Add to Cart,4
5048,2025-09-07,Checkout,5
5048,2025-09-11,Purchase,6
5048,2025-09-08,Signup,7
5049,2025-08-20,Landing,1
5049,2025-08-17,Browse,2
5050,2025-09-19,Landing,1
5050,2025-09-14,Browse,2
5050,2025-09-10,Product View,3
5051,2025-10-21,Landing,1
5051,2025-10-20,Browse,2
5051,2025-10-24,Product View,3
5051,2025-10-21,Add to Cart,4
5052,2025-05-04,Landing,1
5052,2025-05-03,Browse,2
5052,2025-04-27,Product View,3
5052,2025-05-01,Add to Cart,4
5052,2025-04-22,Checkout,5
5053,2025-08-01,Landing,1
5053,2025-07-26,Browse,2
5053,2025-08-02,Product View,3
5053,2025-07-31,Add to Cart,4
5053,2025-07-30,Checkout,5
5054,2025-10-07,Landing,1
5054,2025-09-26,Browse,2
5054,2025-10-03,Product View,3
5055,2025-05-09,Landing,1
5056,2025-08-24,Landing,1
5056,2025-08-17,Browse,2
5057,2025-04-20,Landing,1
5058,2025-05-06,Landing,1
5058,2025-05-11,Browse,2
5058,2025-05-16,Product View,3
5059,2025-04-13,Landing,1
5059,2025-04-05,Browse,2
5059,2025-04-12,Product View,3
5059,2025-04-10,Add to Cart,4
5060,2025-09-22,Landing,1
5060,2025-09-12,Browse,2
5061,2025-06-17,Landing,1
5062,2025-10-03,Landing,1
5062,2025-10-12,Browse,2
5062,2025-10-03,Product View,3
5063,2025-05-23,Landing,1
5063,2025-05-21,Browse,2
5063,2025-05-21,Product View,3
5063,2025-05-23,Add to Cart,4
5063,2025-05-21,Checkout,5
5064,2025-05-14,Landing,1
5064,2025-05-10,Browse,2
5064,2025-05-10,Product View,3
5064,2025-05-11,Add to Cart,4
5064,2025-05-18,Checkout,5
5065,2025-09-26,Landing,1
5065,2025-10-05,Browse,2
5066,2025-06-11,Landing,1
5067,2025-03-12,Landing,1
5067,2025-03-14,Browse,2
5067,2025-03-18,Product View,3
5067,2025-03-19,Add to Cart,4
5067,2025-03-18,Checkout,5
5068,2025-10-14,Landing,1
5068,2025-10-22,Browse,2
5068,2025-10-13,Product View,3
5068,2025-10-18,Add to Cart,4
5068,2025-10-23,Checkout,5
5068,2025-10-13,Purchase,6
5068,2025-10-23,Signup,7
5069,2025-07-18,Landing,1
5069,2025-07-12,Browse,2
5069,2025-07-15,Product View,3
5069,2025-07-19,Add to Cart,4
5069,2025-07-22,Checkout,5
5069,2025-07-14,Purchase,6
5069,2025-07-15,Signup,7
5070,2025-05-02,Landing,1
5071,2025-06-14,Landing,1
5071,2025-06-11,Browse,2
5072,2025-03-07,Landing,1
5073,2025-04-20,Landing,1
5074,2025-11-04,Landing,1
5074,2025-10-28,Browse,2
5075,2025-06-25,Landing,1
5076,2025-05-06,Landing,1
5077,2025-03-18,Landing,1
5077,2025-03-24,Browse,2
5077,2025-03-28,Product View,3
5077,2025-03-23,Add to Cart,4
5077,2025-03-19,Checkout,5
5078,2025-06-26,Landing,1
5078,2025-06-25,Browse,2
5078,2025-06-21,Product View,3
5078,2025-07-02,Add to Cart,4
5078,2025-06-30,Checkout,5
5078,2025-07-03,Purchase,6
5078,2025-06-29,Signup,7
5079,2025-11-12,Landing,1
5080,2025-06-17,Landing,1
5081,2025-11-08,Landing,1
5081,2025-11-14,Browse,2
5081,2025-11-14,Product View,3
5082,2025-09-11,Landing,1
5082,2025-09-11,Browse,2
5082,2025-08-30,Product View,3
5083,2025-04-03,Landing,1
5084,2025-10-26,Landing,1
5084,2025-10-25,Browse,2
5085,2025-10-31,Landing,1
5085,2025-11-03,Browse,2
5085,2025-11-03,Product View,3
5085,2025-10-31,Add to Cart,4
5085,2025-10-27,Checkout,5
5085,2025-11-02,Purchase,6
5085,2025-10-31,Signup,7
5086,2025-05-30,Landing,1
5087,2025-12-02,Landing,1
5087,2025-12-02,Browse,2
5087,2025-12-11,Product View,3
5087,2025-11-28,Add to Cart,4
5087,2025-12-07,Checkout,5
5087,2025-12-06,Purchase,6
5087,2025-12-10,Signup,7
5088,2025-07-12,Landing,1
5088,2025-07-17,Browse,2
5088,2025-07-10,Product View,3
5088,2025-07-07,Add to Cart,4
5088,2025-07-14,Checkout,5
5088,2025-07-07,Purchase,6
5089,2025-11-21,Landing,1
5090,2025-10-07,Landing,1
5091,2025-07-10,Landing,1
5092,2025-11-08,Landing,1
5092,2025-11-07,Browse,2
5092,2025-11-11,Product View,3
5092,2025-11-08,Add to Cart,4
5092,2025-11-16,Checkout,5
5093,2025-11-04,Landing,1
5093,2025-10-27,Browse,2
5094,2025-10-23,Landing,1
5094,2025-10-31,Browse,2
5094,2025-10-28,Product View,3
5094,2025-10-23,Add to Cart,4
5094,2025-10-28,Checkout,5
5095,2025-11-14,Landing,1
5096,2025-08-01,Landing,1
5096,2025-07-21,Browse,2
5096,2025-07-21,Product View,3
5096,2025-07-21,Add to Cart,4
5097,2025-08-20,Landing,1
5097,2025-08-14,Browse,2
5097,2025-08-14,Product View,3
5097,2025-08-20,Add to Cart,4
5097,2025-08-21,Checkout,5
5098,2025-05-27,Landing,1
5098,2025-05-19,Browse,2
5098,2025-05-24,Product View,3
5099,2025-08-19,Landing,1
5099,2025-08-23,Browse,2
5099,2025-08-27,Product View,3
5100,2025-09-20,Landing,1
5100,2025-09-21,Browse,2
5100,2025-09-12,Product View,3
5100,2025-09-16,Add to Cart,4
5101,2025-09-04,Landing,1
5102,2025-06-08,Landing,1
5102,2025-06-17,Browse,2
5102,2025-06-17,Product View,3
5103,2025-05-15,Landing,1
5104,2025-09-03,Landing,1
5104,2025-08-29,Browse,2
5104,2025-09-01,Product View,3
5104,2025-09-07,Add to Cart,4
5104,2025-09-09,Checkout,5
5105,2025-12-07,Landing,1
5105,2025-11-26,Browse,2
5105,2025-11-25,Product View,3
5105,2025-11-29,Add to Cart,4
5105,2025-12-08,Checkout,5
5106,2025-04-10,Landing,1
5106,2025-04-07,Browse,2
5107,2025-03-22,Landing,1
5107,2025-03-21,Browse,2
5107,2025-03-27,Product View,3
5107,2025-03-30,Add to Cart,4
5107,2025-03-27,Checkout,5
5107,2025-03-30,Purchase,6
5107,2025-03-19,Signup,7
5108,2025-05-06,Landing,1
5108,2025-05-02,Browse,2
5109,2025-05-15,Landing,1
5109,2025-05-10,Browse,2
5109,2025-05-16,Product View,3
5109,2025-05-09,Add to Cart,4
5109,2025-05-08,Checkout,5
5110,2025-07-18,Landing,1
5110,2025-07-11,Browse,2
5111,2025-11-25,Landing,1
5111,2025-11-23,Browse,2
5111,2025-11-18,Product View,3
5112,2025-12-24,Landing,1
5112,2025-12-18,Browse,2
5112,2025-12-22,Product View,3
5113,2025-10-20,Landing,1
5114,2025-06-03,Landing,1
5114,2025-05-26,Browse,2
5114,2025-06-01,Product View,3
5114,2025-05-28,Add to Cart,4
5114,2025-06-03,Checkout,5
5115,2025-03-29,Landing,1
5115,2025-03-24,Browse,2
5116,2025-04-12,Landing,1
5116,2025-04-09,Browse,2
5116,2025-04-02,Product View,3
5117,2025-10-22,Landing,1
5118,2025-10-04,Landing,1
5118,2025-10-06,Browse,2
5119,2025-12-15,Landing,1
5119,2025-12-12,Browse,2
5120,2025-09-06,Landing,1
5120,2025-09-02,Browse,2
5120,2025-09-03,Product View,3
5121,2025-11-23,Landing,1
5121,2025-11-24,Browse,2
5121,2025-11-25,Product View,3
5121,2025-11-21,Add to Cart,4
5121,2025-11-24,Checkout,5
5121,2025-11-27,Purchase,6
5121,2025-11-20,Signup,7
5122,2025-10-05,Landing,1
5122,2025-09-29,Browse,2
5122,2025-10-06,Product View,3
5123,2025-08-19,Landing,1
5123,2025-08-18,Browse,2
5124,2025-10-21,Landing,1
5124,2025-10-27,Browse,2
5124,2025-10-31,Product View,3
5124,2025-10-29,Add to Cart,4
5125,2025-07-20,Landing,1
5125,2025-07-21,Browse,2
5125,2025-07-15,Product View,3
5125,2025-07-20,Add to Cart,4
5126,2025-05-04,Landing,1
5127,2025-11-30,Landing,1
5127,2025-12-01,Browse,2
5127,2025-11-30,Product View,3
5127,2025-11-30,Add to Cart,4
5128,2025-10-07,Landing,1
5128,2025-10-01,Browse,2
5128,2025-09-28,Product View,3
5129,2025-06-11,Landing,1
5129,2025-06-17,Browse,2
5129,2025-06-18,Product View,3
5130,2025-04-20,Landing,1
5130,2025-04-23,Browse,2
5131,2025-11-24,Landing,1
5131,2025-11-24,Browse,2
5132,2025-03-23,Landing,1
5132,2025-03-24,Browse,2
5132,2025-03-15,Product View,3
5132,2025-03-19,Add to Cart,4
5132,2025-03-22,Checkout,5
5133,2025-04-18,Landing,1
5133,2025-04-13,Browse,2
5134,2025-12-22,Landing,1
5134,2025-12-19,Browse,2
5134,2025-12-19,Product View,3
5134,2025-12-21,Add to Cart,4
5134,2025-12-18,Checkout,5
5134,2025-12-14,Purchase,6
5134,2025-12-19,Signup,7
5135,2025-09-16,Landing,1
5136,2025-10-21,Landing,1
5137,2025-10-07,Landing,1
5137,2025-10-19,Browse,2
5137,2025-10-10,Product View,3
5137,2025-10-16,Add to Cart,4
5137,2025-10-15,Checkout,5
5138,2025-09-24,Landing,1
5139,2025-05-03,Landing,1
5139,2025-04-25,Browse,2
5139,2025-04-27,Product View,3
5140,2025-09-03,Landing,1
5140,2025-09-08,Browse,2
5140,2025-08-30,Product View,3
5141,2025-03-16,Landing,1
5141,2025-03-17,Browse,2
5142,2025-03-20,Landing,1
5142,2025-03-11,Browse,2
5143,2025-06-25,Landing,1
5143,2025-06-29,Browse,2
5144,2025-10-05,Landing,1
5144,2025-10-06,Browse,2
5144,2025-10-09,Product View,3
5145,2025-08-14,Landing,1
5146,2025-03-28,Landing,1
5146,2025-03-24,Browse,2
5146,2025-03-19,Product View,3
5146,2025-04-01,Add to Cart,4
5147,2025-11-30,Landing,1
5148,2025-06-28,Landing,1
5149,2025-06-17,Landing,1
5149,2025-06-16,Browse,2
5149,2025-06-22,Product View,3
5150,2025-06-15,Landing,1
5150,2025-06-05,Browse,2
5150,2025-06-10,Product View,3
5150,2025-06-05,Add to Cart,4
5150,2025-06-12,Checkout,5
5151,2025-11-20,Landing,1
5151,2025-11-22,Browse,2
5151,2025-11-29,Product View,3
5152,2025-12-15,Landing,1
5153,2025-06-26,Landing,1
5153,2025-06-27,Browse,2
5154,2025-10-26,Landing,1
5154,2025-11-04,Browse,2
5155,2025-09-27,Landing,1
5156,2025-10-16,Landing,1
5156,2025-10-17,Browse,2
5156,2025-10-23,Product View,3
5157,2025-06-04,Landing,1
5157,2025-05-26,Browse,2
5158,2025-07-20,Landing,1
5158,2025-07-19,Browse,2
5159,2025-11-05,Landing,1
5159,2025-11-07,Browse,2
5159,2025-11-11,Product View,3
5159,2025-11-15,Add to Cart,4
5160,2025-07-11,Landing,1
5160,2025-07-17,Browse,2
5160,2025-07-18,Product View,3
5161,2025-09-05,Landing,1
5161,2025-09-08,Browse,2
5162,2025-11-27,Landing,1
5162,2025-11-25,Browse,2
5162,2025-12-05,Product View,3
5162,2025-11-24,Add to Cart,4
5163,2025-03-08,Landing,1
5163,2025-03-12,Browse,2
5164,2025-10-23,Landing,1
5164,2025-10-17,Browse,2
5164,2025-10-24,Product View,3
5164,2025-10-30,Add to Cart,4
5165,2025-07-24,Landing,1
5166,2025-07-22,Landing,1
5167,2025-04-23,Landing,1
5167,2025-04-21,Browse,2
5167,2025-04-15,Product View,3
5167,2025-04-16,Add to Cart,4
5168,2025-05-31,Landing,1
5169,2025-05-14,Landing,1
5169,2025-05-11,Browse,2
5170,2025-10-22,Landing,1
5171,2025-10-07,Landing,1
5172,2025-12-24,Landing,1
5172,2025-12-25,Browse,2
5173,2025-06-18,Landing,1
5173,2025-06-09,Browse,2
5174,2025-06-10,Landing,1
5174,2025-06-15,Browse,2
5174,2025-06-09,Product View,3
5174,2025-06-09,Add to Cart,4
5174,2025-06-08,Checkout,5
5175,2025-08-18,Landing,1
5175,2025-08-21,Browse,2
5175,2025-08-10,Product View,3
5176,2025-04-19,Landing,1
5176,2025-04-24,Browse,2
5176,2025-04-24,Product View,3
5176,2025-04-19,Add to Cart,4
5177,2025-06-13,Landing,1
5177,2025-06-13,Browse,2
5178,2025-09-19,Landing,1
5179,2025-08-06,Landing,1
5179,2025-08-10,Browse,2
5180,2025-06-13,Landing,1
5180,2025-06-11,Browse,2
5180,2025-06-05,Product View,3
5180,2025-06-06,Add to Cart,4
5181,2025-11-18,Landing,1
5181,2025-11-09,Browse,2
5182,2025-07-05,Landing,1
5182,2025-07-10,Browse,2
5182,2025-06-29,Product View,3
5182,2025-07-09,Add to Cart,4
5182,2025-07-10,Checkout,5
5182,2025-07-02,Purchase,6
5182,2025-06-30,Signup,7
5183,2025-04-13,Landing,1
5183,2025-04-13,Browse,2
5183,2025-04-04,Product View,3
5184,2025-10-14,Landing,1
5184,2025-10-13,Browse,2
5185,2025-06-30,Landing,1
5185,2025-06-25,Browse,2
5186,2025-12-06,Landing,1
5186,2025-12-03,Browse,2
5186,2025-12-01,Product View,3
5186,2025-12-03,Add to Cart,4
5186,2025-12-08,Checkout,5
5187,2025-06-06,Landing,1
5187,2025-06-13,Browse,2
5187,2025-06-09,Product View,3
5187,2025-06-05,Add to Cart,4
5187,2025-06-10,Checkout,5
5187,2025-06-09,Purchase,6
5187,2025-06-07,Signup,7
5188,2025-09-29,Landing,1
5188,2025-10-04,Browse,2
5188,2025-10-09,Product View,3
5188,2025-09-29,Add to Cart,4
5188,2025-10-02,Checkout,5
5189,2025-03-17,Landing,1
5189,2025-03-05,Browse,2
5189,2025-03-06,Product View,3
5189,2025-03-10,Add to Cart,4
5189,2025-03-08,Checkout,5
5190,2025-07-27,Landing,1
5191,2025-06-18,Landing,1
5191,2025-06-29,Browse,2
5192,2025-10-07,Landing,1
5193,2025-11-21,Landing,1
5193,2025-11-24,Browse,2
5193,2025-11-28,Product View,3
5193,2025-12-01,Add to Cart,4
5193,2025-11-30,Checkout,5
5193,2025-11-25,Purchase,6
5193,2025-11-18,Signup,7
5194,2025-03-28,Landing,1
5194,2025-04-02,Browse,2
5194,2025-04-07,Product View,3
5194,2025-03-31,Add to Cart,4
5195,2025-11-14,Landing,1
5196,2025-07-02,Landing,1
5197,2025-08-18,Landing,1
5197,2025-08-18,Browse,2
5197,2025-08-14,Product View,3
5198,2025-09-08,Landing,1
5199,2025-05-16,Landing,1
5199,2025-05-04,Browse,2
5199,2025-05-10,Product View,3
5200,2025-07-27,Landing,1
5200,2025-07-29,Browse,2
5200,2025-07-24,Product View,3
5201,2025-12-13,Landing,1
5201,2025-12-19,Browse,2
5201,2025-12-14,Product View,3
5202,2025-12-17,Landing,1
5203,2025-12-28,Landing,1
5203,2025-12-17,Browse,2
5204,2025-10-13,Landing,1
5204,2025-10-04,Browse,2
5204,2025-10-07,Product View,3
5204,2025-10-14,Add to Cart,4
5204,2025-10-15,Checkout,5
5205,2025-11-05,Landing,1
5205,2025-11-06,Browse,2
5205,2025-11-08,Product View,3
5205,2025-11-07,Add to Cart,4
5206,2025-06-23,Landing,1
5207,2025-06-14,Landing,1
5208,2025-11-29,Landing,1
5208,2025-11-23,Browse,2
5209,2025-07-10,Landing,1
5210,2025-07-19,Landing,1
5211,2025-05-21,Landing,1
5211,2025-05-15,Browse,2
5211,2025-05-17,Product View,3
5211,2025-05-28,Add to Cart,4
5211,2025-05-15,Checkout,5
5212,2025-07-17,Landing,1
5212,2025-07-12,Browse,2
5213,2025-12-01,Landing,1
5213,2025-12-08,Browse,2
5213,2025-12-01,Product View,3
5213,2025-11-30,Add to Cart,4
5214,2025-04-09,Landing,1
5215,2025-11-22,Landing,1
5215,2025-12-04,Browse,2
5216,2025-11-13,Landing,1
5216,2025-11-12,Browse,2
5216,2025-11-10,Product View,3
5217,2025-04-10,Landing,1
5218,2025-05-16,Landing,1
5218,2025-05-24,Browse,2
5218,2025-05-17,Product View,3
5219,2025-10-21,Landing,1
5219,2025-10-31,Browse,2
5219,2025-10-28,Product View,3
5219,2025-10-28,Add to Cart,4
5220,2025-04-05,Landing,1
5220,2025-04-14,Browse,2
5220,2025-04-14,Product View,3
5220,2025-04-02,Add to Cart,4
5220,2025-04-02,Checkout,5
5220,2025-04-12,Purchase,6
5221,2025-09-12,Landing,1
5222,2025-04-25,Landing,1
5222,2025-05-02,Browse,2
5222,2025-05-07,Product View,3
5223,2025-11-24,Landing,1
5224,2025-10-13,Landing,1
5225,2025-03-12,Landing,1
5225,2025-03-20,Browse,2
5226,2025-09-10,Landing,1
5226,2025-09-07,Browse,2
5226,2025-08-31,Product View,3
5227,2025-11-01,Landing,1
5227,2025-10-24,Browse,2
5227,2025-10-23,Product View,3
5228,2025-04-22,Landing,1
5229,2025-11-20,Landing,1
5229,2025-11-09,Browse,2
5229,2025-11-17,Product View,3
5229,2025-11-12,Add to Cart,4
5229,2025-11-09,Checkout,5
5229,2025-11-10,Purchase,6
5230,2025-12-01,Landing,1
5230,2025-12-09,Browse,2
5231,2025-04-18,Landing,1
5231,2025-04-11,Browse,2
5232,2025-09-29,Landing,1
5233,2025-06-19,Landing,1
5234,2025-06-11,Landing,1
5235,2025-09-05,Landing,1
5235,2025-09-02,Browse,2
5235,2025-09-11,Product View,3
5235,2025-09-10,Add to Cart,4
5235,2025-09-05,Checkout,5
5236,2025-09-27,Landing,1
5236,2025-09-18,Browse,2
5236,2025-09-20,Product View,3
5236,2025-09-22,Add to Cart,4
5236,2025-09-22,Checkout,5
5236,2025-09-17,Purchase,6
5237,2025-08-27,Landing,1
5237,2025-08-24,Browse,2
5238,2025-09-10,Landing,1
5239,2025-08-07,Landing,1
5239,2025-08-05,Browse,2
5239,2025-08-08,Product View,3
5240,2025-07-27,Landing,1
5240,2025-08-03,Browse,2
5240,2025-08-01,Product View,3
5241,2025-05-06,Landing,1
5241,2025-04-24,Browse,2
5242,2025-12-12,Landing,1
5243,2025-05-18,Landing,1
5244,2025-11-09,Landing,1
5244,2025-11-03,Browse,2
5244,2025-11-14,Product View,3
5245,2025-03-28,Landing,1
5245,2025-03-27,Browse,2
5245,2025-03-25,Product View,3
5246,2025-05-24,Landing,1
5247,2025-03-17,Landing,1
5247,2025-03-15,Browse,2
5248,2025-10-29,Landing,1
5248,2025-11-04,Browse,2
5248,2025-11-05,Product View,3
5249,2025-05-24,Landing,1
5249,2025-05-24,Browse,2
5249,2025-05-22,Product View,3
5250,2025-12-28,Landing,1
5250,2025-12-18,Browse,2
5250,2025-12-28,Product View,3
5251,2025-08-16,Landing,1
5251,2025-08-18,Browse,2
5251,2025-08-08,Product View,3
5251,2025-08-08,Add to Cart,4
5251,2025-08-17,Checkout,5
5251,2025-08-14,Purchase,6
5251,2025-08-14,Signup,7
5252,2025-07-04,Landing,1
5252,2025-06-30,Browse,2
5252,2025-06-21,Product View,3
5252,2025-06-22,Add to Cart,4
5253,2025-03-21,Landing,1
5253,2025-03-21,Browse,2
5253,2025-03-21,Product View,3
5253,2025-03-31,Add to Cart,4
5254,2025-04-24,Landing,1
5254,2025-04-24,Browse,2
5254,2025-04-15,Product View,3
5254,2025-04-23,Add to Cart,4
5254,2025-04-27,Checkout,5
5255,2025-04-18,Landing,1
5256,2025-04-13,Landing,1
5256,2025-04-06,Browse,2
5256,2025-04-10,Product View,3
5257,2025-10-08,Landing,1
5257,2025-10-04,Browse,2
5257,2025-10-07,Product View,3
5258,2025-09-23,Landing,1
5258,2025-09-20,Browse,2
5258,2025-09-30,Product View,3
5259,2025-05-12,Landing,1
5259,2025-05-20,Browse,2
5259,2025-05-23,Product View,3
5259,2025-05-12,Add to Cart,4
5259,2025-05-21,Checkout,5
5259,2025-05-23,Purchase,6
5259,2025-05-16,Signup,7
5260,2025-03-15,Landing,1
5261,2025-08-09,Landing,1
5262,2025-04-29,Landing,1
5262,2025-04-26,Browse,2
5262,2025-04-24,Product View,3
5262,2025-04-19,Add to Cart,4
5263,2025-05-08,Landing,1
5264,2025-10-26,Landing,1
5264,2025-11-04,Browse,2
5264,2025-10-29,Product View,3
5264,2025-10-29,Add to Cart,4
5264,2025-10-31,Checkout,5
5265,2025-08-01,Landing,1
5265,2025-08-03,Browse,2
5265,2025-07-29,Product View,3
5265,2025-08-06,Add to Cart,4
5265,2025-07-26,Checkout,5
5266,2025-11-18,Landing,1
5267,2025-03-05,Landing,1
5267,2025-03-18,Browse,2
5267,2025-03-08,Product View,3
5268,2025-11-17,Landing,1
5268,2025-11-18,Browse,2
5269,2025-08-22,Landing,1
5269,2025-08-27,Browse,2
5269,2025-08-21,Product View,3
5269,2025-08-24,Add to Cart,4
5270,2025-08-09,Landing,1
5270,2025-08-12,Browse,2
5270,2025-08-14,Product View,3
5271,2025-06-13,Landing,1
5272,2025-09-07,Landing,1
5273,2025-05-28,Landing,1
5273,2025-06-04,Browse,2
5273,2025-06-01,Product View,3
5274,2025-09-22,Landing,1
5274,2025-09-30,Browse,2
5274,2025-09-29,Product View,3
5274,2025-09-24,Add to Cart,4
5274,2025-09-25,Checkout,5
5274,2025-09-23,Purchase,6
5274,2025-10-02,Signup,7
5275,2025-08-19,Landing,1
5276,2025-09-12,Landing,1
5277,2025-10-23,Landing,1
5278,2025-12-16,Landing,1
5278,2025-12-18,Browse,2
5279,2025-07-26,Landing,1
5280,2025-08-16,Landing,1
5280,2025-08-19,Browse,2
5280,2025-08-28,Product View,3
5281,2025-12-17,Landing,1
5281,2025-12-13,Browse,2
5281,2025-12-09,Product View,3
5281,2025-12-18,Add to Cart,4
5281,2025-12-21,Checkout,5
5281,2025-12-17,Purchase,6
5281,2025-12-11,Signup,7
5282,2025-03-08,Landing,1
5283,2025-07-12,Landing,1
5284,2025-05-12,Landing,1
5285,2025-10-05,Landing,1
5285,2025-09-29,Browse,2
5285,2025-09-26,Product View,3
5285,2025-10-07,Add to Cart,4
5286,2025-07-04,Landing,1
5286,2025-06-24,Browse,2
5286,2025-07-05,Product View,3
5286,2025-06-27,Add to Cart,4
5286,2025-06-23,Checkout,5
5287,2025-09-11,Landing,1
5287,2025-09-16,Browse,2
5287,2025-09-09,Product View,3
5288,2025-12-14,Landing,1
5289,2025-07-11,Landing,1
5289,2025-07-13,Browse,2
5289,2025-07-13,Product View,3
5290,2025-08-14,Landing,1
5291,2025-12-01,Landing,1
5291,2025-11-24,Browse,2
5291,2025-11-25,Product View,3
5291,2025-11-30,Add to Cart,4
5292,2025-04-23,Landing,1
5292,2025-04-18,Browse,2
5293,2025-09-17,Landing,1
5293,2025-09-21,Browse,2
5293,2025-09-18,Product View,3
5293,2025-09-08,Add to Cart,4
5294,2025-09-18,Landing,1
5294,2025-09-11,Browse,2
5295,2025-08-07,Landing,1
5296,2025-09-08,Landing,1
5297,2025-07-08,Landing,1
5297,2025-07-07,Browse,2
5297,2025-07-02,Product View,3
5297,2025-07-03,Add to Cart,4
5298,2025-11-17,Landing,1
5299,2025-06-01,Landing,1
5300,2025-03-31,Landing,1
5300,2025-03-21,Browse,2
5301,2025-12-15,Landing,1
5301,2025-12-14,Browse,2
5301,2025-12-17,Product View,3
5301,2025-12-24,Add to Cart,4
5301,2025-12-20,Checkout,5
5302,2025-04-12,Landing,1
5302,2025-04-12,Browse,2
5302,2025-04-20,Product View,3
5303,2025-07-05,Landing,1
5303,2025-06-30,Browse,2
5303,2025-07-11,Product View,3
5304,2025-08-09,Landing,1
5304,2025-08-10,Browse,2
5304,2025-08-05,Product View,3
5304,2025-08-07,Add to Cart,4
5305,2025-03-27,Landing,1
5305,2025-04-07,Browse,2
5306,2025-04-17,Landing,1
5306,2025-04-17,Browse,2
5306,2025-04-12,Product View,3
5306,2025-04-19,Add to Cart,4
5306,2025-04-17,Checkout,5
5307,2025-03-13,Landing,1
5308,2025-08-07,Landing,1
5309,2025-09-17,Landing,1
5309,2025-09-09,Browse,2
5310,2025-04-16,Landing,1
5311,2025-12-18,Landing,1
5312,2025-05-21,Landing,1
5313,2025-08-28,Landing,1
5313,2025-09-01,Browse,2
5313,2025-08-29,Product View,3
5313,2025-09-04,Add to Cart,4
5314,2025-03-26,Landing,1
5315,2025-04-07,Landing,1
5315,2025-04-15,Browse,2
5315,2025-04-08,Product View,3
5315,2025-04-20,Add to Cart,4
5315,2025-04-11,Checkout,5
5316,2025-07-03,Landing,1
5316,2025-07-08,Browse,2
5316,2025-07-07,Product View,3
5317,2025-05-01,Landing,1
5318,2025-04-09,Landing,1
5318,2025-04-06,Browse,2
5318,2025-04-03,Product View,3
5318,2025-03-31,Add to Cart,4
5319,2025-10-17,Landing,1
5319,2025-10-15,Browse,2
5320,2025-09-08,Landing,1
5320,2025-09-01,Browse,2
5320,2025-09-06,Product View,3
5320,2025-09-11,Add to Cart,4
5320,2025-09-10,Checkout,5
5321,2025-08-30,Landing,1
5322,2025-06-18,Landing,1
5322,2025-06-17,Browse,2
5323,2025-09-22,Landing,1
5323,2025-09-17,Browse,2
5323,2025-09-26,Product View,3
5324,2025-10-18,Landing,1
5324,2025-10-22,Browse,2
5324,2025-10-26,Product View,3
5325,2025-11-16,Landing,1
5325,2025-11-18,Browse,2
5325,2025-11-18,Product View,3
5325,2025-11-12,Add to Cart,4
5325,2025-11-14,Checkout,5
5325,2025-11-12,Purchase,6
5325,2025-11-18,Signup,7
5326,2025-03-20,Landing,1
5326,2025-03-20,Browse,2
5327,2025-04-28,Landing,1
5327,2025-04-27,Browse,2
5327,2025-04-29,Product View,3
5327,2025-05-01,Add to Cart,4
5328,2025-12-13,Landing,1
5328,2025-12-20,Browse,2
5328,2025-12-12,Product View,3
5328,2025-12-19,Add to Cart,4
5329,2025-03-27,Landing,1
5329,2025-04-01,Browse,2
5329,2025-04-06,Product View,3
5329,2025-04-04,Add to Cart,4
5330,2025-08-05,Landing,1
5330,2025-08-01,Browse,2
5330,2025-08-10,Product View,3
5330,2025-08-10,Add to Cart,4
5331,2025-09-27,Landing,1
5332,2025-10-01,Landing,1
5332,2025-10-02,Browse,2
5332,2025-10-02,Product View,3
5333,2025-08-06,Landing,1
5334,2025-11-22,Landing,1
5334,2025-11-23,Browse,2
5334,2025-11-19,Product View,3
5335,2025-05-23,Landing,1
5335,2025-05-25,Browse,2
5335,2025-05-27,Product View,3
5335,2025-05-28,Add to Cart,4
5336,2025-07-17,Landing,1
5336,2025-07-23,Browse,2
5336,2025-07-15,Product View,3
5337,2025-04-12,Landing,1
5337,2025-04-10,Browse,2
5337,2025-04-15,Product View,3
5337,2025-04-06,Add to Cart,4
5337,2025-04-10,Checkout,5
5338,2025-11-20,Landing,1
5338,2025-11-27,Browse,2
5339,2025-07-12,Landing,1
5339,2025-07-10,Browse,2
5340,2025-12-04,Landing,1
5340,2025-11-27,Browse,2
5340,2025-12-08,Product View,3
5340,2025-11-27,Add to Cart,4
5341,2025-08-12,Landing,1
5342,2025-08-13,Landing,1
5342,2025-08-07,Browse,2
5342,2025-08-12,Product View,3
5343,2025-06-03,Landing,1
5343,2025-06-03,Browse,2
5344,2025-04-24,Landing,1
5345,2025-08-29,Landing,1
5345,2025-09-05,Browse,2
5345,2025-09-01,Product View,3
5345,2025-08-29,Add to Cart,4
5346,2025-08-30,Landing,1
5346,2025-09-04,Browse,2
5347,2025-08-02,Landing,1
5347,2025-07-31,Browse,2
5347,2025-08-07,Product View,3
5348,2025-07-02,Landing,1
5348,2025-06-25,Browse,2
5348,2025-06-25,Product View,3
5348,2025-06-26,Add to Cart,4
5349,2025-09-13,Landing,1
5349,2025-09-16,Browse,2
5350,2025-06-23,Landing,1
5350,2025-06-11,Browse,2
5350,2025-06-10,Product View,3
5350,2025-06-22,Add to Cart,4
5350,2025-06-16,Checkout,5
5351,2025-08-29,Landing,1
5351,2025-08-26,Browse,2
5352,2025-09-23,Landing,1
5353,2025-07-24,Landing,1
5354,2025-12-25,Landing,1
5354,2025-12-22,Browse,2
5354,2025-12-17,Product View,3
5354,2025-12-22,Add to Cart,4
5354,2025-12-25,Checkout,5
5355,2025-05-02,Landing,1
5356,2025-12-23,Landing,1
5356,2025-12-21,Browse,2
5357,2025-09-23,Landing,1
5357,2025-09-22,Browse,2
5358,2025-06-27,Landing,1
5358,2025-06-17,Browse,2
5358,2025-06-24,Product View,3
5358,2025-06-28,Add to Cart,4
5359,2025-04-24,Landing,1
5360,2025-07-20,Landing,1
5360,2025-07-10,Browse,2
5361,2025-11-17,Landing,1
5362,2025-11-25,Landing,1
5362,2025-11-30,Browse,2
5362,2025-12-05,Product View,3
5363,2025-10-29,Landing,1
5363,2025-10-22,Browse,2
5363,2025-10-21,Product View,3
5363,2025-10-16,Add to Cart,4
5363,2025-10-28,Checkout,5
5363,2025-10-22,Purchase,6
5364,2025-04-28,Landing,1
5365,2025-08-21,Landing,1
5365,2025-08-30,Browse,2
5365,2025-08-19,Product View,3
5366,2025-11-12,Landing,1
5366,2025-11-01,Browse,2
5367,2025-06-30,Landing,1
5367,2025-06-20,Browse,2
5367,2025-06-29,Product View,3
5367,2025-06-24,Add to Cart,4
5367,2025-06-25,Checkout,5
5367,2025-06-22,Purchase,6
5367,2025-06-25,Signup,7
5368,2025-12-03,Landing,1
5369,2025-08-28,Landing,1
5369,2025-08-31,Browse,2
5369,2025-08-30,Product View,3
5370,2025-11-26,Landing,1
5370,2025-11-19,Browse,2
5371,2025-06-28,Landing,1
5372,2025-06-05,Landing,1
5372,2025-06-07,Browse,2
5372,2025-06-08,Product View,3
5373,2025-06-19,Landing,1
5373,2025-06-19,Browse,2
5373,2025-06-29,Product View,3
5373,2025-06-23,Add to Cart,4
5374,2025-11-04,Landing,1
5374,2025-11-03,Browse,2
5375,2025-03-27,Landing,1
5376,2025-05-30,Landing,1
5376,2025-05-28,Browse,2
5376,2025-05-22,Product View,3
5376,2025-06-02,Add to Cart,4
5376,2025-05-29,Checkout,5
5377,2025-03-08,Landing,1
5378,2025-12-10,Landing,1
5378,2025-12-02,Browse,2
5378,2025-12-02,Product View,3
5379,2025-08-28,Landing,1
5379,2025-08-24,Browse,2
5379,2025-08-23,Product View,3
5380,2025-08-31,Landing,1
5381,2025-12-13,Landing,1
5381,2025-12-22,Browse,2
5381,2025-12-15,Product View,3
5381,2025-12-12,Add to Cart,4
5381,2025-12-11,Checkout,5
5382,2025-10-24,Landing,1
5382,2025-10-23,Browse,2
5382,2025-10-26,Product View,3
5383,2025-03-27,Landing,1
5384,2025-03-11,Landing,1
5384,2025-03-09,Browse,2
5384,2025-03-17,Product View,3
5384,2025-03-09,Add to Cart,4
5384,2025-03-18,Checkout,5
5385,2025-10-31,Landing,1
5385,2025-11-03,Browse,2
5386,2025-12-25,Landing,1
5387,2025-04-12,Landing,1
5387,2025-04-10,Browse,2
5387,2025-04-12,Product View,3
5387,2025-04-11,Add to Cart,4
5387,2025-04-05,Checkout,5
5387,2025-04-09,Purchase,6
5387,2025-04-10,Signup,7
5388,2025-09-06,Landing,1
5388,2025-09-15,Browse,2
5389,2025-06-29,Landing,1
5389,2025-07-04,Browse,2
5390,2025-10-18,Landing,1
5391,2025-11-16,Landing,1
5391,2025-11-22,Browse,2
5391,2025-11-20,Product View,3
5391,2025-11-25,Add to Cart,4
5392,2025-06-04,Landing,1
5392,2025-06-08,Browse,2
5392,2025-06-08,Product View,3
5392,2025-05-27,Add to Cart,4
5393,2025-09-14,Landing,1
5393,2025-09-09,Browse,2
5393,2025-09-16,Product View,3
5394,2025-06-12,Landing,1
5394,2025-06-12,Browse,2
5395,2025-11-07,Landing,1
5395,2025-11-07,Browse,2
5396,2025-07-28,Landing,1
5396,2025-08-06,Browse,2
5396,2025-07-24,Product View,3
5397,2025-09-30,Landing,1
5397,2025-09-27,Browse,2
5397,2025-10-01,Product View,3
5397,2025-09-28,Add to Cart,4
5397,2025-09-24,Checkout,5
5397,2025-09-23,Purchase,6
5397,2025-09-21,Signup,7
5398,2025-03-23,Landing,1
5398,2025-03-31,Browse,2
5398,2025-03-24,Product View,3
5398,2025-03-26,Add to Cart,4
5398,2025-03-29,Checkout,5
5398,2025-04-01,Purchase,6
5398,2025-03-29,Signup,7
5399,2025-10-31,Landing,1
5399,2025-10-30,Browse,2
5399,2025-10-29,Product View,3
5399,2025-10-27,Add to Cart,4
5400,2025-08-14,Landing,1
5400,2025-08-13,Browse,2
5401,2025-05-21,Landing,1
5401,2025-05-18,Browse,2
5402,2025-11-04,Landing,1
5402,2025-11-13,Browse,2
5402,2025-11-11,Product View,3
5402,2025-11-10,Add to Cart,4
5403,2025-11-02,Landing,1
5403,2025-11-10,Browse,2
5403,2025-11-04,Product View,3
5403,2025-11-06,Add to Cart,4
5403,2025-10-28,Checkout,5
5404,2025-11-05,Landing,1
5404,2025-10-30,Browse,2
5405,2025-07-13,Landing,1
5406,2025-06-02,Landing,1
5406,2025-06-05,Browse,2
5406,2025-06-10,Product View,3
5406,2025-06-10,Add to Cart,4
5406,2025-05-29,Checkout,5
5407,2025-12-05,Landing,1
5407,2025-12-12,Browse,2
5407,2025-12-11,Product View,3
5407,2025-12-14,Add to Cart,4
5408,2025-11-08,Landing,1
5408,2025-11-09,Browse,2
5408,2025-11-11,Product View,3
5408,2025-11-16,Add to Cart,4
5408,2025-11-15,Checkout,5
5409,2025-04-21,Landing,1
5410,2025-04-16,Landing,1
5410,2025-04-16,Browse,2
5410,2025-04-19,Product View,3
5411,2025-03-19,Landing,1
5412,2025-11-13,Landing,1
5413,2025-10-09,Landing,1
5413,2025-10-14,Browse,2
5413,2025-10-09,Product View,3
5413,2025-10-06,Add to Cart,4
5413,2025-10-04,Checkout,5
5414,2025-11-13,Landing,1
5414,2025-11-06,Browse,2
5415,2025-08-20,Landing,1
5415,2025-08-13,Browse,2
5415,2025-08-22,Product View,3
5415,2025-08-17,Add to Cart,4
5416,2025-07-13,Landing,1
5416,2025-07-17,Browse,2
5416,2025-07-18,Product View,3
5416,2025-07-17,Add to Cart,4
5416,2025-07-12,Checkout,5
5416,2025-07-24,Purchase,6
5416,2025-07-20,Signup,7
5417,2025-10-01,Landing,1
5417,2025-10-05,Browse,2
5417,2025-10-02,Product View,3
5417,2025-09-27,Add to Cart,4
5417,2025-09-23,Checkout,5
5417,2025-09-28,Purchase,6
5418,2025-06-11,Landing,1
5419,2025-10-07,Landing,1
5419,2025-10-08,Browse,2
5420,2025-06-09,Landing,1
5420,2025-06-06,Browse,2
5420,2025-06-12,Product View,3
5420,2025-06-15,Add to Cart,4
5421,2025-10-01,Landing,1
5421,2025-10-01,Browse,2
5422,2025-08-13,Landing,1
5423,2025-03-31,Landing,1
5423,2025-04-01,Browse,2
5423,2025-04-06,Product View,3
5424,2025-06-18,Landing,1
5424,2025-06-13,Browse,2
5424,2025-06-16,Product View,3
5424,2025-06-24,Add to Cart,4
5424,2025-06-22,Checkout,5
5424,2025-06-21,Purchase,6
5424,2025-06-12,Signup,7
5425,2025-08-24,Landing,1
5425,2025-08-24,Browse,2
5425,2025-08-28,Product View,3
5425,2025-08-20,Add to Cart,4
5425,2025-08-25,Checkout,5
5425,2025-08-26,Purchase,6
5426,2025-07-23,Landing,1
5427,2025-10-14,Landing,1
5427,2025-10-03,Browse,2
5427,2025-10-01,Product View,3
5428,2025-11-17,Landing,1
5428,2025-11-12,Browse,2
5428,2025-11-19,Product View,3
5428,2025-11-23,Add to Cart,4
5429,2025-04-14,Landing,1
5430,2025-07-28,Landing,1
5430,2025-07-31,Browse,2
5431,2025-11-06,Landing,1
5431,2025-10-29,Browse,2
5432,2025-06-13,Landing,1
5432,2025-06-06,Browse,2
5432,2025-06-12,Product View,3
5432,2025-06-12,Add to Cart,4
5432,2025-06-10,Checkout,5
5432,2025-06-18,Purchase,6
5432,2025-06-17,Signup,7
5433,2025-09-26,Landing,1
5433,2025-09-18,Browse,2
5433,2025-09-29,Product View,3
5433,2025-09-26,Add to Cart,4
5433,2025-09-26,Checkout,5
5433,2025-09-17,Purchase,6
5433,2025-09-23,Signup,7
5434,2025-10-30,Landing,1
5435,2025-10-18,Landing,1
5435,2025-10-17,Browse,2
5435,2025-10-14,Product View,3
5436,2025-09-20,Landing,1
5436,2025-09-23,Browse,2
5436,2025-09-18,Product View,3
5437,2025-12-15,Landing,1
5437,2025-12-12,Browse,2
5437,2025-12-05,Product View,3
5438,2025-09-15,Landing,1
5438,2025-09-19,Browse,2
5438,2025-09-28,Product View,3
5438,2025-09-16,Add to Cart,4
5438,2025-09-17,Checkout,5
5438,2025-09-27,Purchase,6
5438,2025-09-28,Signup,7
5439,2025-11-29,Landing,1
5439,2025-11-29,Browse,2
5439,2025-12-03,Product View,3
5439,2025-12-01,Add to Cart,4
5439,2025-11-30,Checkout,5
5439,2025-11-28,Purchase,6
5439,2025-12-01,Signup,7
5440,2025-07-18,Landing,1
5440,2025-07-27,Browse,2
5441,2025-04-07,Landing,1
5442,2025-03-20,Landing,1
5443,2025-08-17,Landing,1
5444,2025-09-06,Landing,1
5444,2025-09-16,Browse,2
5444,2025-09-09,Product View,3
5445,2025-09-21,Landing,1
5445,2025-09-28,Browse,2
5446,2025-04-01,Landing,1
5447,2025-12-14,Landing,1
5447,2025-12-20,Browse,2
5447,2025-12-13,Product View,3
5448,2025-12-14,Landing,1
5448,2025-12-05,Browse,2
5448,2025-12-13,Product View,3
5448,2025-12-01,Add to Cart,4
5448,2025-12-11,Checkout,5
5448,2025-12-03,Purchase,6
5449,2025-07-05,Landing,1
5449,2025-07-07,Browse,2
5449,2025-07-08,Product View,3
5449,2025-07-01,Add to Cart,4
5449,2025-06-28,Checkout,5
5449,2025-07-03,Purchase,6
5449,2025-07-05,Signup,7
5450,2025-08-09,Landing,1
5450,2025-08-04,Browse,2
5451,2025-08-24,Landing,1
5452,2025-08-26,Landing,1
5452,2025-09-07,Browse,2
5452,2025-09-03,Product View,3
5452,2025-08-26,Add to Cart,4
5452,2025-09-03,Checkout,5
5452,2025-09-03,Purchase,6
5452,2025-09-01,Signup,7
5453,2025-10-19,Landing,1
5453,2025-10-30,Browse,2
5453,2025-10-20,Product View,3
5453,2025-10-27,Add to Cart,4
5454,2025-11-06,Landing,1
5454,2025-11-06,Browse,2
5455,2025-08-05,Landing,1
5455,2025-08-08,Browse,2
5456,2025-04-18,Landing,1
5457,2025-11-05,Landing,1
5457,2025-11-16,Browse,2
5458,2025-07-20,Landing,1
5459,2025-03-17,Landing,1
5460,2025-05-27,Landing,1
5460,2025-05-17,Browse,2
5460,2025-05-24,Product View,3
5461,2025-06-08,Landing,1
5461,2025-06-07,Browse,2
5461,2025-06-17,Product View,3
5461,2025-06-15,Add to Cart,4
5461,2025-06-11,Checkout,5
5461,2025-06-19,Purchase,6
5461,2025-06-10,Signup,7
5462,2025-08-03,Landing,1
5463,2025-04-17,Landing,1
5463,2025-04-06,Browse,2
5463,2025-04-11,Product View,3
5464,2025-11-22,Landing,1
5464,2025-11-24,Browse,2
5464,2025-11-17,Product View,3
5464,2025-11-28,Add to Cart,4
5464,2025-11-18,Checkout,5
5464,2025-11-27,Purchase,6
5465,2025-03-16,Landing,1
5466,2025-07-14,Landing,1
5466,2025-07-14,Browse,2
5467,2025-05-31,Landing,1
5467,2025-06-04,Browse,2
5467,2025-05-25,Product View,3
5467,2025-05-25,Add to Cart,4
5468,2025-11-23,Landing,1
5469,2025-07-15,Landing,1
5469,2025-07-24,Browse,2
5469,2025-07-20,Product View,3
5469,2025-07-19,Add to Cart,4
5469,2025-07-22,Checkout,5
5470,2025-04-01,Landing,1
5471,2025-12-05,Landing,1
5471,2025-12-11,Browse,2
5472,2025-09-04,Landing,1
5473,2025-03-10,Landing,1
5473,2025-03-22,Browse,2
5474,2025-10-31,Landing,1
5475,2025-05-10,Landing,1
5475,2025-05-17,Browse,2
5475,2025-05-16,Product View,3
5476,2025-05-12,Landing,1
5477,2025-06-16,Landing,1
5477,2025-06-27,Browse,2
5478,2025-10-04,Landing,1
5479,2025-08-18,Landing,1
5479,2025-08-09,Browse,2
5479,2025-08-21,Product View,3
5479,2025-08-20,Add to Cart,4
5480,2025-12-19,Landing,1
5481,2025-05-14,Landing,1
5481,2025-05-19,Browse,2
5481,2025-05-26,Product View,3
5481,2025-05-21,Add to Cart,4
5481,2025-05-24,Checkout,5
5481,2025-05-27,Purchase,6
5481,2025-05-16,Signup,7
5482,2025-12-01,Landing,1
5482,2025-12-14,Browse,2
5483,2025-05-12,Landing,1
5483,2025-05-11,Browse,2
5483,2025-05-15,Product View,3
5483,2025-05-04,Add to Cart,4
5484,2025-03-11,Landing,1
5484,2025-03-17,Browse,2
5484,2025-03-06,Product View,3
5484,2025-03-08,Add to Cart,4
5484,2025-03-17,Checkout,5
5485,2025-08-05,Landing,1
5485,2025-08-07,Browse,2
5486,2025-06-04,Landing,1
5487,2025-05-16,Landing,1
5487,2025-05-26,Browse,2
5487,2025-05-19,Product View,3
5487,2025-05-28,Add to Cart,4
5487,2025-05-17,Checkout,5
5488,2025-05-29,Landing,1
5489,2025-10-18,Landing,1
5490,2025-11-03,Landing,1
5490,2025-11-02,Browse,2
5491,2025-03-20,Landing,1
5491,2025-03-24,Browse,2
5491,2025-03-21,Product View,3
5491,2025-03-22,Add to Cart,4
5491,2025-03-23,Checkout,5
5492,2025-03-13,Landing,1
5492,2025-03-06,Browse,2
5493,2025-03-11,Landing,1
5494,2025-07-31,Landing,1
5494,2025-08-08,Browse,2
5495,2025-05-13,Landing,1
5495,2025-05-19,Browse,2
5495,2025-05-14,Product View,3
5495,2025-05-20,Add to Cart,4
5495,2025-05-14,Checkout,5
5496,2025-03-29,Landing,1
5497,2025-05-11,Landing,1
5497,2025-05-23,Browse,2
5497,2025-05-12,Product View,3
5497,2025-05-18,Add to Cart,4
5497,2025-05-24,Checkout,5
5498,2025-03-25,Landing,1
5498,2025-03-29,Browse,2
5499,2025-12-15,Landing,1
5500,2025-10-30,Landing,1
5500,2025-11-08,Browse,2
5500,2025-10-30,Product View,3
5501,2025-05-09,Landing,1
5501,2025-05-15,Browse,2
5501,2025-05-09,Product View,3
5502,2025-09-08,Landing,1
5502,2025-09-13,Browse,2
5503,2025-08-29,Landing,1
5503,2025-08-26,Browse,2
5503,2025-08-27,Product View,3
5504,2025-09-20,Landing,1
5504,2025-09-26,Browse,2
5504,2025-09-19,Product View,3
5505,2025-11-22,Landing,1
5505,2025-11-26,Browse,2
5506,2025-07-22,Landing,1
5506,2025-07-26,Browse,2
5507,2025-06-02,Landing,1
5507,2025-05-29,Browse,2
5507,2025-06-03,Product View,3
5508,2025-04-15,Landing,1
5509,2025-08-02,Landing,1
5509,2025-08-04,Browse,2
5510,2025-07-04,Landing,1
5510,2025-06-29,Browse,2
5510,2025-06-28,Product View,3
5510,2025-07-04,Add to Cart,4
5511,2025-09-19,Landing,1
5511,2025-09-21,Browse,2
5511,2025-09-22,Product View,3
5511,2025-09-21,Add to Cart,4
5511,2025-09-20,Checkout,5
5511,2025-09-11,Purchase,6
5511,2025-09-23,Signup,7
5512,2025-04-29,Landing,1
5512,2025-05-12,Browse,2
5512,2025-05-04,Product View,3
5512,2025-05-10,Add to Cart,4
5512,2025-05-05,Checkout,5
5513,2025-04-24,Landing,1
5514,2025-05-02,Landing,1
5514,2025-04-27,Browse,2
5515,2025-04-09,Landing,1
5516,2025-07-25,Landing,1
5516,2025-08-05,Browse,2
5516,2025-08-03,Product View,3
5516,2025-07-26,Add to Cart,4
5517,2025-05-09,Landing,1
5518,2025-09-14,Landing,1
5518,2025-09-22,Browse,2
5518,2025-09-20,Product View,3
5518,2025-09-21,Add to Cart,4
5518,2025-09-23,Checkout,5
5518,2025-09-15,Purchase,6
5518,2025-09-14,Signup,7
5519,2025-07-05,Landing,1
5520,2025-10-16,Landing,1
5520,2025-10-22,Browse,2
5520,2025-10-27,Product View,3
5520,2025-10-22,Add to Cart,4
5520,2025-10-16,Checkout,5
5521,2025-06-03,Landing,1
5521,2025-05-24,Browse,2
5521,2025-05-26,Product View,3
5521,2025-06-01,Add to Cart,4
5521,2025-05-22,Checkout,5
5521,2025-05-23,Purchase,6
5521,2025-05-25,Signup,7
5522,2025-08-02,Landing,1
5522,2025-08-13,Browse,2
5522,2025-08-04,Product View,3
5522,2025-08-09,Add to Cart,4
5523,2025-12-05,Landing,1
5523,2025-12-08,Browse,2
5524,2025-06-15,Landing,1
5524,2025-06-19,Browse,2
5525,2025-04-24,Landing,1
5525,2025-04-30,Browse,2
5526,2025-11-01,Landing,1
5526,2025-10-29,Browse,2
5527,2025-12-01,Landing,1
5527,2025-11-29,Browse,2
5528,2025-03-26,Landing,1
5529,2025-10-12,Landing,1
5530,2025-03-25,Landing,1
5531,2025-05-24,Landing,1
5532,2025-10-02,Landing,1
5532,2025-09-29,Browse,2
5533,2025-09-02,Landing,1
5533,2025-09-04,Browse,2
5533,2025-09-05,Product View,3
5533,2025-09-05,Add to Cart,4
5533,2025-08-30,Checkout,5
5533,2025-08-27,Purchase,6
5533,2025-08-24,Signup,7
5534,2025-08-19,Landing,1
5534,2025-08-13,Browse,2
5535,2025-09-07,Landing,1
5536,2025-09-10,Landing,1
5537,2025-03-31,Landing,1
5537,2025-03-22,Browse,2
5538,2025-09-22,Landing,1
5539,2025-05-09,Landing,1
5539,2025-05-09,Browse,2
5539,2025-05-20,Product View,3
5539,2025-05-09,Add to Cart,4
5539,2025-05-20,Checkout,5
5540,2025-05-05,Landing,1
5540,2025-05-07,Browse,2
5540,2025-05-02,Product View,3
5541,2025-10-22,Landing,1
5541,2025-10-29,Browse,2
5542,2025-04-18,Landing,1
5542,2025-04-17,Browse,2
5543,2025-04-08,Landing,1
5543,2025-04-11,Browse,2
5543,2025-03-30,Product View,3
5543,2025-04-07,Add to Cart,4
5543,2025-04-03,Checkout,5
5543,2025-03-29,Purchase,6
5543,2025-04-01,Signup,7
5544,2025-08-18,Landing,1
5544,2025-08-07,Browse,2
5545,2025-06-02,Landing,1
5545,2025-06-02,Browse,2
5546,2025-11-01,Landing,1
5546,2025-11-04,Browse,2
5547,2025-11-18,Landing,1
5547,2025-11-20,Browse,2
5547,2025-11-21,Product View,3
5548,2025-08-09,Landing,1
5548,2025-08-13,Browse,2
5548,2025-08-12,Product View,3
5549,2025-11-29,Landing,1
5549,2025-12-02,Browse,2
5549,2025-11-27,Product View,3
5549,2025-12-02,Add to Cart,4
5549,2025-12-01,Checkout,5
5549,2025-12-09,Purchase,6
5549,2025-12-08,Signup,7
5550,2025-09-25,Landing,1
5550,2025-10-04,Browse,2
5551,2025-09-06,Landing,1
5551,2025-09-13,Browse,2
5552,2025-06-14,Landing,1
5552,2025-06-20,Browse,2
5552,2025-06-21,Product View,3
5552,2025-06-18,Add to Cart,4
5553,2025-07-04,Landing,1
5553,2025-06-28,Browse,2
5553,2025-07-01,Product View,3
5553,2025-06-21,Add to Cart,4
5553,2025-06-27,Checkout,5
5553,2025-06-28,Purchase,6
5553,2025-07-04,Signup,7
5554,2025-11-06,Landing,1
5554,2025-11-08,Browse,2
5555,2025-10-31,Landing,1
5555,2025-11-07,Browse,2
5556,2025-10-26,Landing,1
5557,2025-12-20,Landing,1
5558,2025-10-02,Landing,1
5559,2025-11-05,Landing,1
5560,2025-05-11,Landing,1
5561,2025-05-18,Landing,1
5562,2025-09-06,Landing,1
5562,2025-09-16,Browse,2
5562,2025-09-12,Product View,3
5563,2025-10-01,Landing,1
5563,2025-10-10,Browse,2
5564,2025-11-09,Landing,1
5564,2025-11-01,Browse,2
5564,2025-11-08,Product View,3
5564,2025-11-05,Add to Cart,4
5564,2025-11-07,Checkout,5
5564,2025-11-05,Purchase,6
5565,2025-06-08,Landing,1
5565,2025-06-11,Browse,2
5565,2025-06-07,Product View,3
5565,2025-05-31,Add to Cart,4
5565,2025-06-12,Checkout,5
5565,2025-06-10,Purchase,6
5566,2025-10-15,Landing,1
5567,2025-11-22,Landing,1
5568,2025-05-24,Landing,1
5568,2025-05-27,Browse,2
5569,2025-04-29,Landing,1
5569,2025-05-11,Browse,2
5570,2025-08-20,Landing,1
5570,2025-08-24,Browse,2
5570,2025-08-19,Product View,3
5570,2025-08-23,Add to Cart,4
5571,2025-09-10,Landing,1
5571,2025-09-10,Browse,2
5571,2025-09-18,Product View,3
5571,2025-09-20,Add to Cart,4
5572,2025-11-01,Landing,1
5572,2025-10-30,Browse,2
5572,2025-11-08,Product View,3
5573,2025-09-19,Landing,1
5573,2025-09-13,Browse,2
5573,2025-09-14,Product View,3
5573,2025-09-21,Add to Cart,4
5573,2025-09-13,Checkout,5
5574,2025-08-01,Landing,1
5575,2025-04-18,Landing,1
5575,2025-04-05,Browse,2
5575,2025-04-08,Product View,3
5576,2025-12-05,Landing,1
5576,2025-12-03,Browse,2
5576,2025-11-28,Product View,3
5577,2025-03-26,Landing,1
5577,2025-03-27,Browse,2
5578,2025-09-19,Landing,1
5578,2025-09-07,Browse,2
5579,2025-06-22,Landing,1
5580,2025-08-07,Landing,1
5581,2025-06-08,Landing,1
5581,2025-06-08,Browse,2
5581,2025-06-10,Product View,3
5581,2025-06-10,Add to Cart,4
5581,2025-05-29,Checkout,5
5581,2025-05-30,Purchase,6
5581,2025-06-06,Signup,7
5582,2025-06-21,Landing,1
5582,2025-06-23,Browse,2
5583,2025-12-01,Landing,1
5583,2025-12-03,Browse,2
5583,2025-11-30,Product View,3
5583,2025-12-13,Add to Cart,4
5583,2025-12-03,Checkout,5
5584,2025-06-17,Landing,1
5584,2025-06-23,Browse,2
5585,2025-06-14,Landing,1
5585,2025-06-12,Browse,2
5585,2025-06-24,Product View,3
5586,2025-09-15,Landing,1
5586,2025-09-13,Browse,2
5587,2025-08-11,Landing,1
5588,2025-10-04,Landing,1
5589,2025-09-25,Landing,1
5589,2025-10-02,Browse,2
5589,2025-09-23,Product View,3
5590,2025-04-21,Landing,1
5590,2025-04-24,Browse,2
5590,2025-04-23,Product View,3
5590,2025-04-25,Add to Cart,4
5590,2025-04-25,Checkout,5
5591,2025-05-09,Landing,1
5591,2025-05-06,Browse,2
5591,2025-05-14,Product View,3
5591,2025-05-10,Add to Cart,4
5591,2025-05-05,Checkout,5
5592,2025-05-29,Landing,1
5592,2025-06-05,Browse,2
5592,2025-06-04,Product View,3
5592,2025-06-08,Add to Cart,4
5592,2025-06-09,Checkout,5
5593,2025-12-19,Landing,1
5594,2025-03-13,Landing,1
5594,2025-03-24,Browse,2
5594,2025-03-21,Product View,3
5595,2025-11-28,Landing,1
5596,2025-04-25,Landing,1
5597,2025-07-01,Landing,1
5597,2025-06-30,Browse,2
5597,2025-07-10,Product View,3
5597,2025-06-27,Add to Cart,4
5597,2025-06-30,Checkout,5
5598,2025-04-17,Landing,1
5598,2025-04-23,Browse,2
5598,2025-04-14,Product View,3
5599,2025-06-25,Landing,1
5599,2025-06-23,Browse,2
5599,2025-06-25,Product View,3
5600,2025-11-18,Landing,1
5600,2025-11-12,Browse,2
5601,2025-06-16,Landing,1
5601,2025-06-08,Browse,2
5601,2025-06-05,Product View,3
5602,2025-12-09,Landing,1
5602,2025-12-18,Browse,2
5603,2025-08-08,Landing,1
5603,2025-08-12,Browse,2
5603,2025-08-15,Product View,3
5604,2025-06-08,Landing,1
5605,2025-05-01,Landing,1
5605,2025-05-01,Browse,2
5605,2025-04-22,Product View,3
5605,2025-04-30,Add to Cart,4
5605,2025-04-23,Checkout,5
5605,2025-04-27,Purchase,6
5606,2025-03-23,Landing,1
5606,2025-03-20,Browse,2
5606,2025-03-23,Product View,3
5607,2025-09-15,Landing,1
5608,2025-11-02,Landing,1
5608,2025-10-31,Browse,2
5609,2025-05-05,Landing,1
5609,2025-05-03,Browse,2
5609,2025-05-07,Product View,3
5609,2025-05-02,Add to Cart,4
5610,2025-09-07,Landing,1
5610,2025-09-05,Browse,2
5611,2025-10-30,Landing,1
5611,2025-11-01,Browse,2
5611,2025-10-23,Product View,3
5611,2025-10-25,Add to Cart,4
5612,2025-11-09,Landing,1
5612,2025-11-07,Browse,2
5612,2025-11-08,Product View,3
5612,2025-11-15,Add to Cart,4
5613,2025-09-17,Landing,1
5614,2025-11-07,Landing,1
5615,2025-09-23,Landing,1
5615,2025-09-26,Browse,2
5615,2025-09-28,Product View,3
5615,2025-09-18,Add to Cart,4
5615,2025-10-01,Checkout,5
5615,2025-09-30,Purchase,6
5615,2025-09-21,Signup,7
5616,2025-12-22,Landing,1
5616,2025-12-11,Browse,2
5616,2025-12-18,Product View,3
5616,2025-12-21,Add to Cart,4
5616,2025-12-18,Checkout,5
5616,2025-12-13,Purchase,6
5617,2025-10-07,Landing,1
5617,2025-10-09,Browse,2
5617,2025-09-30,Product View,3
5618,2025-07-20,Landing,1
5618,2025-07-11,Browse,2
5618,2025-07-13,Product View,3
5618,2025-07-19,Add to Cart,4
5618,2025-07-17,Checkout,5
5618,2025-07-15,Purchase,6
5618,2025-07-20,Signup,7
5619,2025-11-13,Landing,1
5619,2025-11-09,Browse,2
5619,2025-11-05,Product View,3
5619,2025-11-06,Add to Cart,4
5620,2025-07-31,Landing,1
5620,2025-08-05,Browse,2
5620,2025-08-04,Product View,3
5621,2025-04-07,Landing,1
5621,2025-03-31,Browse,2
5621,2025-03-25,Product View,3
5621,2025-03-25,Add to Cart,4
5622,2025-10-17,Landing,1
5622,2025-10-10,Browse,2
5623,2025-06-08,Landing,1
5623,2025-06-07,Browse,2
5623,2025-05-31,Product View,3
5623,2025-06-01,Add to Cart,4
5623,2025-06-04,Checkout,5
5623,2025-05-28,Purchase,6
5624,2025-06-07,Landing,1
5624,2025-06-07,Browse,2
5624,2025-06-11,Product View,3
5624,2025-06-06,Add to Cart,4
5625,2025-08-03,Landing,1
5625,2025-07-26,Browse,2
5625,2025-08-07,Product View,3
5626,2025-11-27,Landing,1
5626,2025-12-03,Browse,2
5626,2025-11-27,Product View,3
5626,2025-11-25,Add to Cart,4
5626,2025-11-24,Checkout,5
5626,2025-11-24,Purchase,6
5626,2025-11-30,Signup,7
5627,2025-10-08,Landing,1
5628,2025-08-30,Landing,1
5628,2025-08-25,Browse,2
5628,2025-09-06,Product View,3
5629,2025-06-07,Landing,1
5630,2025-04-02,Landing,1
5630,2025-04-01,Browse,2
5630,2025-04-08,Product View,3
5631,2025-11-28,Landing,1
5631,2025-11-19,Browse,2
5631,2025-11-23,Product View,3
5631,2025-11-18,Add to Cart,4
5631,2025-11-27,Checkout,5
5631,2025-11-27,Purchase,6
5631,2025-11-23,Signup,7
5632,2025-09-25,Landing,1
5632,2025-09-26,Browse,2
5632,2025-09-17,Product View,3
5632,2025-09-14,Add to Cart,4
5633,2025-06-01,Landing,1
5634,2025-08-02,Landing,1
5635,2025-10-30,Landing,1
5636,2025-04-21,Landing,1
5637,2025-08-06,Landing,1
5637,2025-08-14,Browse,2
5638,2025-09-29,Landing,1
5638,2025-10-06,Browse,2
5639,2025-10-30,Landing,1
5639,2025-11-10,Browse,2
5640,2025-08-01,Landing,1
5641,2025-04-12,Landing,1
5641,2025-04-03,Browse,2
5642,2025-06-08,Landing,1
5643,2025-04-15,Landing,1
5643,2025-04-14,Browse,2
5644,2025-03-19,Landing,1
5644,2025-03-25,Browse,2
5644,2025-03-22,Product View,3
5644,2025-03-14,Add to Cart,4
5645,2025-05-21,Landing,1
5646,2025-07-26,Landing,1
5646,2025-07-21,Browse,2
5647,2025-07-15,Landing,1
5647,2025-07-16,Browse,2
5647,2025-07-17,Product View,3
5647,2025-07-23,Add to Cart,4
5648,2025-05-10,Landing,1
5649,2025-10-17,Landing,1
5649,2025-10-09,Browse,2
5649,2025-10-19,Product View,3
5649,2025-10-11,Add to Cart,4
5650,2025-05-05,Landing,1
5650,2025-05-13,Browse,2
5650,2025-05-04,Product View,3
5650,2025-05-13,Add to Cart,4
5651,2025-09-26,Landing,1
5652,2025-03-19,Landing,1
5652,2025-03-30,Browse,2
5652,2025-03-18,Product View,3
5652,2025-03-19,Add to Cart,4
5652,2025-03-28,Checkout,5
5653,2025-04-15,Landing,1
5654,2025-08-25,Landing,1
5654,2025-08-30,Browse,2
5654,2025-09-02,Product View,3
5655,2025-05-08,Landing,1
5655,2025-05-02,Browse,2
5656,2025-04-01,Landing,1
5656,2025-04-10,Browse,2
5656,2025-04-02,Product View,3
5657,2025-09-22,Landing,1
5658,2025-05-08,Landing,1
5659,2025-06-07,Landing,1
5659,2025-06-01,Browse,2
5659,2025-05-30,Product View,3
5660,2025-08-04,Landing,1
5661,2025-03-24,Landing,1
5661,2025-03-16,Browse,2
5661,2025-03-18,Product View,3
5662,2025-10-10,Landing,1
5662,2025-10-13,Browse,2
5662,2025-10-11,Product View,3
5662,2025-10-17,Add to Cart,4
5663,2025-07-26,Landing,1
5663,2025-07-26,Browse,2
5664,2025-06-01,Landing,1
5664,2025-06-05,Browse,2
5664,2025-06-05,Product View,3
5664,2025-06-02,Add to Cart,4
5665,2025-10-05,Landing,1
5665,2025-09-25,Browse,2
5666,2025-09-01,Landing,1
5666,2025-09-06,Browse,2
5667,2025-09-28,Landing,1
5667,2025-10-04,Browse,2
5667,2025-09-30,Product View,3
5667,2025-09-23,Add to Cart,4
5668,2025-05-13,Landing,1
5668,2025-05-26,Browse,2
5668,2025-05-15,Product View,3
5669,2025-09-05,Landing,1
5669,2025-09-03,Browse,2
5669,2025-09-09,Product View,3
5669,2025-09-06,Add to Cart,4
5670,2025-04-19,Landing,1
5670,2025-04-16,Browse,2
5670,2025-04-14,Product View,3
5670,2025-04-17,Add to Cart,4
5670,2025-04-11,Checkout,5
5671,2025-08-27,Landing,1
5671,2025-08-20,Browse,2
5672,2025-05-17,Landing,1
5672,2025-05-16,Browse,2
5673,2025-04-14,Landing,1
5673,2025-04-12,Browse,2
5674,2025-07-05,Landing,1
5674,2025-06-26,Browse,2
5675,2025-07-01,Landing,1
5675,2025-06-30,Browse,2
5675,2025-07-02,Product View,3
5675,2025-07-06,Add to Cart,4
5676,2025-05-08,Landing,1
5676,2025-05-13,Browse,2
5677,2025-11-06,Landing,1
5678,2025-07-04,Landing,1
5678,2025-07-11,Browse,2
5679,2025-05-21,Landing,1
5679,2025-05-23,Browse,2
5679,2025-05-22,Product View,3
5680,2025-06-18,Landing,1
5680,2025-06-28,Browse,2
5680,2025-06-20,Product View,3
5680,2025-06-23,Add to Cart,4
5680,2025-06-23,Checkout,5
5681,2025-05-04,Landing,1
5682,2025-09-12,Landing,1
5682,2025-09-14,Browse,2
5683,2025-04-23,Landing,1
5683,2025-04-23,Browse,2
5683,2025-04-17,Product View,3
5683,2025-04-21,Add to Cart,4
5683,2025-04-22,Checkout,5
5683,2025-04-17,Purchase,6
5683,2025-04-21,Signup,7
5684,2025-11-23,Landing,1
5684,2025-11-22,Browse,2
5685,2025-07-09,Landing,1
5685,2025-07-04,Browse,2
5685,2025-06-30,Product View,3
5686,2025-04-28,Landing,1
5686,2025-04-30,Browse,2
5686,2025-04-21,Product View,3
5686,2025-04-29,Add to Cart,4
5687,2025-12-05,Landing,1
5688,2025-10-13,Landing,1
5688,2025-10-20,Browse,2
5688,2025-10-12,Product View,3
5688,2025-10-09,Add to Cart,4
5688,2025-10-08,Checkout,5
5689,2025-09-18,Landing,1
5689,2025-09-18,Browse,2
5689,2025-09-25,Product View,3
5690,2025-04-27,Landing,1
5691,2025-07-30,Landing,1
5691,2025-08-01,Browse,2
5691,2025-08-01,Product View,3
5691,2025-08-01,Add to Cart,4
5691,2025-08-02,Checkout,5
5692,2025-11-09,Landing,1
5692,2025-11-10,Browse,2
5692,2025-11-08,Product View,3
5693,2025-05-22,Landing,1
5693,2025-05-28,Browse,2
5693,2025-05-21,Product View,3
5694,2025-09-19,Landing,1
5694,2025-10-02,Browse,2
5694,2025-09-29,Product View,3
5694,2025-10-01,Add to Cart,4
5694,2025-09-21,Checkout,5
5694,2025-09-24,Purchase,6
5694,2025-10-02,Signup,7
5695,2025-09-27,Landing,1
5695,2025-10-01,Browse,2
5695,2025-09-24,Product View,3
5696,2025-03-29,Landing,1
5697,2025-07-15,Landing,1
5697,2025-07-24,Browse,2
5697,2025-07-16,Product View,3
5698,2025-09-20,Landing,1
5699,2025-10-15,Landing,1
5699,2025-10-06,Browse,2
5700,2025-08-30,Landing,1
5700,2025-08-26,Browse,2
5700,2025-09-07,Product View,3
5701,2025-08-25,Landing,1
5701,2025-08-24,Browse,2
5701,2025-08-18,Product View,3
5702,2025-12-02,Landing,1
5702,2025-12-04,Browse,2
5702,2025-12-04,Product View,3
5702,2025-12-09,Add to Cart,4
5702,2025-12-06,Checkout,5
5702,2025-12-07,Purchase,6
5703,2025-11-04,Landing,1
5703,2025-11-09,Browse,2
5704,2025-05-21,Landing,1
5704,2025-05-24,Browse,2
5704,2025-06-01,Product View,3
5705,2025-12-11,Landing,1
5705,2025-12-16,Browse,2
5706,2025-06-05,Landing,1
5706,2025-06-06,Browse,2
5706,2025-06-09,Product View,3
5706,2025-05-31,Add to Cart,4
5706,2025-06-04,Checkout,5
5707,2025-07-10,Landing,1
5707,2025-07-09,Browse,2
5708,2025-05-21,Landing,1
5708,2025-05-24,Browse,2
5709,2025-04-16,Landing,1
5709,2025-04-10,Browse,2
5710,2025-06-13,Landing,1
5710,2025-06-04,Browse,2
5710,2025-06-11,Product View,3
5710,2025-06-11,Add to Cart,4
5711,2025-05-02,Landing,1
5711,2025-05-10,Browse,2
5711,2025-05-05,Product View,3
5712,2025-11-24,Landing,1
5712,2025-11-18,Browse,2
5713,2025-05-06,Landing,1
5713,2025-04-27,Browse,2
5713,2025-05-03,Product View,3
5713,2025-04-24,Add to Cart,4
5713,2025-04-23,Checkout,5
5714,2025-04-17,Landing,1
5714,2025-04-20,Browse,2
5714,2025-04-12,Product View,3
5715,2025-10-07,Landing,1
5716,2025-05-07,Landing,1
5716,2025-04-26,Browse,2
5717,2025-05-17,Landing,1
5717,2025-05-17,Browse,2
5717,2025-05-20,Product View,3
5717,2025-05-16,Add to Cart,4
5717,2025-05-18,Checkout,5
5718,2025-03-17,Landing,1
5718,2025-03-23,Browse,2
5719,2025-03-30,Landing,1
5719,2025-03-30,Browse,2
5720,2025-05-24,Landing,1
5720,2025-06-04,Browse,2
5720,2025-05-25,Product View,3
5721,2025-08-20,Landing,1
5722,2025-04-15,Landing,1
5722,2025-04-14,Browse,2
5723,2025-10-11,Landing,1
5723,2025-10-15,Browse,2
5724,2025-07-11,Landing,1
5725,2025-04-21,Landing,1
5725,2025-04-24,Browse,2
5726,2025-04-11,Landing,1
5726,2025-04-10,Browse,2
5727,2025-04-06,Landing,1
5727,2025-04-04,Browse,2
5727,2025-04-06,Product View,3
5727,2025-04-04,Add to Cart,4
5728,2025-07-13,Landing,1
5729,2025-07-16,Landing,1
5729,2025-07-09,Browse,2
5729,2025-07-20,Product View,3
5730,2025-09-30,Landing,1
5730,2025-09-25,Browse,2
5730,2025-09-27,Product View,3
5730,2025-09-22,Add to Cart,4
5731,2025-10-25,Landing,1
5731,2025-10-28,Browse,2
5731,2025-10-30,Product View,3
5731,2025-10-23,Add to Cart,4
5731,2025-10-29,Checkout,5
5731,2025-10-30,Purchase,6
5731,2025-10-23,Signup,7
5732,2025-03-23,Landing,1
5732,2025-03-24,Browse,2
5732,2025-03-26,Product View,3
5733,2025-09-12,Landing,1
5734,2025-07-22,Landing,1
5735,2025-08-06,Landing,1
5735,2025-08-05,Browse,2
5735,2025-08-03,Product View,3
5735,2025-08-15,Add to Cart,4
5735,2025-08-14,Checkout,5
5735,2025-08-07,Purchase,6
5736,2025-10-22,Landing,1
5736,2025-10-21,Browse,2
5736,2025-10-20,Product View,3
5736,2025-10-17,Add to Cart,4
5737,2025-11-18,Landing,1
5737,2025-11-15,Browse,2
5737,2025-11-08,Product View,3
5738,2025-07-18,Landing,1
5738,2025-07-15,Browse,2
5739,2025-10-26,Landing,1
5739,2025-10-30,Browse,2
5739,2025-10-29,Product View,3
5739,2025-10-23,Add to Cart,4
5739,2025-10-31,Checkout,5
5740,2025-10-06,Landing,1
5740,2025-09-27,Browse,2
5740,2025-09-28,Product View,3
5740,2025-10-03,Add to Cart,4
5740,2025-10-03,Checkout,5
5741,2025-07-18,Landing,1
5741,2025-07-15,Browse,2
5742,2025-05-21,Landing,1
5742,2025-05-27,Browse,2
5743,2025-10-22,Landing,1
5744,2025-09-06,Landing,1
5745,2025-09-05,Landing,1
5746,2025-07-04,Landing,1
5746,2025-06-25,Browse,2
5746,2025-07-02,Product View,3
5746,2025-06-22,Add to Cart,4
5747,2025-04-18,Landing,1
5747,2025-04-13,Browse,2
5748,2025-07-10,Landing,1
5748,2025-07-09,Browse,2
5748,2025-07-16,Product View,3
5749,2025-12-05,Landing,1
5749,2025-12-09,Browse,2
5749,2025-12-06,Product View,3
5749,2025-12-09,Add to Cart,4
5750,2025-08-27,Landing,1
5750,2025-08-31,Browse,2
5750,2025-08-27,Product View,3
5751,2025-09-06,Landing,1
5752,2025-09-03,Landing,1
5752,2025-09-11,Browse,2
5752,2025-09-09,Product View,3
5752,2025-09-03,Add to Cart,4
5752,2025-09-09,Checkout,5
5753,2025-09-27,Landing,1
5754,2025-05-07,Landing,1
5754,2025-05-07,Browse,2
5755,2025-08-28,Landing,1
5756,2025-04-09,Landing,1
5756,2025-04-03,Browse,2
5756,2025-04-04,Product View,3
5757,2025-10-03,Landing,1
5757,2025-10-05,Browse,2
5757,2025-09-25,Product View,3
5758,2025-09-19,Landing,1
5759,2025-11-24,Landing,1
5759,2025-11-22,Browse,2
5759,2025-11-28,Product View,3
5760,2025-04-08,Landing,1
5760,2025-04-09,Browse,2
5760,2025-04-06,Product View,3
5760,2025-04-11,Add to Cart,4
5761,2025-03-25,Landing,1
5761,2025-03-18,Browse,2
5762,2025-05-25,Landing,1
5762,2025-05-26,Browse,2
5763,2025-08-27,Landing,1
5764,2025-05-29,Landing,1
5765,2025-03-17,Landing,1
5765,2025-03-08,Browse,2
5765,2025-03-14,Product View,3
5765,2025-03-17,Add to Cart,4
5766,2025-06-11,Landing,1
5766,2025-06-06,Browse,2
5767,2025-06-18,Landing,1
5767,2025-06-19,Browse,2
5767,2025-06-17,Product View,3
5768,2025-10-27,Landing,1
5768,2025-10-22,Browse,2
5768,2025-11-02,Product View,3
5768,2025-10-26,Add to Cart,4
5768,2025-10-27,Checkout,5
5768,2025-10-23,Purchase,6
5769,2025-07-04,Landing,1
5769,2025-06-29,Browse,2
5770,2025-10-16,Landing,1
5770,2025-10-20,Browse,2
5770,2025-10-25,Product View,3
5771,2025-10-05,Landing,1
5771,2025-09-30,Browse,2
5772,2025-03-16,Landing,1
5772,2025-03-16,Browse,2
5773,2025-09-03,Landing,1
5773,2025-08-25,Browse,2
5774,2025-07-02,Landing,1
5774,2025-06-26,Browse,2
5774,2025-06-22,Product View,3
5775,2025-05-29,Landing,1
5775,2025-05-30,Browse,2
5776,2025-10-20,Landing,1
5776,2025-10-20,Browse,2
5776,2025-10-23,Product View,3
5776,2025-10-21,Add to Cart,4
5777,2025-04-18,Landing,1
5777,2025-04-30,Browse,2
5777,2025-04-29,Product View,3
5777,2025-04-24,Add to Cart,4
5777,2025-04-29,Checkout,5
5778,2025-11-25,Landing,1
5779,2025-09-15,Landing,1
5779,2025-09-14,Browse,2
5779,2025-09-22,Product View,3
5779,2025-09-17,Add to Cart,4
5779,2025-09-22,Checkout,5
5780,2025-07-21,Landing,1
5780,2025-07-28,Browse,2
5780,2025-08-02,Product View,3
5781,2025-07-31,Landing,1
5781,2025-08-13,Browse,2
5781,2025-08-04,Product View,3
5782,2025-06-23,Landing,1
5782,2025-06-13,Browse,2
5783,2025-07-29,Landing,1
5784,2025-04-16,Landing,1
5784,2025-04-16,Browse,2
5784,2025-04-14,Product View,3
5784,2025-04-14,Add to Cart,4
5785,2025-11-21,Landing,1
5785,2025-11-25,Browse,2
5785,2025-11-27,Product View,3
5785,2025-11-28,Add to Cart,4
5785,2025-11-28,Checkout,5
5786,2025-03-11,Landing,1
5786,2025-03-14,Browse,2
5786,2025-03-05,Product View,3
5787,2025-08-27,Landing,1
5788,2025-09-06,Landing,1
5789,2025-05-09,Landing,1
5789,2025-05-02,Browse,2
5789,2025-05-02,Product View,3
5789,2025-05-07,Add to Cart,4
5790,2025-11-29,Landing,1
5790,2025-12-05,Browse,2
5791,2025-10-02,Landing,1
5791,2025-09-28,Browse,2
5791,2025-10-03,Product View,3
5791,2025-09-27,Add to Cart,4
5792,2025-05-29,Landing,1
5793,2025-06-19,Landing,1
5793,2025-07-02,Browse,2
5794,2025-05-25,Landing,1
5794,2025-05-22,Browse,2
5795,2025-03-21,Landing,1
5795,2025-03-28,Browse,2
5795,2025-03-20,Product View,3
5795,2025-03-20,Add to Cart,4
5795,2025-03-18,Checkout,5
5796,2025-03-12,Landing,1
5797,2025-06-13,Landing,1
5797,2025-06-16,Browse,2
5797,2025-06-15,Product View,3
5797,2025-06-12,Add to Cart,4
5797,2025-06-17,Checkout,5
5797,2025-06-12,Purchase,6
5798,2025-12-09,Landing,1
5799,2025-05-01,Landing,1
5799,2025-04-30,Browse,2
5800,2025-10-11,Landing,1
5800,2025-10-10,Browse,2
5800,2025-10-04,Product View,3
5800,2025-10-04,Add to Cart,4
5801,2025-04-12,Landing,1
5802,2025-06-10,Landing,1
5802,2025-06-06,Browse,2
5802,2025-06-06,Product View,3
5803,2025-10-23,Landing,1
5803,2025-10-19,Browse,2
5803,2025-10-27,Product View,3
5804,2025-04-11,Landing,1
5805,2025-07-09,Landing,1
5806,2025-07-14,Landing,1
5807,2025-05-11,Landing,1
5807,2025-05-09,Browse,2
5807,2025-05-10,Product View,3
5808,2025-07-14,Landing,1
5809,2025-05-25,Landing,1
5809,2025-06-03,Browse,2
5809,2025-05-29,Product View,3
5809,2025-06-07,Add to Cart,4
5809,2025-06-03,Checkout,5
5810,2025-03-20,Landing,1
5810,2025-03-20,Browse,2
5810,2025-03-17,Product View,3
5811,2025-07-05,Landing,1
5811,2025-07-03,Browse,2
5811,2025-07-01,Product View,3
5811,2025-07-01,Add to Cart,4
5811,2025-06-28,Checkout,5
5811,2025-07-04,Purchase,6
5811,2025-06-24,Signup,7
5812,2025-03-10,Landing,1
5813,2025-09-15,Landing,1
5814,2025-05-08,Landing,1
5815,2025-05-31,Landing,1
5815,2025-06-07,Browse,2
5815,2025-06-08,Product View,3
5815,2025-06-07,Add to Cart,4
5815,2025-06-03,Checkout,5
5816,2025-07-27,Landing,1
5816,2025-07-25,Browse,2
5816,2025-08-04,Product View,3
5816,2025-07-25,Add to Cart,4
5816,2025-07-30,Checkout,5
5817,2025-06-19,Landing,1
5818,2025-09-06,Landing,1
5819,2025-05-11,Landing,1
5819,2025-05-08,Browse,2
5820,2025-07-30,Landing,1
5820,2025-07-28,Browse,2
5820,2025-08-10,Product View,3
5820,2025-08-01,Add to Cart,4
5821,2025-10-22,Landing,1
5822,2025-11-05,Landing,1
5822,2025-11-04,Browse,2
5822,2025-11-06,Product View,3
5823,2025-11-07,Landing,1
5824,2025-07-11,Landing,1
5824,2025-07-06,Browse,2
5825,2025-05-11,Landing,1
5825,2025-05-20,Browse,2
5825,2025-05-13,Product View,3
5825,2025-05-17,Add to Cart,4
5825,2025-05-18,Checkout,5
5825,2025-05-20,Purchase,6
5825,2025-05-19,Signup,7
5826,2025-04-17,Landing,1
5827,2025-05-29,Landing,1
5827,2025-06-03,Browse,2
5827,2025-06-03,Product View,3
5827,2025-05-28,Add to Cart,4
5827,2025-05-21,Checkout,5
5827,2025-05-31,Purchase,6
5827,2025-05-28,Signup,7
5828,2025-04-28,Landing,1
5828,2025-04-29,Browse,2
5829,2025-05-06,Landing,1
5829,2025-05-07,Browse,2
5829,2025-04-29,Product View,3
5830,2025-10-30,Landing,1
5830,2025-10-28,Browse,2
5831,2025-07-31,Landing,1
5831,2025-08-08,Browse,2
5831,2025-07-30,Product View,3
5831,2025-07-31,Add to Cart,4
5832,2025-07-16,Landing,1
5832,2025-07-14,Browse,2
5832,2025-07-21,Product View,3
5833,2025-12-05,Landing,1
5834,2025-11-10,Landing,1
5834,2025-11-21,Browse,2
5834,2025-11-12,Product View,3
5834,2025-11-21,Add to Cart,4
5834,2025-11-20,Checkout,5
5835,2025-08-26,Landing,1
5835,2025-08-23,Browse,2
5835,2025-08-20,Product View,3
5836,2025-05-05,Landing,1
5836,2025-05-11,Browse,2
5836,2025-05-12,Product View,3
5837,2025-07-05,Landing,1
5837,2025-06-27,Browse,2
5837,2025-07-01,Product View,3
5837,2025-07-04,Add to Cart,4
5837,2025-06-24,Checkout,5
5837,2025-06-22,Purchase,6
5838,2025-04-16,Landing,1
5839,2025-05-12,Landing,1
5839,2025-05-16,Browse,2
5839,2025-05-14,Product View,3
5839,2025-05-25,Add to Cart,4
5839,2025-05-25,Checkout,5
5839,2025-05-22,Purchase,6
5839,2025-05-20,Signup,7
5840,2025-03-27,Landing,1
5841,2025-11-25,Landing,1
5841,2025-11-23,Browse,2
5842,2025-10-15,Landing,1
5842,2025-10-09,Browse,2
5843,2025-09-18,Landing,1
5844,2025-04-03,Landing,1
5845,2025-09-06,Landing,1
5846,2025-03-19,Landing,1
5846,2025-03-17,Browse,2
5846,2025-03-28,Product View,3
5846,2025-03-28,Add to Cart,4
5846,2025-03-19,Checkout,5
5847,2025-09-01,Landing,1
5847,2025-09-05,Browse,2
5847,2025-09-11,Product View,3
5847,2025-08-30,Add to Cart,4
5847,2025-09-10,Checkout,5
5847,2025-08-30,Purchase,6
5848,2025-10-03,Landing,1
5848,2025-09-28,Browse,2
5849,2025-03-26,Landing,1
5849,2025-03-25,Browse,2
5850,2025-12-10,Landing,1
5850,2025-12-07,Browse,2
5850,2025-12-14,Product View,3
5850,2025-12-12,Add to Cart,4
5850,2025-12-16,Checkout,5
5850,2025-12-09,Purchase,6
5851,2025-05-19,Landing,1
5852,2025-10-21,Landing,1
5852,2025-10-15,Browse,2
5852,2025-10-18,Product View,3
5852,2025-10-25,Add to Cart,4
5852,2025-10-28,Checkout,5
5852,2025-10-20,Purchase,6
5852,2025-10-17,Signup,7
5853,2025-12-02,Landing,1
5854,2025-11-28,Landing,1
5854,2025-11-30,Browse,2
5854,2025-11-21,Product View,3
5854,2025-11-17,Add to Cart,4
5854,2025-11-19,Checkout,5
5855,2025-03-13,Landing,1
5855,2025-03-14,Browse,2
5855,2025-03-14,Product View,3
5856,2025-08-30,Landing,1
5856,2025-09-04,Browse,2
5856,2025-09-09,Product View,3
5857,2025-07-30,Landing,1
5858,2025-09-01,Landing,1
5858,2025-08-30,Browse,2
5858,2025-09-01,Product View,3
5859,2025-05-22,Landing,1
5859,2025-05-19,Browse,2
5860,2025-06-08,Landing,1
5861,2025-05-01,Landing,1
5861,2025-04-27,Browse,2
5861,2025-04-29,Product View,3
5862,2025-11-23,Landing,1
5862,2025-12-01,Browse,2
5863,2025-06-14,Landing,1
5864,2025-09-20,Landing,1
5864,2025-09-27,Browse,2
5864,2025-09-28,Product View,3
5865,2025-05-14,Landing,1
5866,2025-11-25,Landing,1
5867,2025-08-29,Landing,1
5867,2025-08-26,Browse,2
5868,2025-03-11,Landing,1
5869,2025-04-02,Landing,1
5869,2025-04-01,Browse,2
5869,2025-04-04,Product View,3
5869,2025-04-01,Add to Cart,4
5870,2025-10-18,Landing,1
5870,2025-10-21,Browse,2
5870,2025-10-15,Product View,3
5870,2025-10-15,Add to Cart,4
5871,2025-10-05,Landing,1
5871,2025-10-09,Browse,2
5871,2025-10-05,Product View,3
5871,2025-10-07,Add to Cart,4
5872,2025-07-31,Landing,1
5872,2025-07-22,Browse,2
5872,2025-07-31,Product View,3
5872,2025-08-03,Add to Cart,4
5872,2025-07-31,Checkout,5
5873,2025-06-28,Landing,1
5874,2025-04-07,Landing,1
5874,2025-04-02,Browse,2
5874,2025-04-02,Product View,3
5874,2025-04-13,Add to Cart,4
5875,2025-03-12,Landing,1
5875,2025-03-13,Browse,2
5876,2025-11-16,Landing,1
5876,2025-11-09,Browse,2
5876,2025-11-05,Product View,3
5877,2025-12-14,Landing,1
5878,2025-06-23,Landing,1
5878,2025-06-19,Browse,2
5878,2025-06-17,Product View,3
5878,2025-06-25,Add to Cart,4
5878,2025-06-18,Checkout,5
5878,2025-06-19,Purchase,6
5878,2025-06-19,Signup,7
5879,2025-11-26,Landing,1
5880,2025-10-18,Landing,1
5881,2025-03-13,Landing,1
5882,2025-10-15,Landing,1
5882,2025-10-15,Browse,2
5882,2025-10-13,Product View,3
5882,2025-10-12,Add to Cart,4
5882,2025-10-22,Checkout,5
5883,2025-09-19,Landing,1
5883,2025-09-26,Browse,2
5884,2025-10-09,Landing,1
5884,2025-10-04,Browse,2
5885,2025-09-21,Landing,1
5885,2025-09-19,Browse,2
5885,2025-09-18,Product View,3
5885,2025-09-21,Add to Cart,4
5885,2025-09-14,Checkout,5
5885,2025-09-18,Purchase,6
5885,2025-09-24,Signup,7
5886,2025-06-27,Landing,1
5887,2025-09-11,Landing,1
5887,2025-09-21,Browse,2
5887,2025-09-14,Product View,3
5887,2025-09-18,Add to Cart,4
5887,2025-09-23,Checkout,5
5888,2025-08-09,Landing,1
5889,2025-06-12,Landing,1
5889,2025-06-09,Browse,2
5890,2025-04-07,Landing,1
5891,2025-05-09,Landing,1
5892,2025-08-30,Landing,1
5892,2025-08-26,Browse,2
5892,2025-09-07,Product View,3
5892,2025-08-26,Add to Cart,4
5893,2025-12-20,Landing,1
5893,2025-12-21,Browse,2
5894,2025-10-07,Landing,1
5894,2025-10-19,Browse,2
5894,2025-10-17,Product View,3
5894,2025-10-19,Add to Cart,4
5895,2025-09-02,Landing,1
5895,2025-08-31,Browse,2
5896,2025-10-28,Landing,1
5896,2025-11-03,Browse,2
5897,2025-06-20,Landing,1
5897,2025-06-28,Browse,2
5897,2025-06-27,Product View,3
5897,2025-06-24,Add to Cart,4
5897,2025-06-29,Checkout,5
5898,2025-07-28,Landing,1
5899,2025-06-01,Landing,1
5899,2025-06-03,Browse,2
5899,2025-05-25,Product View,3
5899,2025-05-31,Add to Cart,4
5899,2025-05-30,Checkout,5
5900,2025-05-18,Landing,1
5900,2025-05-19,Browse,2
5901,2025-06-06,Landing,1
5901,2025-06-04,Browse,2
5901,2025-06-08,Product View,3
5901,2025-05-31,Add to Cart,4
5902,2025-10-26,Landing,1
5902,2025-10-30,Browse,2
5903,2025-07-11,Landing,1
5904,2025-06-29,Landing,1
5904,2025-06-20,Browse,2
5905,2025-08-18,Landing,1
5905,2025-08-22,Browse,2
5906,2025-06-26,Landing,1
5906,2025-07-01,Browse,2
5907,2025-04-06,Landing,1
5907,2025-04-01,Browse,2
5908,2025-10-17,Landing,1
5908,2025-10-16,Browse,2
5908,2025-10-22,Product View,3
5908,2025-10-12,Add to Cart,4
5909,2025-10-10,Landing,1
5909,2025-10-09,Browse,2
5909,2025-10-13,Product View,3
5909,2025-10-04,Add to Cart,4
5909,2025-10-04,Checkout,5
5910,2025-07-12,Landing,1
5910,2025-07-14,Browse,2
5910,2025-07-05,Product View,3
5910,2025-07-10,Add to Cart,4
5911,2025-09-25,Landing,1
5912,2025-07-04,Landing,1
5913,2025-11-20,Landing,1
5913,2025-12-03,Browse,2
5914,2025-12-08,Landing,1
5914,2025-12-14,Browse,2
5914,2025-12-17,Product View,3
5915,2025-10-21,Landing,1
5915,2025-10-11,Browse,2
5916,2025-08-14,Landing,1
5916,2025-08-15,Browse,2
5916,2025-08-19,Product View,3
5916,2025-08-25,Add to Cart,4
5916,2025-08-15,Checkout,5
5916,2025-08-12,Purchase,6
5916,2025-08-14,Signup,7
5917,2025-07-06,Landing,1
5918,2025-06-18,Landing,1
5918,2025-06-13,Browse,2
5918,2025-06-14,Product View,3
5918,2025-06-08,Add to Cart,4
5918,2025-06-08,Checkout,5
5918,2025-06-14,Purchase,6
5918,2025-06-12,Signup,7
5919,2025-08-09,Landing,1
5919,2025-08-07,Browse,2
5919,2025-08-09,Product View,3
5920,2025-04-06,Landing,1
5921,2025-05-06,Landing,1
5922,2025-09-26,Landing,1
5922,2025-09-19,Browse,2
5923,2025-08-23,Landing,1
5923,2025-08-26,Browse,2
5923,2025-08-29,Product View,3
5924,2025-09-14,Landing,1
5924,2025-09-03,Browse,2
5924,2025-09-12,Product View,3
5924,2025-09-10,Add to Cart,4
5925,2025-08-10,Landing,1
5925,2025-08-20,Browse,2
5926,2025-05-05,Landing,1
5926,2025-05-07,Browse,2
5926,2025-05-07,Product View,3
5927,2025-06-16,Landing,1
5927,2025-06-12,Browse,2
5928,2025-05-24,Landing,1
5929,2025-12-01,Landing,1
5929,2025-12-09,Browse,2
5929,2025-12-10,Product View,3
5929,2025-12-08,Add to Cart,4
5929,2025-12-11,Checkout,5
5929,2025-12-09,Purchase,6
5929,2025-12-09,Signup,7
5930,2025-10-29,Landing,1
5930,2025-11-02,Browse,2
5930,2025-11-06,Product View,3
5931,2025-07-23,Landing,1
5932,2025-04-15,Landing,1
5933,2025-03-21,Landing,1
5934,2025-09-01,Landing,1
5934,2025-08-25,Browse,2
5935,2025-08-05,Landing,1
5935,2025-08-03,Browse,2
5936,2025-04-01,Landing,1
5936,2025-03-19,Browse,2
5937,2025-12-15,Landing,1
5938,2025-03-17,Landing,1
5939,2025-07-22,Landing,1
5939,2025-07-22,Browse,2
5939,2025-07-19,Product View,3
5939,2025-07-24,Add to Cart,4
5939,2025-07-16,Checkout,5
5940,2025-05-25,Landing,1
5940,2025-05-25,Browse,2
5940,2025-05-30,Product View,3
5941,2025-05-28,Landing,1
5942,2025-12-16,Landing,1
5943,2025-09-14,Landing,1
5943,2025-09-17,Browse,2
5943,2025-09-08,Product View,3
5943,2025-09-06,Add to Cart,4
5944,2025-06-27,Landing,1
5944,2025-07-06,Browse,2
5944,2025-07-04,Product View,3
5944,2025-06-29,Add to Cart,4
5945,2025-08-01,Landing,1
5945,2025-08-09,Browse,2
5946,2025-09-18,Landing,1
5947,2025-07-17,Landing,1
5947,2025-07-29,Browse,2
5947,2025-07-24,Product View,3
5947,2025-07-18,Add to Cart,4
5947,2025-07-19,Checkout,5
5948,2025-11-10,Landing,1
5948,2025-11-22,Browse,2
5948,2025-11-18,Product View,3
5948,2025-11-22,Add to Cart,4
5948,2025-11-21,Checkout,5
5949,2025-03-20,Landing,1
5949,2025-03-29,Browse,2
5950,2025-06-27,Landing,1
5950,2025-06-20,Browse,2
5950,2025-07-01,Product View,3
5950,2025-07-02,Add to Cart,4
5950,2025-06-25,Checkout,5
5950,2025-06-29,Purchase,6
5950,2025-06-29,Signup,7
5951,2025-08-24,Landing,1
5951,2025-08-26,Browse,2
5952,2025-11-03,Landing,1
5953,2025-08-08,Landing,1
5954,2025-10-08,Landing,1
5954,2025-10-02,Browse,2
5954,2025-09-28,Product View,3
5954,2025-10-07,Add to Cart,4
5954,2025-09-28,Checkout,5
5955,2025-05-21,Landing,1
5956,2025-04-14,Landing,1
5956,2025-04-12,Browse,2
5957,2025-09-26,Landing,1
5958,2025-09-02,Landing,1
5958,2025-09-07,Browse,2
5959,2025-06-06,Landing,1
5960,2025-04-29,Landing,1
5961,2025-07-01,Landing,1
5962,2025-08-19,Landing,1
5962,2025-08-24,Browse,2
5962,2025-08-22,Product View,3
5963,2025-10-13,Landing,1
5963,2025-10-11,Browse,2
5963,2025-10-02,Product View,3
5964,2025-07-15,Landing,1
5964,2025-07-10,Browse,2
5964,2025-07-13,Product View,3
5964,2025-07-21,Add to Cart,4
5964,2025-07-17,Checkout,5
5965,2025-11-17,Landing,1
5965,2025-11-16,Browse,2
5965,2025-11-19,Product View,3
5965,2025-11-09,Add to Cart,4
5965,2025-11-16,Checkout,5
5966,2025-08-24,Landing,1
5966,2025-08-24,Browse,2
5966,2025-08-18,Product View,3
5967,2025-08-29,Landing,1
5967,2025-08-26,Browse,2
5968,2025-10-11,Landing,1
5968,2025-10-20,Browse,2
5968,2025-10-18,Product View,3
5968,2025-10-19,Add to Cart,4
5968,2025-10-21,Checkout,5
5968,2025-10-12,Purchase,6
5969,2025-09-19,Landing,1
5970,2025-08-15,Landing,1
5971,2025-06-13,Landing,1
5971,2025-06-24,Browse,2
5972,2025-03-28,Landing,1
5973,2025-06-17,Landing,1
5973,2025-06-16,Browse,2
5973,2025-06-12,Product View,3
5973,2025-06-16,Add to Cart,4
5973,2025-06-12,Checkout,5
5973,2025-06-14,Purchase,6
5973,2025-06-17,Signup,7
5974,2025-08-29,Landing,1
5975,2025-12-11,Landing,1
5975,2025-12-08,Browse,2
5975,2025-12-09,Product View,3
5976,2025-08-13,Landing,1
5976,2025-08-15,Browse,2
5976,2025-08-12,Product View,3
5976,2025-08-10,Add to Cart,4
5976,2025-08-05,Checkout,5
5976,2025-08-03,Purchase,6
5977,2025-04-14,Landing,1
5977,2025-04-03,Browse,2
5977,2025-04-11,Product View,3
5977,2025-04-02,Add to Cart,4
5977,2025-04-03,Checkout,5
5978,2025-11-14,Landing,1
5978,2025-11-13,Browse,2
5979,2025-12-25,Landing,1
5979,2025-12-12,Browse,2
5979,2025-12-23,Product View,3
5979,2025-12-17,Add to Cart,4
5979,2025-12-19,Checkout,5
5979,2025-12-25,Purchase,6
5979,2025-12-15,Signup,7
5980,2025-11-11,Landing,1
5980,2025-11-10,Browse,2
5980,2025-11-15,Product View,3
5981,2025-11-28,Landing,1
5982,2025-06-22,Landing,1
5983,2025-08-06,Landing,1
5983,2025-08-07,Browse,2
5983,2025-08-05,Product View,3
5983,2025-08-12,Add to Cart,4
5984,2025-06-24,Landing,1
5985,2025-05-14,Landing,1
5985,2025-05-11,Browse,2
5985,2025-05-14,Product View,3
5985,2025-05-03,Add to Cart,4
5985,2025-05-12,Checkout,5
5985,2025-05-16,Purchase,6
5985,2025-05-11,Signup,7
5986,2025-06-26,Landing,1
5986,2025-06-21,Browse,2
5986,2025-06-27,Product View,3
5986,2025-06-25,Add to Cart,4
5986,2025-06-29,Checkout,5
5987,2025-08-22,Landing,1
5987,2025-08-15,Browse,2
5987,2025-08-19,Product View,3
5987,2025-08-20,Add to Cart,4
5987,2025-08-22,Checkout,5
5988,2025-03-07,Landing,1
5988,2025-03-14,Browse,2
5988,2025-03-11,Product View,3
5988,2025-03-10,Add to Cart,4
5988,2025-03-04,Checkout,5
5988,2025-03-05,Purchase,6
5988,2025-03-04,Signup,7
5989,2025-08-17,Landing,1
5989,2025-08-21,Browse,2
5989,2025-08-15,Product View,3
5990,2025-03-11,Landing,1
5990,2025-03-18,Browse,2
5991,2025-12-12,Landing,1
5992,2025-11-08,Landing,1
5992,2025-11-13,Browse,2
5993,2025-09-22,Landing,1
5994,2025-10-07,Landing,1
5995,2025-11-06,Landing,1
5995,2025-10-28,Browse,2
5995,2025-11-08,Product View,3
5995,2025-11-09,Add to Cart,4
5995,2025-11-03,Checkout,5
5996,2025-09-25,Landing,1
5996,2025-09-25,Browse,2
5997,2025-05-12,Landing,1
5998,2025-09-11,Landing,1
5998,2025-09-14,Browse,2
5999,2025-09-30,Landing,1
5999,2025-09-20,Browse,2
6000,2025-06-28,Landing,1
