user_id,first_seen_date,traffic_source,device,is_returning
1,2025-03-31,Organic,Desktop,0
2,2025-03-14,Organic,Desktop,0
3,2025-05-06,Email,Mobile,0
4,2025-06-16,Paid,Desktop,0
5,2025-08-06,Organic,Mobile,0
6,2025-06-28,Email,Mobile,0
7,2025-12-08,Organic,Desktop,0
8,2025-04-29,Organic,Mobile,1
9,2025-10-28,Organic,Desktop,1
10,2025-05-09,Email,Mobile,0
11,2025-05-10,Organic,Desktop,0
12,2025-09-14,Organic,Mobile,0
13,2025-09-07,Organic,Desktop,0
14,2025-09-16,Paid,Desktop,0
15,2025-10-15,Paid,Desktop,0
16,2025-05-31,Referral,Mobile,0
17,2025-06-13,Organic,Mobile,0
18,2025-05-25,Organic,Desktop,0
19,2025-04-22,Email,Mobile,0
20,2025-09-17,Email,Mobile,0
21,2025-10-18,Paid,Desktop,1
22,2025-08-23,Paid,Mobile,1
23,2025-07-24,Paid,Mobile,0
24,2025-07-18,Organic,Desktop,0
25,2025-06-15,Organic,Desktop,0
26,2025-09-16,Paid,Desktop,0
27,2025-11-20,Paid,Mobile,0
28,2025-10-07,Organic,Desktop,0
29,2025-03-30,Paid,Desktop,0
30,2025-06-22,Organic,Mobile,0
31,2025-05-16,Paid,Mobile,0
32,2025-04-17,Paid,Desktop,0
33,2025-09-23,Paid,Desktop,0
34,2025-11-20,Email,Desktop,0
35,2025-07-10,Organic,Mobile,0
36,2025-08-31,Paid,Mobile,0
37,2025-05-20,Paid,Mobile,0
38,2025-05-01,Paid,Mobile,1
39,2025-05-21,Email,Desktop,1
40,2025-09-25,Email,Mobile,0
41,2025-12-10,Email,Mobile,1
42,2025-04-21,Paid,Mobile,0
43,2025-08-03,Organic,Mobile,0
44,2025-12-12,Paid,Desktop,0
45,2025-05-04,Referral,Mobile,0
46,2025-05-09,Organic,Mobile,0
47,2025-03-13,Organic,Mobile,0
48,2025-04-07,Organic,Mobile,1
49,2025-12-14,Organic,Desktop,0
50,2025-09-17,Organic,Desktop,1
51,2025-03-15,Organic,Desktop,1
52,2025-07-02,Email,Mobile,0
53,2025-08-27,Paid,Mobile,1
54,2025-05-28,Email,Desktop,0
55,2025-09-07,Organic,Mobile,0
56,2025-05-29,Email,Mobile,0
57,2025-05-01,Paid,Mobile,0
58,2025-08-02,Email,Desktop,0
59,2025-09-03,Referral,Mobile,0
60,2025-04-27,Email,Desktop,0
61,2025-10-31,Organic,Desktop,0
62,2025-09-24,Paid,Desktop,1
63,2025-04-30,Organic,Mobile,0
64,2025-12-15,Organic,Desktop,0
65,2025-07-19,Organic,Desktop,0
66,2025-09-13,Paid,Desktop,0
67,2025-05-22,Paid,Desktop,0
68,2025-06-09,Organic,Mobile,0
69,2025-05-01,Paid,Mobile,1
70,2025-07-12,Referral,Desktop,0
71,2025-06-03,Organic,Desktop,0
72,2025-10-14,Organic,Desktop,1
73,2025-07-06,Organic,Desktop,0
74,2025-05-04,Paid,Desktop,1
75,2025-09-20,Organic,Desktop,0
76,2025-03-02,Organic,Mobile,0
77,2025-10-01,Organic,Desktop,1
78,2025-08-17,Organic,Desktop,0
79,2025-03-28,Referral,Desktop,0
80,2025-06-03,Organic,Mobile,0
81,2025-04-06,Referral,Mobile,0
82,2025-05-28,Paid,Desktop,0
83,2025-04-18,Paid,Desktop,1
84,2025-07-03,Paid,Desktop,1
85,2025-06-05,Organic,Mobile,1
86,2025-12-03,Paid,Desktop,1
87,2025-06-19,Paid,Mobile,0
88,2025-04-23,Paid,Desktop,0
89,2025-03-28,Organic,Mobile,1
90,2025-06-25,Paid,Mobile,0
91,2025-05-09,Email,Mobile,0
92,2025-10-23,Paid,Mobile,0
93,2025-03-13,Referral,Mobile,0
94,2025-04-22,Paid,Desktop,0
95,2025-05-10,Organic,Desktop,0
96,2025-10-17,Referral,Mobile,0
97,2025-06-22,Organic,Desktop,0
98,2025-11-08,Organic,Desktop,0
99,2025-11-13,Organic,Mobile,1
100,2025-06-28,Organic,Mobile,0
101,2025-07-28,Organic,Desktop,1
102,2025-07-20,Paid,Mobile,0
103,2025-07-21,Email,Desktop,0
104,2025-05-27,Organic,Mobile,0
105,2025-04-21,Referral,Mobile,0
106,2025-11-07,Paid,Desktop,0
107,2025-05-16,Paid,Desktop,1
108,2025-10-30,Paid,Mobile,1
109,2025-10-03,Paid,Mobile,0
110,2025-12-11,Referral,Mobile,1
111,2025-07-21,Paid,Desktop,0
112,2025-11-15,Email,Mobile,1
113,2025-03-12,Paid,Mobile,1
114,2025-10-08,Paid,Mobile,0
115,2025-10-19,Organic,Mobile,1
116,2025-09-06,Organic,Desktop,0
117,2025-08-30,Paid,Mobile,0
118,2025-03-11,Organic,Mobile,0
119,2025-10-05,Organic,Mobile,0
120,2025-11-04,Paid,Desktop,0
121,2025-07-12,Paid,Mobile,1
122,2025-10-30,Paid,Desktop,0
123,2025-05-17,Organic,Desktop,1
124,2025-05-05,Organic,Desktop,1
125,2025-09-09,Referral,Mobile,1
126,2025-07-24,Referral,Desktop,0
127,2025-11-05,Organic,Desktop,1
128,2025-04-24,Paid,Mobile,0
129,2025-11-03,Paid,Mobile,1
130,2025-05-09,Paid,Mobile,1
131,2025-11-20,Email,Desktop,1
132,2025-04-01,Organic,Mobile,0
133,2025-12-02,Paid,Mobile,0
134,2025-06-30,Organic,Mobile,1
135,2025-04-12,Organic,Desktop,1
136,2025-10-28,Paid,Mobile,0
137,2025-11-14,Email,Mobile,1
138,2025-10-21,Paid,Mobile,1
139,2025-10-10,Email,Desktop,0
140,2025-10-18,Paid,Desktop,0
141,2025-11-14,Organic,Desktop,0
142,2025-08-28,Organic,Mobile,0
143,2025-07-05,Paid,Mobile,0
144,2025-07-03,Email,Mobile,0
145,2025-03-07,Organic,Mobile,0
146,2025-06-07,Paid,Desktop,0
147,2025-06-08,Paid,Desktop,0
148,2025-03-28,Paid,Mobile,0
149,2025-08-07,Organic,Desktop,0
150,2025-06-27,Referral,Mobile,0
151,2025-05-18,Email,Desktop,1
152,2025-09-07,Organic,Mobile,0
153,2025-07-08,Organic,Mobile,1
154,2025-10-05,Organic,Mobile,0
155,2025-11-17,Organic,Desktop,1
156,2025-06-23,Paid,Mobile,0
157,2025-11-29,Organic,Mobile,0
158,2025-07-13,Organic,Desktop,1
159,2025-06-13,Organic,Mobile,0
160,2025-07-12,Paid,Mobile,1
161,2025-11-29,Organic,Mobile,0
162,2025-08-30,Organic,Mobile,0
163,2025-10-30,Paid,Mobile,1
164,2025-07-21,Paid,Mobile,1
165,2025-12-06,Paid,Desktop,1
166,2025-03-21,Organic,Mobile,0
167,2025-10-05,Paid,Mobile,0
168,2025-09-20,Organic,Mobile,0
169,2025-04-17,Organic,Mobile,0
170,2025-11-20,Paid,Mobile,0
171,2025-08-05,Email,Desktop,1
172,2025-11-11,Paid,Mobile,0
173,2025-07-14,Referral,Desktop,0
174,2025-08-12,Paid,Mobile,0
175,2025-11-18,Organic,Desktop,0
176,2025-10-06,Organic,Mobile,1
177,2025-07-18,Paid,Desktop,0
178,2025-10-31,Organic,Desktop,0
179,2025-08-25,Paid,Mobile,1
180,2025-07-02,Email,Desktop,0
181,2025-05-03,Paid,Desktop,0
182,2025-03-08,Organic,Desktop,1
183,2025-08-03,Organic,Desktop,1
184,2025-03-01,Organic,Mobile,0
185,2025-03-06,Paid,Desktop,0
186,2025-04-13,Organic,Mobile,0
187,2025-06-20,Organic,Mobile,0
188,2025-04-20,Paid,Desktop,0
189,2025-03-30,Paid,Mobile,1
190,2025-06-13,Organic,Desktop,0
191,2025-05-28,Organic,Desktop,1
192,2025-04-03,Paid,Mobile,1
193,2025-08-26,Email,Desktop,0
194,2025-05-15,Paid,Desktop,0
195,2025-06-04,Organic,Mobile,0
196,2025-03-09,Referral,Desktop,0
197,2025-05-07,Organic,Mobile,1
198,2025-10-10,Paid,Mobile,0
199,2025-05-14,Referral,Desktop,0
200,2025-11-09,Paid,Desktop,1
201,2025-10-21,Paid,Desktop,0
202,2025-11-28,Referral,Mobile,1
203,2025-11-27,Organic,Mobile,0
204,2025-04-30,Referral,Mobile,0
205,2025-12-03,Paid,Mobile,1
206,2025-09-30,Organic,Desktop,0
207,2025-08-11,Organic,Mobile,0
208,2025-06-03,Organic,Mobile,0
209,2025-05-22,Paid,Desktop,1
210,2025-04-27,Organic,Desktop,1
211,2025-10-12,Email,Desktop,0
212,2025-08-03,Paid,Mobile,1
213,2025-04-27,Referral,Mobile,1
214,2025-11-15,Paid,Mobile,0
215,2025-11-22,Organic,Desktop,1
216,2025-09-05,Referral,Desktop,0
217,2025-03-23,Paid,Mobile,0
218,2025-12-11,Paid,Mobile,0
219,2025-03-31,Paid,Mobile,0
220,2025-06-13,Organic,Desktop,1
221,2025-05-04,Email,Desktop,0
222,2025-06-18,Organic,Mobile,1
223,2025-07-15,Paid,Mobile,0
224,2025-04-14,Referral,Mobile,1
225,2025-03-24,Organic,Mobile,0
226,2025-03-02,Email,Mobile,1
227,2025-05-07,Email,Mobile,0
228,2025-08-28,Paid,Mobile,1
229,2025-11-29,Referral,Mobile,0
230,2025-11-05,Paid,Mobile,1
231,2025-03-12,Referral,Desktop,1
232,2025-10-08,Paid,Mobile,0
233,2025-03-06,Paid,Mobile,0
234,2025-08-02,Referral,Mobile,0
235,2025-09-18,Referral,Desktop,0
236,2025-04-30,Paid,Mobile,0
237,2025-11-24,Paid,Desktop,0
238,2025-07-23,Organic,Desktop,0
239,2025-06-11,Referral,Desktop,1
240,2025-09-04,Organic,Desktop,0
241,2025-10-10,Referral,Desktop,0
242,2025-08-26,Paid,Desktop,0
243,2025-03-24,Referral,Desktop,0
244,2025-09-30,Organic,Desktop,1
245,2025-07-23,Referral,Mobile,0
246,2025-11-20,Organic,Mobile,0
247,2025-10-05,Organic,Mobile,1
248,2025-10-14,Organic,Desktop,0
249,2025-06-12,Referral,Desktop,0
250,2025-09-15,Organic,Desktop,0
251,2025-09-17,Email,Mobile,0
252,2025-05-04,Organic,Desktop,1
253,2025-06-19,Organic,Mobile,0
254,2025-05-09,Referral,Desktop,1
255,2025-04-14,Organic,Mobile,0
256,2025-08-09,Organic,Desktop,1
257,2025-11-07,Email,Mobile,0
258,2025-08-04,Organic,Mobile,0
259,2025-05-14,Email,Mobile,0
260,2025-08-04,Organic,Desktop,0
261,2025-11-10,Organic,Mobile,0
262,2025-09-26,Organic,Desktop,0
263,2025-09-19,Organic,Desktop,1
264,2025-11-30,Paid,Mobile,1
265,2025-10-13,Paid,Desktop,1
266,2025-11-14,Organic,Desktop,0
267,2025-04-02,Organic,Desktop,1
268,2025-10-29,Organic,Mobile,0
269,2025-05-11,Referral,Mobile,0
270,2025-09-18,Organic,Desktop,0
271,2025-10-15,Organic,Desktop,0
272,2025-12-15,Organic,Desktop,0
273,2025-08-20,Organic,Mobile,0
274,2025-10-13,Organic,Mobile,1
275,2025-08-08,Referral,Desktop,1
276,2025-09-18,Paid,Desktop,1
277,2025-05-18,Referral,Desktop,1
278,2025-10-18,Referral,Desktop,0
279,2025-05-16,Referral,Mobile,0
280,2025-05-25,Organic,Mobile,0
281,2025-05-22,Referral,Mobile,0
282,2025-03-01,Organic,Desktop,1
283,2025-09-03,Organic,Mobile,0
284,2025-10-25,Paid,Desktop,1
285,2025-11-22,Paid,Mobile,0
286,2025-05-11,Referral,Desktop,0
287,2025-04-13,Email,Mobile,1
288,2025-05-30,Email,Desktop,1
289,2025-09-23,Organic,Mobile,0
290,2025-09-07,Organic,Mobile,0
291,2025-11-21,Paid,Desktop,0
292,2025-07-31,Organic,Desktop,1
293,2025-04-29,Paid,Desktop,0
294,2025-11-11,Organic,Mobile,1
295,2025-05-30,Organic,Mobile,0
296,2025-06-29,Email,Mobile,1
297,2025-08-24,Organic,Mobile,0
298,2025-10-26,Email,Desktop,0
299,2025-05-09,Paid,Mobile,0
300,2025-11-24,Paid,Mobile,0
301,2025-05-11,Paid,Desktop,0
302,2025-06-08,Paid,Mobile,0
303,2025-11-01,Organic,Desktop,1
304,2025-11-22,Organic,Desktop,0
305,2025-09-05,Referral,Mobile,0
306,2025-11-23,Paid,Desktop,0
307,2025-11-05,Organic,Mobile,0
308,2025-10-09,Email,Desktop,1
309,2025-06-01,Organic,Desktop,1
310,2025-11-19,Organic,Mobile,0
311,2025-10-02,Paid,Mobile,0
312,2025-03-28,Email,Mobile,0
313,2025-03-19,Paid,Desktop,0
314,2025-04-17,Organic,Mobile,0
315,2025-09-04,Paid,Desktop,1
316,2025-11-13,Paid,Desktop,0
317,2025-05-29,Organic,Mobile,0
318,2025-08-08,Organic,Mobile,0
319,2025-08-06,Organic,Mobile,1
320,2025-12-11,Organic,Desktop,0
321,2025-10-03,Paid,Desktop,0
322,2025-07-15,Organic,Desktop,0
323,2025-03-01,Referral,Desktop,0
324,2025-07-24,Paid,Desktop,0
325,2025-11-02,Organic,Mobile,0
326,2025-12-04,Paid,Mobile,1
327,2025-03-09,Paid,Mobile,1
328,2025-07-16,Paid,Mobile,0
329,2025-08-02,Organic,Mobile,1
330,2025-05-18,Email,Mobile,1
331,2025-06-27,Email,Mobile,0
332,2025-05-17,Paid,Desktop,0
333,2025-04-11,Referral,Desktop,1
334,2025-10-27,Referral,Mobile,1
335,2025-03-29,Paid,Mobile,0
336,2025-05-01,Email,Desktop,1
337,2025-11-03,Organic,Mobile,0
338,2025-05-21,Organic,Mobile,0
339,2025-06-26,Paid,Mobile,0
340,2025-12-08,Paid,Desktop,0
341,2025-04-05,Organic,Desktop,0
342,2025-03-28,Organic,Mobile,0
343,2025-09-22,Organic,Mobile,1
344,2025-03-01,Organic,Mobile,0
345,2025-04-09,Organic,Desktop,0
346,2025-06-05,Organic,Mobile,0
347,2025-11-25,Organic,Mobile,0
348,2025-11-09,Paid,Desktop,0
349,2025-04-25,Referral,Mobile,0
350,2025-07-30,Organic,Mobile,0
351,2025-10-16,Paid,Mobile,0
352,2025-08-22,Paid,Mobile,0
353,2025-03-31,Paid,Desktop,1
354,2025-11-08,Organic,Desktop,0
355,2025-06-25,Organic,Mobile,0
356,2025-11-10,Email,Desktop,1
357,2025-10-31,Referral,Mobile,0
358,2025-09-28,Organic,Desktop,0
359,2025-05-01,Organic,Desktop,0
360,2025-08-06,Organic,Desktop,1
361,2025-11-04,Organic,Mobile,1
362,2025-10-27,Referral,Desktop,0
363,2025-10-05,Paid,Mobile,0
364,2025-09-20,Paid,Desktop,1
365,2025-07-14,Paid,Mobile,0
366,2025-11-09,Organic,Desktop,0
367,2025-08-25,Organic,Desktop,0
368,2025-04-05,Organic,Mobile,0
369,2025-06-01,Referral,Mobile,0
370,2025-05-13,Paid,Mobile,0
371,2025-11-01,Organic,Desktop,0
372,2025-07-18,Organic,Mobile,0
373,2025-05-04,Organic,Mobile,0
374,2025-09-08,Referral,Desktop,0
375,2025-09-12,Organic,Desktop,0
376,2025-08-24,Referral,Desktop,0
377,2025-06-24,Organic,Mobile,0
378,2025-04-07,Paid,Desktop,0
379,2025-08-20,Referral,Desktop,0
380,2025-03-21,Email,Mobile,0
381,2025-05-26,Paid,Desktop,0
382,2025-03-05,Organic,Desktop,1
383,2025-03-20,Paid,Desktop,0
384,2025-06-14,Email,Mobile,0
385,2025-10-17,Organic,Mobile,1
386,2025-10-28,Organic,Mobile,1
387,2025-06-19,Referral,Mobile,1
388,2025-05-07,Organic,Mobile,0
389,2025-07-16,Paid,Mobile,1
390,2025-12-06,Paid,Desktop,0
391,2025-05-22,Paid,Desktop,0
392,2025-06-24,Paid,Mobile,0
393,2025-06-01,Email,Desktop,0
394,2025-03-07,Organic,Mobile,0
395,2025-10-30,Organic,Mobile,0
396,2025-06-22,Paid,Desktop,1
397,2025-05-12,Referral,Mobile,1
398,2025-11-04,Organic,Mobile,1
399,2025-04-06,Referral,Mobile,1
400,2025-09-18,Paid,Desktop,1
401,2025-05-30,Paid,Mobile,0
402,2025-03-21,Paid,Desktop,0
403,2025-04-28,Paid,Mobile,0
404,2025-07-18,Referral,Desktop,1
405,2025-03-20,Paid,Mobile,1
406,2025-06-20,Organic,Desktop,1
407,2025-09-11,Paid,Mobile,0
408,2025-03-24,Organic,Mobile,1
409,2025-09-18,Organic,Mobile,0
410,2025-03-23,Paid,Mobile,0
411,2025-08-02,Paid,Desktop,0
412,2025-03-11,Organic,Mobile,1
413,2025-06-05,Organic,Mobile,0
414,2025-03-08,Paid,Desktop,0
415,2025-05-22,Organic,Mobile,0
416,2025-05-04,Organic,Desktop,1
417,2025-05-03,Paid,Desktop,0
418,2025-05-05,Paid,Mobile,1
419,2025-04-05,Organic,Mobile,0
420,2025-09-24,Organic,Desktop,1
421,2025-10-14,Paid,Mobile,1
422,2025-11-18,Organic,Desktop,0
423,2025-05-15,Organic,Mobile,0
424,2025-04-15,Paid,Mobile,1
425,2025-07-05,Paid,Mobile,1
426,2025-05-25,Paid,Desktop,1
427,2025-10-28,Paid,Desktop,0
428,2025-10-26,Organic,Desktop,0
429,2025-04-07,Organic,Mobile,1
430,2025-05-11,Organic,Desktop,0
431,2025-11-27,Email,Desktop,0
432,2025-03-12,Organic,Desktop,0
433,2025-10-26,Organic,Mobile,0
434,2025-07-23,Paid,Mobile,1
435,2025-07-21,Paid,Mobile,0
436,2025-06-06,Email,Mobile,1
437,2025-07-02,Paid,Desktop,0
438,2025-10-17,Organic,Desktop,0
439,2025-07-11,Referral,Desktop,0
440,2025-04-08,Organic,Mobile,0
441,2025-06-18,Paid,Desktop,0
442,2025-11-19,Paid,Mobile,0
443,2025-08-03,Organic,Mobile,0
444,2025-04-08,Organic,Mobile,0
445,2025-05-26,Email,Mobile,1
446,2025-09-03,Organic,Mobile,0
447,2025-10-28,Organic,Mobile,0
448,2025-09-11,Organic,Desktop,1
449,2025-07-16,Paid,Mobile,1
450,2025-09-05,Organic,Desktop,0
451,2025-05-28,Referral,Mobile,0
452,2025-07-04,Referral,Desktop,0
453,2025-03-11,Referral,Mobile,0
454,2025-04-16,Organic,Mobile,0
455,2025-06-01,Email,Desktop,0
456,2025-09-19,Paid,Mobile,0
457,2025-06-30,Referral,Desktop,0
458,2025-03-06,Paid,Mobile,0
459,2025-05-05,Organic,Mobile,0
460,2025-10-26,Email,Desktop,0
461,2025-09-29,Paid,Desktop,0
462,2025-11-25,Organic,Desktop,0
463,2025-08-23,Paid,Mobile,1
464,2025-11-03,Organic,Mobile,1
465,2025-11-12,Email,Mobile,0
466,2025-07-06,Organic,Mobile,0
467,2025-09-07,Paid,Desktop,0
468,2025-10-10,Email,Mobile,0
469,2025-06-28,Organic,Desktop,0
470,2025-05-30,Paid,Desktop,0
471,2025-09-08,Organic,Mobile,0
472,2025-08-18,Paid,Mobile,0
473,2025-10-16,Organic,Mobile,1
474,2025-07-21,Organic,Desktop,1
475,2025-05-20,Paid,Desktop,1
476,2025-05-10,Organic,Mobile,1
477,2025-12-08,Referral,Mobile,0
478,2025-07-06,Email,Mobile,1
479,2025-05-19,Organic,Desktop,1
480,2025-09-18,Paid,Desktop,0
481,2025-10-10,Organic,Mobile,0
482,2025-06-27,Paid,Mobile,0
483,2025-04-28,Paid,Desktop,0
484,2025-04-02,Paid,Mobile,1
485,2025-07-10,Organic,Desktop,0
486,2025-09-04,Organic,Mobile,0
487,2025-11-02,Organic,Desktop,1
488,2025-11-20,Paid,Mobile,0
489,2025-04-12,Referral,Mobile,1
490,2025-05-07,Paid,Desktop,0
491,2025-10-06,Email,Mobile,0
492,2025-03-02,Email,Mobile,1
493,2025-07-06,Organic,Desktop,0
494,2025-10-15,Paid,Mobile,0
495,2025-09-10,Email,Mobile,0
496,2025-08-04,Organic,Desktop,1
497,2025-06-24,Paid,Mobile,0
498,2025-10-01,Organic,Mobile,1
499,2025-04-14,Email,Mobile,0
500,2025-06-16,Organic,Mobile,0
501,2025-11-06,Organic,Desktop,0
502,2025-08-19,Referral,Mobile,0
503,2025-04-01,Organic,Desktop,1
504,2025-10-14,Organic,Desktop,0
505,2025-05-14,Referral,Desktop,1
506,2025-07-17,Email,Desktop,1
507,2025-11-14,Organic,Mobile,0
508,2025-08-24,Organic,Desktop,0
509,2025-05-04,Paid,Desktop,1
510,2025-08-13,Organic,Desktop,1
511,2025-11-04,Paid,Desktop,0
512,2025-10-14,Paid,Mobile,1
513,2025-07-14,Organic,Mobile,1
514,2025-06-24,Organic,Mobile,0
515,2025-03-12,Organic,Desktop,0
516,2025-12-13,Paid,Desktop,1
517,2025-03-02,Email,Desktop,1
518,2025-11-11,Paid,Desktop,0
519,2025-03-14,Organic,Mobile,1
520,2025-08-04,Paid,Mobile,0
521,2025-03-16,Organic,Desktop,0
522,2025-05-31,Paid,Mobile,0
523,2025-04-22,Referral,Mobile,0
524,2025-08-31,Paid,Desktop,0
525,2025-11-05,Paid,Desktop,0
526,2025-03-09,Organic,Desktop,0
527,2025-08-06,Paid,Mobile,0
528,2025-10-18,Organic,Mobile,0
529,2025-05-06,Organic,Mobile,0
530,2025-09-16,Organic,Desktop,0
531,2025-04-04,Organic,Mobile,0
532,2025-10-14,Organic,Mobile,1
533,2025-05-09,Paid,Mobile,0
534,2025-08-27,Paid,Desktop,0
535,2025-04-12,Organic,Mobile,1
536,2025-08-18,Organic,Desktop,0
537,2025-12-06,Organic,Mobile,0
538,2025-08-27,Organic,Mobile,1
539,2025-11-23,Paid,Mobile,1
540,2025-07-10,Referral,Mobile,1
541,2025-04-07,Referral,Desktop,0
542,2025-04-18,Paid,Mobile,0
543,2025-03-07,Organic,Mobile,0
544,2025-08-16,Organic,Mobile,1
545,2025-11-18,Organic,Mobile,0
546,2025-05-15,Organic,Mobile,0
547,2025-03-28,Organic,Mobile,0
548,2025-05-16,Organic,Desktop,0
549,2025-04-19,Paid,Desktop,1
550,2025-05-11,Organic,Mobile,0
551,2025-10-28,Email,Desktop,0
552,2025-06-22,Paid,Desktop,0
553,2025-06-22,Organic,Desktop,0
554,2025-11-24,Email,Desktop,1
555,2025-12-01,Paid,Mobile,0
556,2025-11-05,Email,Desktop,0
557,2025-06-14,Email,Desktop,1
558,2025-06-14,Paid,Mobile,0
559,2025-11-11,Paid,Mobile,1
560,2025-09-25,Organic,Mobile,0
561,2025-12-05,Organic,Desktop,0
562,2025-03-18,Paid,Desktop,0
563,2025-08-09,Paid,Mobile,0
564,2025-04-04,Paid,Mobile,1
565,2025-11-05,Organic,Desktop,1
566,2025-08-26,Organic,Mobile,0
567,2025-03-04,Email,Mobile,1
568,2025-08-11,Referral,Mobile,0
569,2025-12-15,Paid,Desktop,1
570,2025-06-16,Organic,Mobile,0
571,2025-04-11,Organic,Mobile,0
572,2025-11-22,Email,Desktop,0
573,2025-10-27,Paid,Desktop,0
574,2025-05-12,Paid,Desktop,0
575,2025-09-16,Organic,Mobile,0
576,2025-03-18,Referral,Desktop,1
577,2025-05-05,Organic,Desktop,0
578,2025-03-05,Paid,Mobile,1
579,2025-03-09,Email,Desktop,0
580,2025-09-12,Referral,Desktop,0
581,2025-06-22,Email,Mobile,1
582,2025-08-19,Organic,Mobile,0
583,2025-11-30,Email,Desktop,1
584,2025-06-01,Organic,Mobile,0
585,2025-09-09,Organic,Mobile,0
586,2025-07-01,Organic,Desktop,1
587,2025-10-29,Paid,Mobile,0
588,2025-03-23,Referral,Desktop,0
589,2025-06-05,Paid,Mobile,0
590,2025-03-22,Paid,Desktop,1
591,2025-06-25,Paid,Desktop,0
592,2025-03-15,Referral,Mobile,0
593,2025-11-04,Paid,Desktop,0
594,2025-07-13,Organic,Desktop,0
595,2025-06-15,Organic,Desktop,1
596,2025-08-23,Organic,Desktop,1
597,2025-06-24,Organic,Desktop,1
598,2025-06-01,Paid,Desktop,0
599,2025-11-07,Paid,Desktop,1
600,2025-10-03,Paid,Mobile,0
601,2025-09-21,Organic,Desktop,1
602,2025-10-09,Email,Mobile,1
603,2025-09-23,Email,Mobile,0
604,2025-06-24,Paid,Mobile,0
605,2025-08-24,Paid,Desktop,0
606,2025-07-09,Organic,Mobile,0
607,2025-11-06,Referral,Mobile,0
608,2025-08-17,Paid,Mobile,0
609,2025-03-05,Organic,Desktop,1
610,2025-12-10,Paid,Mobile,0
611,2025-07-16,Organic,Desktop,0
612,2025-12-03,Email,Desktop,1
613,2025-12-01,Paid,Desktop,0
614,2025-05-05,Organic,Desktop,0
615,2025-07-02,Organic,Mobile,0
616,2025-04-21,Referral,Mobile,0
617,2025-04-24,Email,Mobile,1
618,2025-05-07,Organic,Desktop,0
619,2025-11-21,Organic,Mobile,0
620,2025-04-18,Organic,Mobile,0
621,2025-09-02,Referral,Mobile,0
622,2025-07-25,Paid,Desktop,0
623,2025-10-19,Organic,Desktop,0
624,2025-12-13,Organic,Desktop,0
625,2025-05-12,Paid,Mobile,0
626,2025-11-11,Paid,Mobile,0
627,2025-10-08,Email,Mobile,0
628,2025-03-21,Paid,Mobile,1
629,2025-06-13,Email,Desktop,0
630,2025-06-02,Paid,Mobile,0
631,2025-06-20,Organic,Mobile,1
632,2025-07-17,Referral,Mobile,0
633,2025-12-09,Email,Desktop,0
634,2025-12-14,Email,Desktop,0
635,2025-04-26,Organic,Mobile,0
636,2025-05-02,Referral,Desktop,0
637,2025-07-03,Paid,Mobile,1
638,2025-05-04,Email,Desktop,0
639,2025-09-21,Organic,Mobile,1
640,2025-08-24,Paid,Desktop,0
641,2025-10-22,Paid,Mobile,0
642,2025-06-06,Paid,Mobile,0
643,2025-11-27,Paid,Desktop,1
644,2025-08-02,Organic,Mobile,0
645,2025-04-09,Paid,Mobile,0
646,2025-05-04,Organic,Desktop,0
647,2025-04-10,Organic,Desktop,0
648,2025-04-18,Paid,Mobile,0
649,2025-04-19,Paid,Desktop,0
650,2025-11-04,Paid,Mobile,0
651,2025-06-18,Organic,Desktop,0
652,2025-12-02,Organic,Desktop,1
653,2025-10-08,Organic,Mobile,1
654,2025-03-22,Organic,Mobile,0
655,2025-10-02,Referral,Mobile,0
656,2025-08-02,Organic,Mobile,0
657,2025-03-10,Organic,Desktop,1
658,2025-05-17,Paid,Desktop,0
659,2025-06-21,Organic,Mobile,1
660,2025-05-07,Email,Desktop,0
661,2025-07-16,Paid,Mobile,0
662,2025-03-17,Email,Desktop,1
663,2025-03-20,Organic,Mobile,1
664,2025-09-21,Paid,Desktop,0
665,2025-05-29,Referral,Mobile,0
666,2025-10-14,Email,Desktop,1
667,2025-08-28,Organic,Mobile,0
668,2025-08-07,Paid,Mobile,0
669,2025-04-10,Paid,Mobile,1
670,2025-05-09,Organic,Mobile,0
671,2025-09-19,Referral,Mobile,1
672,2025-07-08,Organic,Mobile,1
673,2025-06-27,Referral,Desktop,0
674,2025-07-30,Organic,Mobile,0
675,2025-10-18,Referral,Mobile,0
676,2025-04-01,Paid,Mobile,1
677,2025-03-22,Organic,Mobile,0
678,2025-07-25,Paid,Desktop,0
679,2025-08-27,Paid,Desktop,0
680,2025-04-19,Paid,Desktop,0
681,2025-08-11,Organic,Mobile,0
682,2025-05-09,Organic,Mobile,0
683,2025-08-23,Organic,Mobile,0
684,2025-03-26,Organic,Mobile,0
685,2025-07-03,Paid,Desktop,0
686,2025-08-19,Paid,Mobile,1
687,2025-03-06,Paid,Mobile,1
688,2025-09-27,Organic,Mobile,0
689,2025-11-06,Organic,Mobile,1
690,2025-11-05,Paid,Desktop,0
691,2025-06-23,Organic,Mobile,0
692,2025-06-13,Referral,Desktop,0
693,2025-10-14,Paid,Desktop,1
694,2025-04-02,Organic,Mobile,0
695,2025-06-01,Paid,Desktop,0
696,2025-05-06,Organic,Desktop,0
697,2025-11-18,Email,Mobile,1
698,2025-10-29,Organic,Desktop,0
699,2025-12-14,Organic,Mobile,0
700,2025-06-07,Paid,Mobile,0
701,2025-04-05,Organic,Mobile,1
702,2025-10-17,Paid,Desktop,1
703,2025-07-11,Organic,Mobile,0
704,2025-10-16,Paid,Mobile,0
705,2025-11-13,Referral,Mobile,1
706,2025-06-23,Organic,Mobile,0
707,2025-07-22,Paid,Mobile,1
708,2025-03-04,Referral,Mobile,1
709,2025-11-22,Email,Mobile,0
710,2025-09-19,Paid,Desktop,0
711,2025-07-13,Referral,Mobile,0
712,2025-11-03,Paid,Desktop,0
713,2025-10-12,Email,Mobile,0
714,2025-11-12,Organic,Desktop,0
715,2025-04-30,Paid,Desktop,0
716,2025-03-05,Paid,Desktop,0
717,2025-04-28,Organic,Mobile,0
718,2025-04-24,Organic,Mobile,0
719,2025-06-24,Referral,Mobile,1
720,2025-07-30,Organic,Desktop,0
721,2025-06-12,Paid,Desktop,0
722,2025-09-09,Paid,Mobile,0
723,2025-08-05,Email,Mobile,0
724,2025-08-18,Paid,Desktop,1
725,2025-08-04,Organic,Desktop,0
726,2025-04-01,Organic,Mobile,0
727,2025-08-03,Organic,Mobile,0
728,2025-09-14,Referral,Desktop,0
729,2025-07-21,Referral,Mobile,0
730,2025-03-30,Paid,Mobile,0
731,2025-09-21,Organic,Mobile,1
732,2025-10-21,Organic,Mobile,1
733,2025-03-25,Organic,Desktop,1
734,2025-05-29,Paid,Desktop,1
735,2025-06-09,Organic,Desktop,1
736,2025-10-05,Organic,Desktop,0
737,2025-03-02,Email,Mobile,1
738,2025-08-20,Organic,Desktop,0
739,2025-06-17,Referral,Mobile,0
740,2025-10-22,Organic,Mobile,0
741,2025-06-04,Referral,Mobile,1
742,2025-11-28,Paid,Mobile,0
743,2025-10-17,Paid,Mobile,0
744,2025-10-23,Paid,Mobile,0
745,2025-06-03,Email,Desktop,1
746,2025-08-18,Email,Mobile,0
747,2025-08-01,Paid,Desktop,0
748,2025-09-24,Paid,Mobile,0
749,2025-07-29,Referral,Desktop,0
750,2025-06-14,Organic,Desktop,1
751,2025-07-21,Referral,Mobile,0
752,2025-10-26,Email,Mobile,0
753,2025-03-24,Email,Mobile,0
754,2025-05-18,Organic,Desktop,0
755,2025-12-12,Organic,Desktop,0
756,2025-04-23,Organic,Mobile,0
757,2025-09-12,Paid,Mobile,0
758,2025-08-26,Organic,Desktop,1
759,2025-06-05,Paid,Mobile,1
760,2025-03-29,Paid,Mobile,0
761,2025-07-24,Email,Desktop,0
762,2025-11-27,Email,Mobile,1
763,2025-10-31,Paid,Mobile,1
764,2025-09-01,Email,Mobile,0
765,2025-10-13,Email,Desktop,0
766,2025-06-15,Organic,Mobile,0
767,2025-06-08,Email,Mobile,0
768,2025-11-01,Email,Desktop,0
769,2025-07-26,Email,Desktop,0
770,2025-08-27,Referral,Desktop,0
771,2025-12-01,Referral,Mobile,1
772,2025-06-26,Email,Mobile,0
773,2025-03-02,Organic,Desktop,0
774,2025-11-04,Organic,Mobile,0
775,2025-09-15,Paid,Desktop,1
776,2025-03-04,Email,Desktop,0
777,2025-05-28,Organic,Mobile,1
778,2025-06-14,Organic,Desktop,1
779,2025-09-16,Email,Mobile,0
780,2025-04-14,Email,Desktop,0
781,2025-10-11,Paid,Desktop,1
782,2025-05-22,Organic,Mobile,1
783,2025-04-17,Organic,Mobile,0
784,2025-03-12,Organic,Mobile,0
785,2025-09-07,Organic,Desktop,0
786,2025-09-30,Organic,Mobile,0
787,2025-05-26,Paid,Desktop,1
788,2025-05-30,Organic,Mobile,0
789,2025-03-13,Paid,Mobile,1
790,2025-04-01,Organic,Desktop,0
791,2025-12-05,Organic,Mobile,0
792,2025-03-07,Organic,Mobile,0
793,2025-10-14,Paid,Mobile,0
794,2025-08-31,Email,Mobile,0
795,2025-07-05,Organic,Desktop,0
796,2025-06-18,Organic,Mobile,1
797,2025-12-10,Paid,Mobile,1
798,2025-06-01,Organic,Mobile,0
799,2025-11-01,Referral,Mobile,0
800,2025-04-19,Referral,Mobile,0
801,2025-07-16,Organic,Desktop,0
802,2025-11-19,Organic,Desktop,1
803,2025-11-27,Referral,Desktop,0
804,2025-10-25,Organic,Mobile,0
805,2025-04-26,Organic,Desktop,0
806,2025-07-08,Paid,Desktop,0
807,2025-03-17,Referral,Mobile,1
808,2025-09-08,Paid,Mobile,0
809,2025-03-27,Organic,Mobile,0
810,2025-05-29,Email,Desktop,1
811,2025-05-04,Email,Desktop,1
812,2025-05-25,Email,Desktop,0
813,2025-11-12,Organic,Mobile,0
814,2025-08-02,Referral,Mobile,0
815,2025-10-08,Organic,Mobile,0
816,2025-09-21,Paid,Mobile,0
817,2025-08-28,Paid,Mobile,0
818,2025-06-21,Paid,Mobile,1
819,2025-04-07,Organic,Desktop,0
820,2025-07-14,Paid,Mobile,0
821,2025-11-12,Paid,Desktop,1
822,2025-11-14,Email,Desktop,0
823,2025-12-14,Referral,Mobile,0
824,2025-07-09,Referral,Desktop,0
825,2025-09-27,Paid,Desktop,1
826,2025-04-15,Organic,Mobile,0
827,2025-08-23,Email,Desktop,1
828,2025-11-17,Organic,Desktop,0
829,2025-10-17,Paid,Mobile,1
830,2025-09-09,Organic,Desktop,0
831,2025-08-08,Organic,Mobile,0
832,2025-03-09,Organic,Mobile,0
833,2025-04-27,Organic,Mobile,1
834,2025-05-31,Paid,Desktop,0
835,2025-06-27,Referral,Desktop,0
836,2025-05-02,Paid,Desktop,0
837,2025-07-24,Email,Desktop,0
838,2025-05-19,Paid,Desktop,0
839,2025-08-07,Organic,Mobile,0
840,2025-07-07,Organic,Desktop,0
841,2025-04-23,Organic,Desktop,0
842,2025-05-07,Referral,Mobile,1
843,2025-06-19,Referral,Desktop,0
844,2025-08-18,Referral,Desktop,0
845,2025-03-29,Paid,Mobile,0
846,2025-09-15,Email,Desktop,0
847,2025-06-29,Organic,Desktop,0
848,2025-04-30,Referral,Desktop,0
849,2025-03-31,Organic,Desktop,0
850,2025-12-08,Email,Mobile,0
851,2025-08-05,Referral,Mobile,1
852,2025-09-17,Organic,Desktop,0
853,2025-10-01,Organic,Mobile,0
854,2025-04-02,Organic,Desktop,0
855,2025-07-01,Organic,Mobile,1
856,2025-08-31,Organic,Mobile,0
857,2025-05-21,Email,Mobile,0
858,2025-09-22,Paid,Desktop,0
859,2025-07-25,Email,Desktop,0
860,2025-04-05,Paid,Desktop,1
861,2025-04-30,Email,Mobile,0
862,2025-11-07,Email,Mobile,1
863,2025-10-07,Referral,Mobile,0
864,2025-08-29,Paid,Desktop,0
865,2025-10-06,Organic,Mobile,0
866,2025-07-13,Organic,Desktop,0
867,2025-11-06,Organic,Mobile,0
868,2025-09-12,Organic,Mobile,0
869,2025-10-17,Organic,Mobile,0
870,2025-06-06,Organic,Mobile,0
871,2025-09-05,Referral,Desktop,1
872,2025-12-02,Paid,Desktop,0
873,2025-05-31,Email,Desktop,0
874,2025-07-17,Referral,Mobile,0
875,2025-05-19,Referral,Mobile,1
876,2025-03-26,Organic,Mobile,0
877,2025-11-16,Organic,Desktop,0
878,2025-10-09,Referral,Desktop,0
879,2025-11-01,Organic,Mobile,0
880,2025-10-16,Organic,Mobile,1
881,2025-09-07,Organic,Mobile,0
882,2025-08-21,Referral,Desktop,1
883,2025-10-28,Paid,Desktop,0
884,2025-12-01,Paid,Mobile,0
885,2025-03-23,Organic,Desktop,0
886,2025-11-09,Organic,Desktop,1
887,2025-04-25,Organic,Mobile,0
888,2025-03-28,Organic,Desktop,1
889,2025-06-17,Paid,Desktop,0
890,2025-03-30,Email,Desktop,0
891,2025-06-01,Paid,Desktop,0
892,2025-10-16,Organic,Desktop,0
893,2025-10-18,Referral,Mobile,0
894,2025-07-27,Referral,Mobile,0
895,2025-11-20,Referral,Desktop,0
896,2025-07-24,Paid,Desktop,1
897,2025-08-01,Organic,Desktop,1
898,2025-03-28,Email,Desktop,1
899,2025-10-05,Organic,Desktop,0
900,2025-07-04,Paid,Mobile,1
901,2025-05-13,Paid,Mobile,1
902,2025-04-15,Email,Desktop,0
903,2025-12-03,Organic,Desktop,1
904,2025-03-06,Email,Mobile,0
905,2025-05-17,Organic,Mobile,0
906,2025-06-26,Organic,Desktop,0
907,2025-11-22,Organic,Mobile,0
908,2025-11-07,Organic,Mobile,0
909,2025-05-09,Paid,Desktop,0
910,2025-12-12,Paid,Desktop,1
911,2025-11-28,Organic,Mobile,0
912,2025-03-30,Paid,Mobile,0
913,2025-07-05,Organic,Mobile,0
914,2025-10-01,Organic,Mobile,0
915,2025-05-12,Paid,Mobile,1
916,2025-09-30,Email,Mobile,0
917,2025-08-08,Organic,Desktop,0
918,2025-09-27,Organic,Desktop,1
919,2025-03-24,Organic,Desktop,0
920,2025-07-10,Paid,Mobile,0
921,2025-05-28,Paid,Mobile,0
922,2025-03-25,Paid,Desktop,0
923,2025-09-21,Referral,Desktop,0
924,2025-08-28,Paid,Desktop,1
925,2025-06-26,Organic,Desktop,1
926,2025-07-04,Organic,Mobile,0
927,2025-11-01,Organic,Desktop,1
928,2025-09-16,Paid,Mobile,0
929,2025-12-11,Referral,Desktop,0
930,2025-03-27,Paid,Desktop,1
931,2025-06-26,Organic,Mobile,0
932,2025-10-30,Email,Desktop,0
933,2025-07-07,Paid,Desktop,0
934,2025-08-22,Organic,Desktop,0
935,2025-06-24,Paid,Mobile,0
936,2025-04-28,Organic,Desktop,1
937,2025-06-10,Organic,Mobile,0
938,2025-10-11,Email,Mobile,1
939,2025-08-21,Email,Mobile,1
940,2025-07-29,Referral,Desktop,1
941,2025-07-19,Referral,Desktop,1
942,2025-06-08,Organic,Mobile,0
943,2025-06-30,Email,Mobile,1
944,2025-08-23,Organic,Mobile,1
945,2025-11-21,Paid,Desktop,1
946,2025-06-20,Organic,Mobile,0
947,2025-10-05,Referral,Desktop,0
948,2025-07-28,Paid,Mobile,0
949,2025-11-02,Email,Desktop,1
950,2025-05-12,Email,Mobile,0
951,2025-09-27,Referral,Mobile,0
952,2025-10-01,Organic,Mobile,0
953,2025-04-08,Referral,Mobile,0
954,2025-10-24,Email,Desktop,1
955,2025-05-13,Paid,Desktop,0
956,2025-07-13,Organic,Desktop,0
957,2025-05-21,Organic,Desktop,0
958,2025-12-02,Email,Mobile,0
959,2025-12-10,Paid,Desktop,0
960,2025-09-30,Organic,Desktop,0
961,2025-04-09,Organic,Desktop,1
962,2025-04-17,Email,Desktop,0
963,2025-10-24,Referral,Mobile,1
964,2025-06-24,Paid,Mobile,0
965,2025-04-22,Organic,Mobile,0
966,2025-09-21,Email,Desktop,0
967,2025-09-08,Email,Mobile,0
968,2025-05-13,Organic,Desktop,1
969,2025-04-27,Paid,Desktop,0
970,2025-04-01,Paid,Desktop,0
971,2025-07-31,Paid,Desktop,0
972,2025-06-24,Organic,Desktop,0
973,2025-05-02,Email,Desktop,0
974,2025-06-01,Email,Mobile,0
975,2025-11-30,Organic,Desktop,1
976,2025-06-18,Referral,Mobile,1
977,2025-06-10,Email,Desktop,0
978,2025-05-03,Organic,Mobile,0
979,2025-10-31,Organic,Desktop,0
980,2025-06-07,Organic,Desktop,0
981,2025-03-25,Referral,Mobile,0
982,2025-06-08,Organic,Mobile,1
983,2025-04-16,Paid,Mobile,0
984,2025-05-02,Referral,Desktop,0
985,2025-08-23,Organic,Mobile,1
986,2025-03-12,Email,Mobile,1
987,2025-11-29,Paid,Desktop,0
988,2025-09-03,Paid,Mobile,0
989,2025-08-13,Referral,Mobile,0
990,2025-03-24,Organic,Mobile,0
991,2025-07-04,Email,Mobile,0
992,2025-06-28,Email,Mobile,0
993,2025-04-18,Organic,Mobile,1
994,2025-03-26,Email,Mobile,1
995,2025-11-08,Email,Desktop,0
996,2025-06-17,Email,Mobile,1
997,2025-05-25,Organic,Mobile,0
998,2025-10-30,Paid,Mobile,1
999,2025-09-16,Email,Desktop,1
1000,2025-05-22,Email,Mobile,1
1001,2025-06-22,Paid,Mobile,1
1002,2025-05-15,Organic,Mobile,0
1003,2025-03-31,Paid,Desktop,0
1004,2025-10-07,Organic,Mobile,0
1005,2025-10-16,Organic,Desktop,0
1006,2025-04-11,Organic,Desktop,1
1007,2025-05-08,Organic,Mobile,0
1008,2025-09-19,Organic,Desktop,0
1009,2025-03-18,Paid,Mobile,0
1010,2025-06-03,Organic,Mobile,0
1011,2025-04-29,Referral,Mobile,1
1012,2025-11-04,Email,Mobile,0
1013,2025-06-16,Email,Mobile,1
1014,2025-06-27,Organic,Desktop,0
1015,2025-08-01,Referral,Desktop,0
1016,2025-06-22,Referral,Mobile,0
1017,2025-03-04,Email,Desktop,0
1018,2025-11-25,Organic,Desktop,0
1019,2025-05-03,Paid,Desktop,1
1020,2025-10-11,Organic,Desktop,0
1021,2025-10-17,Paid,Desktop,1
1022,2025-05-08,Organic,Mobile,0
1023,2025-03-01,Email,Mobile,1
1024,2025-12-14,Paid,Mobile,1
1025,2025-05-15,Paid,Desktop,0
1026,2025-03-26,Organic,Mobile,0
1027,2025-08-28,Organic,Mobile,1
1028,2025-09-26,Paid,Mobile,0
1029,2025-09-23,Organic,Mobile,0
1030,2025-03-27,Organic,Desktop,0
1031,2025-07-22,Organic,Desktop,0
1032,2025-09-23,Paid,Desktop,0
1033,2025-09-04,Organic,Desktop,0
1034,2025-10-27,Paid,Desktop,1
1035,2025-11-25,Paid,Desktop,0
1036,2025-06-08,Organic,Mobile,0
1037,2025-12-07,Referral,Desktop,1
1038,2025-08-11,Organic,Mobile,1
1039,2025-07-09,Paid,Desktop,1
1040,2025-07-12,Paid,Desktop,0
1041,2025-06-22,Organic,Mobile,0
1042,2025-05-01,Paid,Desktop,0
1043,2025-06-24,Paid,Desktop,0
1044,2025-05-16,Email,Desktop,1
1045,2025-09-24,Organic,Desktop,0
1046,2025-08-21,Organic,Mobile,1
1047,2025-11-15,Email,Mobile,1
1048,2025-12-14,Referral,Desktop,1
1049,2025-03-14,Organic,Mobile,0
1050,2025-07-18,Organic,Desktop,0
1051,2025-10-02,Email,Desktop,0
1052,2025-07-31,Organic,Desktop,0
1053,2025-03-05,Email,Desktop,0
1054,2025-10-31,Email,Desktop,1
1055,2025-08-07,Organic,Mobile,0
1056,2025-05-03,Organic,Mobile,0
1057,2025-06-16,Organic,Desktop,1
1058,2025-06-11,Organic,Desktop,0
1059,2025-05-27,Paid,Desktop,0
1060,2025-06-29,Paid,Desktop,1
1061,2025-06-07,Referral,Desktop,1
1062,2025-07-30,Paid,Desktop,0
1063,2025-04-25,Organic,Desktop,0
1064,2025-07-08,Organic,Mobile,0
1065,2025-11-24,Organic,Desktop,0
1066,2025-03-14,Organic,Mobile,1
1067,2025-03-19,Paid,Desktop,0
1068,2025-04-29,Organic,Mobile,0
1069,2025-10-17,Organic,Desktop,0
1070,2025-07-16,Referral,Mobile,0
1071,2025-07-30,Paid,Mobile,0
1072,2025-09-15,Organic,Mobile,0
1073,2025-12-04,Paid,Desktop,1
1074,2025-09-09,Paid,Desktop,1
1075,2025-07-07,Paid,Mobile,1
1076,2025-04-02,Organic,Mobile,1
1077,2025-11-24,Paid,Desktop,0
1078,2025-06-06,Paid,Mobile,0
1079,2025-09-02,Referral,Desktop,0
1080,2025-03-14,Organic,Desktop,1
1081,2025-04-05,Paid,Desktop,0
1082,2025-09-26,Referral,Desktop,1
1083,2025-04-14,Paid,Desktop,1
1084,2025-05-22,Email,Mobile,0
1085,2025-05-08,Email,Desktop,1
1086,2025-08-26,Organic,Mobile,1
1087,2025-09-03,Organic,Mobile,1
1088,2025-07-12,Email,Mobile,1
1089,2025-07-01,Organic,Desktop,0
1090,2025-03-23,Paid,Mobile,0
1091,2025-06-14,Email,Desktop,0
1092,2025-12-09,Paid,Mobile,0
1093,2025-07-23,Paid,Mobile,0
1094,2025-10-17,Organic,Desktop,0
1095,2025-11-12,Paid,Desktop,0
1096,2025-09-06,Organic,Mobile,0
1097,2025-03-23,Organic,Mobile,1
1098,2025-09-30,Paid,Desktop,0
1099,2025-10-29,Organic,Desktop,0
1100,2025-07-19,Organic,Mobile,0
1101,2025-06-19,Organic,Mobile,0
1102,2025-10-26,Organic,Mobile,0
1103,2025-10-01,Organic,Mobile,0
1104,2025-03-31,Organic,Mobile,0
1105,2025-11-24,Organic,Mobile,0
1106,2025-04-12,Organic,Mobile,1
1107,2025-09-23,Paid,Desktop,0
1108,2025-12-08,Organic,Mobile,0
1109,2025-04-29,Organic,Desktop,0
1110,2025-06-24,Organic,Desktop,1
1111,2025-06-22,Organic,Mobile,0
1112,2025-10-10,Paid,Mobile,0
1113,2025-08-25,Email,Desktop,0
1114,2025-04-06,Referral,Mobile,0
1115,2025-08-03,Paid,Desktop,0
1116,2025-08-17,Organic,Mobile,0
1117,2025-07-25,Email,Mobile,1
1118,2025-07-22,Organic,Mobile,0
1119,2025-06-21,Email,Desktop,1
1120,2025-11-06,Email,Desktop,1
1121,2025-05-04,Referral,Mobile,1
1122,2025-10-30,Organic,Desktop,0
1123,2025-09-18,Organic,Mobile,1
1124,2025-03-06,Email,Desktop,1
1125,2025-08-30,Paid,Mobile,1
1126,2025-07-29,Organic,Mobile,0
1127,2025-07-28,Paid,Mobile,0
1128,2025-09-18,Organic,Mobile,0
1129,2025-03-28,Referral,Mobile,0
1130,2025-04-12,Organic,Desktop,0
1131,2025-03-09,Organic,Desktop,0
1132,2025-05-25,Paid,Desktop,0
1133,2025-10-14,Paid,Desktop,0
1134,2025-03-16,Paid,Desktop,0
1135,2025-08-20,Organic,Mobile,0
1136,2025-05-10,Referral,Mobile,0
1137,2025-07-26,Paid,Desktop,1
1138,2025-10-07,Organic,Desktop,0
1139,2025-07-12,Organic,Mobile,0
1140,2025-05-07,Paid,Desktop,0
1141,2025-07-24,Paid,Mobile,0
1142,2025-03-09,Paid,Mobile,0
1143,2025-06-29,Email,Mobile,0
1144,2025-05-26,Email,Mobile,0
1145,2025-03-03,Organic,Desktop,1
1146,2025-05-29,Organic,Desktop,0
1147,2025-11-12,Email,Desktop,0
1148,2025-07-14,Paid,Mobile,0
1149,2025-10-14,Organic,Desktop,0
1150,2025-09-26,Paid,Mobile,1
1151,2025-10-30,Paid,Desktop,1
1152,2025-05-22,Paid,Desktop,1
1153,2025-11-17,Organic,Desktop,1
1154,2025-04-07,Paid,Mobile,1
1155,2025-11-02,Organic,Mobile,1
1156,2025-03-06,Email,Mobile,0
1157,2025-08-02,Referral,Mobile,1
1158,2025-08-24,Paid,Mobile,0
1159,2025-09-30,Referral,Mobile,0
1160,2025-11-13,Paid,Desktop,1
1161,2025-12-06,Organic,Desktop,0
1162,2025-04-25,Paid,Mobile,0
1163,2025-09-10,Organic,Mobile,0
1164,2025-04-04,Referral,Desktop,0
1165,2025-10-04,Email,Mobile,1
1166,2025-04-04,Paid,Mobile,0
1167,2025-11-17,Paid,Mobile,1
1168,2025-12-07,Organic,Mobile,0
1169,2025-09-20,Organic,Desktop,0
1170,2025-07-23,Organic,Desktop,0
1171,2025-04-22,Organic,Mobile,0
1172,2025-04-01,Referral,Desktop,1
1173,2025-06-10,Paid,Desktop,1
1174,2025-06-28,Organic,Mobile,0
1175,2025-10-07,Organic,Desktop,1
1176,2025-08-08,Paid,Mobile,0
1177,2025-07-23,Paid,Mobile,0
1178,2025-07-15,Organic,Mobile,1
1179,2025-08-13,Referral,Desktop,0
1180,2025-09-01,Paid,Mobile,0
1181,2025-10-30,Organic,Desktop,1
1182,2025-04-09,Paid,Mobile,1
1183,2025-11-20,Paid,Desktop,0
1184,2025-07-09,Paid,Desktop,1
1185,2025-11-22,Organic,Mobile,1
1186,2025-09-02,Email,Mobile,0
1187,2025-10-02,Email,Desktop,0
1188,2025-08-06,Paid,Desktop,0
1189,2025-04-03,Organic,Mobile,1
1190,2025-06-07,Paid,Desktop,0
1191,2025-09-30,Paid,Desktop,0
1192,2025-11-05,Paid,Mobile,0
1193,2025-09-19,Organic,Mobile,0
1194,2025-11-02,Paid,Desktop,0
1195,2025-04-28,Paid,Mobile,0
1196,2025-08-17,Paid,Mobile,1
1197,2025-11-28,Paid,Mobile,0
1198,2025-09-09,Organic,Desktop,1
1199,2025-05-21,Paid,Mobile,0
1200,2025-10-11,Organic,Mobile,1
1201,2025-08-18,Organic,Desktop,0
1202,2025-06-18,Referral,Desktop,0
1203,2025-09-23,Referral,Mobile,0
1204,2025-04-28,Paid,Mobile,0
1205,2025-05-24,Referral,Desktop,0
1206,2025-08-08,Organic,Desktop,1
1207,2025-07-06,Referral,Mobile,1
1208,2025-05-14,Organic,Desktop,1
1209,2025-06-05,Paid,Desktop,0
1210,2025-10-12,Organic,Desktop,0
1211,2025-03-29,Organic,Desktop,0
1212,2025-09-01,Organic,Desktop,1
1213,2025-05-16,Organic,Desktop,1
1214,2025-10-24,Paid,Mobile,0
1215,2025-09-13,Paid,Mobile,1
1216,2025-06-20,Referral,Desktop,1
1217,2025-11-01,Organic,Desktop,0
1218,2025-10-19,Paid,Desktop,0
1219,2025-09-12,Organic,Mobile,0
1220,2025-06-29,Email,Desktop,0
1221,2025-03-08,Organic,Mobile,0
1222,2025-09-12,Organic,Desktop,0
1223,2025-07-24,Paid,Desktop,1
1224,2025-07-24,Referral,Desktop,0
1225,2025-07-23,Email,Mobile,1
1226,2025-10-27,Organic,Mobile,0
1227,2025-10-28,Organic,Mobile,1
1228,2025-06-17,Referral,Mobile,0
1229,2025-04-02,Paid,Desktop,1
1230,2025-07-20,Organic,Mobile,0
1231,2025-08-03,Organic,Desktop,0
1232,2025-04-08,Organic,Mobile,1
1233,2025-10-03,Organic,Mobile,1
1234,2025-04-07,Organic,Mobile,0
1235,2025-11-07,Email,Mobile,0
1236,2025-12-15,Referral,Desktop,1
1237,2025-07-10,Referral,Mobile,0
1238,2025-04-27,Organic,Desktop,0
1239,2025-12-07,Paid,Desktop,0
1240,2025-09-28,Organic,Desktop,0
1241,2025-09-23,Paid,Desktop,0
1242,2025-08-08,Paid,Desktop,0
1243,2025-07-13,Organic,Desktop,0
1244,2025-03-18,Email,Mobile,1
1245,2025-09-28,Organic,Desktop,0
1246,2025-03-12,Referral,Mobile,0
1247,2025-10-17,Organic,Desktop,0
1248,2025-07-06,Paid,Mobile,0
1249,2025-11-25,Organic,Mobile,0
1250,2025-09-21,Organic,Mobile,0
1251,2025-08-10,Organic,Desktop,0
1252,2025-06-27,Paid,Mobile,0
1253,2025-10-16,Paid,Mobile,0
1254,2025-10-30,Organic,Mobile,0
1255,2025-03-22,Paid,Desktop,1
1256,2025-05-19,Email,Desktop,0
1257,2025-04-03,Paid,Desktop,0
1258,2025-11-01,Email,Desktop,0
1259,2025-05-21,Referral,Desktop,1
1260,2025-08-30,Paid,Mobile,0
1261,2025-10-09,Paid,Mobile,0
1262,2025-07-23,Referral,Desktop,0
1263,2025-03-21,Paid,Mobile,1
1264,2025-05-05,Organic,Desktop,0
1265,2025-07-22,Organic,Desktop,0
1266,2025-11-17,Paid,Mobile,1
1267,2025-09-21,Organic,Desktop,0
1268,2025-10-09,Paid,Mobile,1
1269,2025-08-03,Paid,Desktop,0
1270,2025-08-15,Email,Mobile,0
1271,2025-08-09,Organic,Desktop,0
1272,2025-11-05,Organic,Desktop,0
1273,2025-05-27,Organic,Desktop,0
1274,2025-03-10,Paid,Mobile,1
1275,2025-10-17,Organic,Desktop,1
1276,2025-12-01,Organic,Desktop,1
1277,2025-04-01,Paid,Mobile,0
1278,2025-08-04,Organic,Mobile,0
1279,2025-07-07,Organic,Mobile,0
1280,2025-03-29,Referral,Desktop,0
1281,2025-08-07,Paid,Desktop,0
1282,2025-05-09,Referral,Mobile,1
1283,2025-11-19,Paid,Desktop,0
1284,2025-07-24,Paid,Mobile,1
1285,2025-04-14,Paid,Mobile,0
1286,2025-09-14,Organic,Desktop,1
1287,2025-10-22,Paid,Mobile,1
1288,2025-10-08,Organic,Mobile,0
1289,2025-12-05,Organic,Mobile,1
1290,2025-03-02,Organic,Desktop,0
1291,2025-10-17,Paid,Desktop,1
1292,2025-10-04,Paid,Mobile,0
1293,2025-07-23,Paid,Mobile,0
1294,2025-07-27,Email,Desktop,0
1295,2025-08-12,Email,Desktop,0
1296,2025-05-12,Paid,Mobile,0
1297,2025-03-03,Organic,Desktop,0
1298,2025-04-20,Email,Desktop,0
1299,2025-07-16,Referral,Desktop,1
1300,2025-08-10,Organic,Mobile,0
1301,2025-11-24,Organic,Mobile,0
1302,2025-06-27,Organic,Desktop,0
1303,2025-11-04,Email,Mobile,1
1304,2025-08-01,Paid,Mobile,0
1305,2025-04-03,Organic,Mobile,1
1306,2025-11-21,Email,Mobile,0
1307,2025-05-07,Organic,Mobile,0
1308,2025-04-30,Organic,Mobile,0
1309,2025-05-27,Referral,Mobile,0
1310,2025-09-11,Organic,Desktop,0
1311,2025-08-17,Organic,Desktop,0
1312,2025-11-17,Email,Mobile,0
1313,2025-03-15,Paid,Mobile,0
1314,2025-05-30,Paid,Mobile,1
1315,2025-09-29,Paid,Desktop,0
1316,2025-10-21,Organic,Desktop,0
1317,2025-12-04,Organic,Desktop,1
1318,2025-04-26,Email,Desktop,0
1319,2025-07-01,Organic,Desktop,0
1320,2025-11-04,Paid,Desktop,0
1321,2025-12-04,Referral,Desktop,0
1322,2025-05-02,Paid,Mobile,0
1323,2025-06-13,Paid,Desktop,0
1324,2025-11-10,Paid,Desktop,1
1325,2025-12-09,Paid,Mobile,1
1326,2025-03-31,Paid,Mobile,0
1327,2025-12-09,Paid,Mobile,0
1328,2025-08-03,Organic,Mobile,0
1329,2025-06-18,Referral,Mobile,0
1330,2025-04-10,Paid,Desktop,0
1331,2025-05-09,Paid,Desktop,0
1332,2025-11-30,Email,Mobile,0
1333,2025-07-05,Paid,Mobile,0
1334,2025-05-26,Referral,Desktop,0
1335,2025-08-05,Email,Mobile,0
1336,2025-11-29,Organic,Desktop,1
1337,2025-05-28,Organic,Desktop,0
1338,2025-04-13,Organic,Desktop,0
1339,2025-08-09,Organic,Mobile,0
1340,2025-04-28,Paid,Mobile,0
1341,2025-11-22,Paid,Desktop,1
1342,2025-03-19,Organic,Mobile,0
1343,2025-08-16,Paid,Mobile,0
1344,2025-06-20,Email,Desktop,0
1345,2025-04-04,Organic,Mobile,0
1346,2025-03-10,Organic,Desktop,1
1347,2025-05-10,Referral,Mobile,0
1348,2025-03-11,Paid,Desktop,0
1349,2025-05-07,Organic,Mobile,0
1350,2025-03-10,Referral,Mobile,0
1351,2025-06-25,Organic,Mobile,1
1352,2025-05-18,Paid,Desktop,0
1353,2025-10-23,Referral,Mobile,0
1354,2025-08-12,Paid,Mobile,1
1355,2025-09-28,Email,Mobile,0
1356,2025-08-16,Referral,Mobile,0
1357,2025-03-22,Organic,Mobile,0
1358,2025-08-16,Referral,Desktop,0
1359,2025-08-01,Organic,Desktop,0
1360,2025-09-08,Organic,Desktop,0
1361,2025-07-01,Organic,Desktop,0
1362,2025-11-19,Paid,Mobile,1
1363,2025-03-23,Paid,Mobile,1
1364,2025-05-08,Paid,Mobile,1
1365,2025-12-15,Organic,Desktop,0
1366,2025-10-07,Organic,Mobile,1
1367,2025-11-10,Paid,Desktop,0
1368,2025-08-30,Organic,Mobile,0
1369,2025-09-11,Organic,Mobile,0
1370,2025-09-02,Paid,Desktop,1
1371,2025-03-03,Organic,Mobile,0
1372,2025-11-04,Organic,Mobile,0
1373,2025-05-30,Paid,Mobile,0
1374,2025-05-22,Paid,Desktop,0
1375,2025-07-08,Organic,Mobile,0
1376,2025-10-04,Paid,Mobile,0
1377,2025-09-27,Referral,Desktop,0
1378,2025-05-09,Referral,Mobile,1
1379,2025-08-14,Referral,Desktop,1
1380,2025-10-02,Email,Mobile,0
1381,2025-11-02,Organic,Mobile,0
1382,2025-09-05,Organic,Desktop,1
1383,2025-06-07,Organic,Desktop,0
1384,2025-04-04,Paid,Mobile,0
1385,2025-04-08,Email,Mobile,0
1386,2025-10-21,Organic,Desktop,1
1387,2025-08-24,Paid,Desktop,0
1388,2025-04-29,Paid,Desktop,0
1389,2025-06-10,Paid,Desktop,0
1390,2025-04-10,Organic,Mobile,0
1391,2025-05-05,Paid,Mobile,0
1392,2025-09-09,Paid,Desktop,0
1393,2025-10-25,Paid,Mobile,0
1394,2025-07-15,Referral,Desktop,0
1395,2025-06-19,Paid,Desktop,0
1396,2025-06-11,Organic,Mobile,0
1397,2025-05-05,Organic,Mobile,1
1398,2025-04-15,Email,Desktop,1
1399,2025-03-26,Organic,Mobile,0
1400,2025-05-06,Paid,Mobile,0
1401,2025-11-12,Paid,Desktop,1
1402,2025-09-27,Paid,Desktop,0
1403,2025-05-19,Paid,Mobile,0
1404,2025-10-19,Paid,Mobile,0
1405,2025-09-25,Paid,Mobile,0
1406,2025-07-12,Paid,Desktop,1
1407,2025-11-27,Organic,Mobile,1
1408,2025-11-27,Paid,Desktop,1
1409,2025-05-30,Paid,Desktop,1
1410,2025-10-26,Organic,Mobile,0
1411,2025-05-24,Organic,Mobile,0
1412,2025-04-20,Organic,Mobile,1
1413,2025-05-01,Referral,Mobile,0
1414,2025-03-03,Organic,Desktop,0
1415,2025-05-21,Organic,Desktop,1
1416,2025-07-12,Organic,Mobile,0
1417,2025-06-27,Organic,Desktop,0
1418,2025-07-29,Paid,Desktop,0
1419,2025-07-03,Email,Mobile,0
1420,2025-04-04,Email,Mobile,1
1421,2025-03-18,Referral,Mobile,0
1422,2025-03-12,Email,Mobile,1
1423,2025-11-26,Paid,Mobile,0
1424,2025-05-10,Referral,Mobile,1
1425,2025-05-03,Paid,Desktop,0
1426,2025-07-02,Email,Desktop,0
1427,2025-11-09,Referral,Desktop,0
1428,2025-07-25,Paid,Desktop,0
1429,2025-03-13,Organic,Mobile,0
1430,2025-08-05,Email,Mobile,1
1431,2025-06-22,Organic,Mobile,0
1432,2025-06-18,Paid,Desktop,0
1433,2025-10-05,Organic,Mobile,1
1434,2025-09-16,Organic,Mobile,0
1435,2025-09-05,Paid,Mobile,0
1436,2025-09-19,Referral,Desktop,0
1437,2025-11-29,Paid,Mobile,1
1438,2025-06-24,Organic,Desktop,0
1439,2025-07-28,Referral,Mobile,1
1440,2025-04-28,Organic,Desktop,1
1441,2025-08-07,Referral,Mobile,1
1442,2025-09-17,Paid,Mobile,1
1443,2025-09-27,Organic,Desktop,0
1444,2025-08-02,Email,Desktop,0
1445,2025-06-15,Paid,Desktop,0
1446,2025-03-28,Email,Mobile,0
1447,2025-03-13,Referral,Mobile,0
1448,2025-09-03,Paid,Mobile,0
1449,2025-06-26,Referral,Desktop,1
1450,2025-09-30,Paid,Mobile,0
1451,2025-11-15,Organic,Mobile,0
1452,2025-06-14,Organic,Mobile,0
1453,2025-06-11,Paid,Desktop,0
1454,2025-10-13,Paid,Mobile,0
1455,2025-04-24,Paid,Mobile,0
1456,2025-05-06,Organic,Mobile,1
1457,2025-04-09,Organic,Mobile,1
1458,2025-04-15,Organic,Mobile,1
1459,2025-10-07,Paid,Mobile,1
1460,2025-11-25,Paid,Desktop,0
1461,2025-09-06,Organic,Desktop,0
1462,2025-09-09,Email,Desktop,0
1463,2025-09-25,Paid,Mobile,0
1464,2025-11-14,Paid,Desktop,0
1465,2025-06-17,Organic,Desktop,1
1466,2025-07-24,Organic,Desktop,1
1467,2025-07-19,Referral,Desktop,0
1468,2025-07-12,Organic,Mobile,1
1469,2025-06-28,Paid,Desktop,0
1470,2025-03-21,Referral,Desktop,1
1471,2025-03-31,Referral,Desktop,1
1472,2025-05-19,Referral,Desktop,1
1473,2025-06-11,Paid,Desktop,0
1474,2025-06-12,Organic,Desktop,0
1475,2025-08-18,Organic,Desktop,0
1476,2025-10-22,Organic,Mobile,0
1477,2025-08-14,Email,Desktop,0
1478,2025-09-09,Paid,Desktop,0
1479,2025-08-08,Paid,Mobile,0
1480,2025-06-23,Email,Desktop,0
1481,2025-08-14,Paid,Mobile,0
1482,2025-10-05,Email,Desktop,0
1483,2025-09-15,Paid,Mobile,0
1484,2025-09-05,Paid,Mobile,0
1485,2025-07-30,Paid,Desktop,1
1486,2025-10-24,Organic,Desktop,0
1487,2025-08-19,Organic,Mobile,0
1488,2025-03-29,Organic,Mobile,0
1489,2025-11-16,Organic,Desktop,0
1490,2025-08-17,Paid,Mobile,0
1491,2025-05-09,Paid,Mobile,1
1492,2025-04-30,Paid,Desktop,0
1493,2025-07-28,Organic,Desktop,0
1494,2025-12-05,Referral,Mobile,0
1495,2025-05-31,Referral,Desktop,0
1496,2025-11-06,Referral,Desktop,0
1497,2025-10-23,Paid,Mobile,0
1498,2025-10-03,Paid,Mobile,0
1499,2025-08-11,Referral,Mobile,0
1500,2025-11-02,Organic,Desktop,1
1501,2025-08-11,Organic,Mobile,0
1502,2025-04-30,Paid,Mobile,0
1503,2025-06-22,Paid,Desktop,0
1504,2025-11-12,Organic,Desktop,1
1505,2025-10-26,Organic,Mobile,0
1506,2025-07-20,Referral,Desktop,1
1507,2025-10-28,Organic,Mobile,0
1508,2025-03-22,Email,Mobile,0
1509,2025-09-04,Paid,Desktop,0
1510,2025-05-05,Email,Mobile,0
1511,2025-04-25,Email,Mobile,1
1512,2025-10-18,Organic,Mobile,0
1513,2025-04-05,Referral,Mobile,1
1514,2025-06-18,Email,Desktop,0
1515,2025-05-02,Paid,Desktop,0
1516,2025-07-09,Referral,Desktop,0
1517,2025-05-16,Paid,Desktop,0
1518,2025-11-26,Organic,Desktop,0
1519,2025-08-27,Organic,Mobile,1
1520,2025-05-04,Organic,Mobile,0
1521,2025-03-18,Paid,Mobile,0
1522,2025-06-14,Referral,Mobile,0
1523,2025-08-02,Organic,Mobile,0
1524,2025-11-01,Paid,Desktop,1
1525,2025-05-06,Paid,Mobile,0
1526,2025-03-08,Paid,Desktop,1
1527,2025-05-26,Referral,Desktop,0
1528,2025-09-03,Paid,Mobile,1
1529,2025-05-01,Organic,Desktop,0
1530,2025-06-07,Organic,Mobile,0
1531,2025-09-08,Organic,Mobile,0
1532,2025-04-17,Organic,Mobile,0
1533,2025-11-02,Paid,Mobile,0
1534,2025-04-10,Organic,Mobile,0
1535,2025-09-12,Organic,Mobile,1
1536,2025-07-15,Organic,Mobile,0
1537,2025-09-04,Organic,Desktop,0
1538,2025-12-08,Paid,Mobile,1
1539,2025-04-17,Paid,Desktop,0
1540,2025-08-01,Referral,Mobile,0
1541,2025-10-05,Referral,Desktop,0
1542,2025-12-02,Organic,Desktop,0
1543,2025-09-25,Organic,Desktop,0
1544,2025-04-20,Organic,Mobile,1
1545,2025-07-02,Organic,Mobile,0
1546,2025-08-23,Paid,Mobile,1
1547,2025-08-16,Referral,Mobile,1
1548,2025-07-12,Organic,Mobile,0
1549,2025-03-07,Email,Mobile,1
1550,2025-04-27,Organic,Mobile,0
1551,2025-09-24,Email,Desktop,0
1552,2025-07-17,Paid,Desktop,0
1553,2025-09-05,Organic,Desktop,0
1554,2025-05-01,Email,Mobile,0
1555,2025-03-10,Paid,Mobile,0
1556,2025-09-28,Organic,Mobile,1
1557,2025-12-06,Organic,Mobile,0
1558,2025-10-18,Email,Desktop,0
1559,2025-04-11,Email,Desktop,0
1560,2025-10-27,Referral,Mobile,0
1561,2025-08-16,Referral,Mobile,0
1562,2025-11-03,Paid,Desktop,0
1563,2025-05-26,Paid,Mobile,0
1564,2025-05-14,Organic,Desktop,1
1565,2025-03-11,Organic,Mobile,0
1566,2025-05-15,Organic,Desktop,0
1567,2025-11-05,Paid,Mobile,0
1568,2025-04-04,Paid,Desktop,0
1569,2025-11-10,Organic,Desktop,1
1570,2025-07-05,Paid,Desktop,0
1571,2025-08-23,Organic,Mobile,0
1572,2025-09-23,Paid,Mobile,0
1573,2025-11-22,Referral,Mobile,0
1574,2025-09-14,Paid,Desktop,0
1575,2025-09-20,Email,Desktop,1
1576,2025-06-20,Organic,Mobile,0
1577,2025-04-06,Paid,Desktop,0
1578,2025-10-22,Organic,Mobile,1
1579,2025-08-07,Email,Desktop,0
1580,2025-08-15,Paid,Desktop,1
1581,2025-10-31,Paid,Mobile,0
1582,2025-09-29,Email,Mobile,0
1583,2025-06-12,Organic,Desktop,0
1584,2025-11-08,Organic,Desktop,0
1585,2025-06-18,Paid,Mobile,0
1586,2025-08-27,Paid,Desktop,0
1587,2025-10-28,Paid,Mobile,0
1588,2025-07-28,Organic,Mobile,0
1589,2025-08-06,Referral,Mobile,0
1590,2025-05-17,Email,Mobile,0
1591,2025-11-19,Organic,Mobile,0
1592,2025-09-21,Organic,Desktop,0
1593,2025-07-15,Organic,Desktop,0
1594,2025-06-28,Organic,Mobile,0
1595,2025-10-19,Referral,Desktop,1
1596,2025-08-27,Organic,Mobile,0
1597,2025-07-28,Organic,Desktop,0
1598,2025-12-09,Email,Mobile,1
1599,2025-12-02,Organic,Mobile,0
1600,2025-08-14,Paid,Mobile,0
1601,2025-09-27,Organic,Desktop,0
1602,2025-03-10,Paid,Mobile,0
1603,2025-05-22,Email,Mobile,1
1604,2025-09-01,Referral,Mobile,0
1605,2025-08-28,Paid,Mobile,0
1606,2025-06-30,Organic,Desktop,0
1607,2025-08-27,Organic,Mobile,0
1608,2025-09-13,Paid,Desktop,0
1609,2025-11-12,Referral,Mobile,0
1610,2025-07-25,Organic,Desktop,0
1611,2025-03-12,Paid,Desktop,1
1612,2025-06-08,Email,Mobile,1
1613,2025-03-30,Paid,Desktop,0
1614,2025-04-30,Email,Mobile,0
1615,2025-08-02,Organic,Mobile,0
1616,2025-05-08,Organic,Mobile,0
1617,2025-10-14,Organic,Mobile,0
1618,2025-08-28,Organic,Desktop,0
1619,2025-06-26,Organic,Desktop,1
1620,2025-10-08,Organic,Desktop,1
1621,2025-05-11,Organic,Mobile,0
1622,2025-10-25,Referral,Mobile,0
1623,2025-08-17,Organic,Desktop,0
1624,2025-08-26,Organic,Mobile,0
1625,2025-05-13,Paid,Mobile,0
1626,2025-04-14,Organic,Desktop,0
1627,2025-10-23,Paid,Mobile,0
1628,2025-12-07,Referral,Mobile,0
1629,2025-03-26,Organic,Mobile,1
1630,2025-04-24,Email,Mobile,1
1631,2025-05-29,Paid,Desktop,0
1632,2025-10-03,Organic,Mobile,0
1633,2025-11-17,Email,Mobile,0
1634,2025-10-22,Paid,Mobile,0
1635,2025-11-24,Organic,Mobile,0
1636,2025-07-02,Referral,Mobile,1
1637,2025-11-28,Organic,Mobile,1
1638,2025-03-15,Organic,Mobile,0
1639,2025-04-14,Referral,Mobile,0
1640,2025-09-11,Organic,Desktop,0
1641,2025-03-28,Organic,Mobile,0
1642,2025-07-27,Referral,Mobile,1
1643,2025-07-04,Organic,Mobile,0
1644,2025-05-09,Organic,Desktop,0
1645,2025-03-29,Organic,Mobile,0
1646,2025-06-15,Organic,Desktop,1
1647,2025-06-05,Email,Mobile,0
1648,2025-12-07,Paid,Desktop,0
1649,2025-09-09,Paid,Mobile,1
1650,2025-10-21,Email,Desktop,0
1651,2025-10-11,Organic,Desktop,0
1652,2025-07-14,Email,Mobile,0
1653,2025-11-10,Organic,Desktop,0
1654,2025-04-27,Organic,Mobile,0
1655,2025-11-13,Organic,Desktop,0
1656,2025-06-05,Organic,Mobile,1
1657,2025-09-07,Organic,Mobile,0
1658,2025-12-06,Paid,Mobile,1
1659,2025-07-25,Paid,Desktop,0
1660,2025-11-27,Organic,Mobile,0
1661,2025-09-17,Organic,Mobile,0
1662,2025-08-07,Organic,Desktop,0
1663,2025-07-17,Organic,Desktop,0
1664,2025-10-12,Organic,Mobile,0
1665,2025-05-06,Organic,Desktop,0
1666,2025-11-30,Email,Mobile,0
1667,2025-10-15,Organic,Desktop,0
1668,2025-10-18,Referral,Desktop,0
1669,2025-05-09,Referral,Desktop,0
1670,2025-04-17,Paid,Mobile,0
1671,2025-09-29,Organic,Desktop,0
1672,2025-04-15,Email,Mobile,0
1673,2025-10-22,Paid,Desktop,0
1674,2025-08-08,Email,Mobile,1
1675,2025-05-10,Paid,Mobile,0
1676,2025-08-03,Organic,Mobile,0
1677,2025-11-23,Organic,Desktop,0
1678,2025-05-12,Paid,Desktop,0
1679,2025-05-11,Email,Desktop,1
1680,2025-05-21,Organic,Desktop,1
1681,2025-09-11,Organic,Desktop,0
1682,2025-08-03,Organic,Desktop,0
1683,2025-10-22,Organic,Mobile,1
1684,2025-08-31,Organic,Mobile,0
1685,2025-04-02,Organic,Mobile,0
1686,2025-04-15,Organic,Desktop,0
1687,2025-09-13,Paid,Desktop,0
1688,2025-08-07,Organic,Mobile,0
1689,2025-08-18,Email,Desktop,1
1690,2025-12-04,Referral,Desktop,0
1691,2025-03-01,Organic,Mobile,1
1692,2025-06-25,Referral,Desktop,1
1693,2025-03-07,Organic,Desktop,0
1694,2025-11-11,Organic,Mobile,0
1695,2025-06-24,Referral,Mobile,0
1696,2025-04-03,Paid,Desktop,0
1697,2025-12-08,Paid,Mobile,1
1698,2025-08-23,Paid,Desktop,0
1699,2025-06-24,Paid,Desktop,1
1700,2025-04-23,Organic,Mobile,1
1701,2025-03-03,Organic,Desktop,0
1702,2025-06-11,Referral,Desktop,1
1703,2025-06-17,Organic,Mobile,1
1704,2025-07-26,Organic,Mobile,0
1705,2025-10-24,Organic,Desktop,0
1706,2025-12-05,Paid,Desktop,1
1707,2025-12-04,Email,Desktop,1
1708,2025-08-30,Paid,Mobile,1
1709,2025-07-04,Paid,Desktop,1
1710,2025-12-04,Organic,Desktop,1
1711,2025-05-03,Paid,Mobile,0
1712,2025-05-31,Email,Mobile,0
1713,2025-06-03,Organic,Mobile,0
1714,2025-03-15,Paid,Mobile,0
1715,2025-08-23,Paid,Desktop,0
1716,2025-07-18,Organic,Mobile,0
1717,2025-07-10,Paid,Desktop,0
1718,2025-06-14,Paid,Desktop,0
1719,2025-04-20,Email,Desktop,1
1720,2025-10-18,Email,Desktop,0
1721,2025-03-31,Organic,Desktop,0
1722,2025-04-13,Paid,Mobile,0
1723,2025-03-02,Paid,Desktop,0
1724,2025-05-01,Organic,Desktop,0
1725,2025-05-08,Organic,Mobile,0
1726,2025-08-13,Paid,Desktop,1
1727,2025-10-20,Paid,Mobile,0
1728,2025-09-10,Paid,Mobile,0
1729,2025-05-13,Organic,Desktop,0
1730,2025-06-27,Organic,Desktop,1
1731,2025-05-16,Organic,Desktop,0
1732,2025-11-19,Paid,Mobile,0
1733,2025-05-19,Organic,Mobile,1
1734,2025-07-09,Organic,Mobile,0
1735,2025-08-13,Organic,Desktop,0
1736,2025-07-03,Organic,Desktop,0
1737,2025-07-26,Organic,Mobile,0
1738,2025-09-05,Organic,Desktop,0
1739,2025-11-15,Organic,Desktop,0
1740,2025-07-25,Paid,Mobile,0
1741,2025-03-18,Organic,Mobile,0
1742,2025-11-03,Paid,Mobile,0
1743,2025-08-02,Paid,Mobile,0
1744,2025-05-31,Email,Mobile,0
1745,2025-08-05,Paid,Mobile,0
1746,2025-04-05,Organic,Mobile,0
1747,2025-08-07,Paid,Desktop,0
1748,2025-06-08,Organic,Mobile,1
1749,2025-10-23,Organic,Desktop,0
1750,2025-06-14,Organic,Mobile,1
1751,2025-12-13,Organic,Mobile,0
1752,2025-03-07,Email,Desktop,1
1753,2025-06-20,Paid,Mobile,0
1754,2025-05-04,Paid,Desktop,1
1755,2025-06-13,Paid,Desktop,0
1756,2025-10-03,Email,Mobile,0
1757,2025-10-25,Referral,Mobile,0
1758,2025-03-15,Paid,Mobile,0
1759,2025-07-20,Organic,Desktop,1
1760,2025-06-02,Organic,Mobile,1
1761,2025-07-25,Paid,Desktop,0
1762,2025-05-29,Organic,Mobile,1
1763,2025-07-13,Organic,Mobile,1
1764,2025-05-08,Organic,Mobile,0
1765,2025-11-30,Paid,Desktop,0
1766,2025-05-24,Organic,Mobile,0
1767,2025-03-19,Paid,Mobile,0
1768,2025-04-25,Paid,Mobile,0
1769,2025-11-01,Paid,Desktop,0
1770,2025-08-29,Organic,Desktop,0
1771,2025-10-29,Referral,Mobile,0
1772,2025-09-07,Paid,Mobile,1
1773,2025-06-09,Paid,Mobile,1
1774,2025-04-07,Organic,Mobile,1
1775,2025-03-13,Referral,Mobile,1
1776,2025-07-09,Referral,Desktop,1
1777,2025-06-02,Paid,Mobile,0
1778,2025-09-13,Paid,Mobile,0
1779,2025-12-07,Referral,Desktop,1
1780,2025-12-05,Referral,Mobile,0
1781,2025-04-06,Organic,Desktop,0
1782,2025-05-23,Paid,Mobile,0
1783,2025-10-08,Organic,Mobile,0
1784,2025-05-28,Email,Desktop,0
1785,2025-09-12,Paid,Mobile,0
1786,2025-05-13,Email,Desktop,0
1787,2025-03-15,Email,Desktop,0
1788,2025-10-16,Organic,Mobile,0
1789,2025-06-24,Paid,Desktop,1
1790,2025-06-09,Referral,Desktop,0
1791,2025-03-10,Organic,Desktop,0
1792,2025-06-12,Organic,Desktop,0
1793,2025-06-27,Organic,Desktop,0
1794,2025-11-04,Paid,Mobile,0
1795,2025-09-20,Paid,Mobile,0
1796,2025-12-09,Organic,Mobile,0
1797,2025-07-11,Referral,Mobile,1
1798,2025-03-31,Organic,Mobile,0
1799,2025-06-10,Organic,Desktop,0
1800,2025-09-18,Organic,Mobile,1
1801,2025-10-24,Organic,Mobile,0
1802,2025-11-30,Organic,Mobile,0
1803,2025-09-20,Organic,Desktop,0
1804,2025-08-31,Organic,Desktop,0
1805,2025-07-22,Organic,Mobile,1
1806,2025-08-23,Organic,Mobile,0
1807,2025-09-29,Referral,Mobile,1
1808,2025-07-04,Paid,Mobile,0
1809,2025-03-30,Organic,Desktop,0
1810,2025-08-14,Paid,Mobile,0
1811,2025-05-07,Referral,Mobile,0
1812,2025-11-15,Organic,Mobile,0
1813,2025-04-05,Organic,Desktop,0
1814,2025-10-12,Email,Desktop,0
1815,2025-04-09,Organic,Mobile,0
1816,2025-03-04,Organic,Mobile,0
1817,2025-05-01,Organic,Mobile,0
1818,2025-06-25,Paid,Desktop,0
1819,2025-05-24,Organic,Desktop,0
1820,2025-12-02,Organic,Desktop,1
1821,2025-03-15,Email,Desktop,0
1822,2025-03-19,Organic,Mobile,1
1823,2025-11-05,Organic,Mobile,0
1824,2025-07-06,Organic,Mobile,0
1825,2025-10-25,Paid,Desktop,1
1826,2025-04-04,Referral,Desktop,1
1827,2025-04-17,Referral,Desktop,0
1828,2025-11-30,Email,Desktop,0
1829,2025-09-12,Organic,Mobile,0
1830,2025-04-08,Organic,Desktop,0
1831,2025-06-23,Paid,Desktop,0
1832,2025-08-09,Email,Mobile,0
1833,2025-07-15,Paid,Desktop,1
1834,2025-11-01,Organic,Mobile,0
1835,2025-03-01,Email,Mobile,1
1836,2025-12-12,Paid,Mobile,0
1837,2025-08-16,Paid,Desktop,0
1838,2025-05-31,Organic,Mobile,0
1839,2025-08-18,Email,Mobile,0
1840,2025-11-12,Email,Desktop,0
1841,2025-05-12,Email,Desktop,0
1842,2025-09-14,Referral,Desktop,0
1843,2025-11-11,Organic,Desktop,0
1844,2025-07-18,Organic,Mobile,0
1845,2025-03-28,Paid,Mobile,0
1846,2025-05-19,Organic,Desktop,0
1847,2025-06-06,Organic,Desktop,1
1848,2025-09-23,Paid,Desktop,0
1849,2025-05-01,Organic,Mobile,0
1850,2025-09-14,Paid,Desktop,0
1851,2025-12-10,Email,Mobile,1
1852,2025-03-02,Organic,Desktop,1
1853,2025-11-29,Organic,Mobile,0
1854,2025-10-29,Paid,Mobile,0
1855,2025-10-27,Paid,Mobile,1
1856,2025-09-25,Organic,Mobile,0
1857,2025-07-14,Paid,Mobile,1
1858,2025-10-21,Organic,Desktop,0
1859,2025-11-21,Email,Desktop,0
1860,2025-10-14,Organic,Desktop,1
1861,2025-08-12,Paid,Desktop,0
1862,2025-05-26,Paid,Mobile,0
1863,2025-04-17,Organic,Mobile,0
1864,2025-07-04,Referral,Mobile,0
1865,2025-11-06,Organic,Desktop,1
1866,2025-06-09,Paid,Mobile,1
1867,2025-05-06,Organic,Desktop,1
1868,2025-04-22,Organic,Mobile,0
1869,2025-07-06,Paid,Mobile,1
1870,2025-08-12,Referral,Desktop,1
1871,2025-06-28,Email,Desktop,1
1872,2025-09-24,Organic,Mobile,0
1873,2025-11-14,Paid,Desktop,0
1874,2025-05-03,Organic,Mobile,0
1875,2025-04-20,Organic,Desktop,0
1876,2025-05-02,Organic,Mobile,1
1877,2025-05-18,Organic,Desktop,0
1878,2025-07-08,Paid,Mobile,0
1879,2025-05-15,Organic,Mobile,0
1880,2025-10-15,Organic,Desktop,0
1881,2025-10-31,Paid,Mobile,0
1882,2025-03-03,Paid,Mobile,1
1883,2025-08-31,Organic,Mobile,1
1884,2025-06-22,Paid,Mobile,0
1885,2025-04-26,Organic,Desktop,0
1886,2025-06-13,Paid,Desktop,0
1887,2025-06-15,Organic,Mobile,0
1888,2025-04-20,Paid,Mobile,1
1889,2025-09-07,Paid,Desktop,0
1890,2025-09-09,Paid,Desktop,1
1891,2025-03-06,Referral,Mobile,0
1892,2025-09-02,Referral,Mobile,0
1893,2025-04-12,Organic,Mobile,0
1894,2025-03-19,Email,Mobile,0
1895,2025-08-15,Paid,Desktop,0
1896,2025-04-25,Organic,Desktop,0
1897,2025-05-19,Organic,Mobile,0
1898,2025-06-11,Organic,Desktop,0
1899,2025-10-23,Paid,Desktop,1
1900,2025-05-18,Paid,Desktop,0
1901,2025-10-27,Paid,Desktop,1
1902,2025-10-26,Paid,Mobile,0
1903,2025-04-21,Organic,Mobile,0
1904,2025-07-06,Organic,Desktop,0
1905,2025-07-16,Organic,Desktop,0
1906,2025-05-15,Email,Desktop,0
1907,2025-04-01,Organic,Mobile,0
1908,2025-03-07,Email,Desktop,1
1909,2025-08-11,Organic,Desktop,0
1910,2025-11-02,Referral,Mobile,0
1911,2025-03-10,Organic,Mobile,0
1912,2025-10-19,Organic,Mobile,1
1913,2025-07-28,Email,Desktop,1
1914,2025-09-04,Organic,Desktop,0
1915,2025-10-18,Paid,Mobile,0
1916,2025-11-22,Paid,Desktop,0
1917,2025-12-10,Referral,Mobile,0
1918,2025-07-26,Email,Mobile,0
1919,2025-10-09,Organic,Mobile,0
1920,2025-05-06,Organic,Mobile,0
1921,2025-10-10,Paid,Desktop,0
1922,2025-11-09,Email,Mobile,0
1923,2025-08-30,Email,Desktop,1
1924,2025-03-06,Paid,Desktop,1
1925,2025-04-13,Organic,Desktop,1
1926,2025-05-30,Email,Mobile,1
1927,2025-07-11,Paid,Desktop,0
1928,2025-05-10,Paid,Desktop,1
1929,2025-12-09,Organic,Mobile,0
1930,2025-05-17,Organic,Desktop,0
1931,2025-10-22,Organic,Mobile,0
1932,2025-08-30,Email,Mobile,0
1933,2025-11-29,Email,Desktop,0
1934,2025-08-20,Paid,Mobile,0
1935,2025-03-22,Paid,Mobile,0
1936,2025-10-12,Email,Mobile,1
1937,2025-03-17,Paid,Mobile,1
1938,2025-08-18,Organic,Mobile,0
1939,2025-11-23,Organic,Desktop,1
1940,2025-05-24,Organic,Mobile,0
1941,2025-12-07,Paid,Desktop,0
1942,2025-05-19,Organic,Mobile,0
1943,2025-07-31,Paid,Desktop,0
1944,2025-04-21,Organic,Mobile,0
1945,2025-08-27,Paid,Mobile,0
1946,2025-11-17,Organic,Desktop,1
1947,2025-03-25,Email,Mobile,0
1948,2025-12-11,Referral,Desktop,0
1949,2025-10-28,Email,Desktop,0
1950,2025-09-15,Organic,Desktop,0
1951,2025-12-01,Organic,Mobile,0
1952,2025-11-22,Organic,Mobile,0
1953,2025-06-03,Organic,Mobile,0
1954,2025-08-11,Referral,Mobile,0
1955,2025-03-06,Paid,Desktop,0
1956,2025-10-20,Organic,Desktop,0
1957,2025-06-06,Organic,Mobile,1
1958,2025-03-20,Paid,Desktop,0
1959,2025-04-04,Referral,Mobile,1
1960,2025-03-29,Organic,Desktop,0
1961,2025-06-20,Organic,Mobile,1
1962,2025-11-23,Organic,Mobile,1
1963,2025-10-31,Organic,Mobile,0
1964,2025-06-05,Referral,Mobile,0
1965,2025-03-25,Organic,Mobile,0
1966,2025-11-29,Organic,Desktop,0
1967,2025-07-07,Referral,Desktop,0
1968,2025-07-01,Email,Mobile,0
1969,2025-06-11,Email,Desktop,0
1970,2025-11-16,Organic,Mobile,0
1971,2025-10-14,Organic,Mobile,0
1972,2025-04-20,Email,Desktop,0
1973,2025-03-15,Paid,Desktop,1
1974,2025-05-01,Paid,Desktop,1
1975,2025-06-14,Paid,Desktop,0
1976,2025-09-26,Email,Mobile,1
1977,2025-09-01,Organic,Desktop,1
1978,2025-08-04,Referral,Mobile,0
1979,2025-11-14,Paid,Desktop,0
1980,2025-04-22,Referral,Mobile,0
1981,2025-10-20,Paid,Desktop,0
1982,2025-09-22,Organic,Desktop,0
1983,2025-06-21,Organic,Mobile,0
1984,2025-09-08,Paid,Mobile,0
1985,2025-07-15,Organic,Mobile,1
1986,2025-06-12,Paid,Mobile,0
1987,2025-09-13,Paid,Desktop,0
1988,2025-08-09,Organic,Mobile,1
1989,2025-06-17,Organic,Desktop,0
1990,2025-04-02,Paid,Mobile,0
1991,2025-12-11,Referral,Mobile,1
1992,2025-05-01,Paid,Desktop,0
1993,2025-07-19,Organic,Desktop,0
1994,2025-06-10,Referral,Mobile,0
1995,2025-08-07,Paid,Desktop,0
1996,2025-07-19,Paid,Desktop,1
1997,2025-03-17,Referral,Mobile,0
1998,2025-09-24,Paid,Mobile,0
1999,2025-03-14,Email,Desktop,1
2000,2025-03-13,Organic,Desktop,0
2001,2025-03-09,Paid,Mobile,0
2002,2025-04-14,Paid,Desktop,0
2003,2025-09-14,Referral,Desktop,0
2004,2025-08-22,Email,Mobile,0
2005,2025-09-26,Paid,Mobile,0
2006,2025-10-26,Referral,Mobile,1
2007,2025-08-24,Paid,Desktop,1
2008,2025-03-12,Organic,Mobile,1
2009,2025-07-30,Organic,Desktop,0
2010,2025-04-09,Organic,Desktop,0
2011,2025-04-12,Paid,Desktop,1
2012,2025-05-14,Paid,Mobile,1
2013,2025-05-19,Referral,Mobile,0
2014,2025-11-13,Paid,Mobile,0
2015,2025-09-15,Organic,Mobile,0
2016,2025-11-25,Paid,Desktop,0
2017,2025-03-01,Email,Mobile,0
2018,2025-10-19,Paid,Mobile,0
2019,2025-10-20,Organic,Mobile,0
2020,2025-10-13,Paid,Mobile,0
2021,2025-04-05,Organic,Mobile,0
2022,2025-07-05,Organic,Mobile,0
2023,2025-03-30,Organic,Mobile,0
2024,2025-08-23,Organic,Desktop,0
2025,2025-04-25,Email,Desktop,0
2026,2025-09-16,Organic,Desktop,0
2027,2025-07-11,Referral,Desktop,0
2028,2025-07-18,Email,Desktop,1
2029,2025-09-12,Paid,Desktop,0
2030,2025-10-29,Organic,Mobile,1
2031,2025-05-26,Organic,Desktop,1
2032,2025-10-31,Referral,Mobile,0
2033,2025-10-21,Organic,Desktop,0
2034,2025-11-26,Paid,Mobile,0
2035,2025-09-26,Organic,Mobile,1
2036,2025-06-16,Paid,Mobile,0
2037,2025-10-02,Email,Mobile,0
2038,2025-07-22,Organic,Mobile,0
2039,2025-06-09,Paid,Mobile,0
2040,2025-09-22,Email,Desktop,0
2041,2025-08-14,Referral,Desktop,1
2042,2025-09-12,Organic,Desktop,0
2043,2025-05-25,Paid,Mobile,0
2044,2025-07-12,Referral,Desktop,0
2045,2025-08-02,Paid,Mobile,0
2046,2025-11-13,Organic,Mobile,0
2047,2025-04-12,Referral,Mobile,0
2048,2025-10-13,Organic,Desktop,0
2049,2025-06-10,Email,Mobile,0
2050,2025-08-07,Organic,Mobile,0
2051,2025-03-24,Referral,Desktop,0
2052,2025-06-22,Organic,Desktop,1
2053,2025-04-06,Referral,Mobile,0
2054,2025-04-18,Email,Desktop,1
2055,2025-12-02,Organic,Mobile,1
2056,2025-03-16,Email,Desktop,0
2057,2025-06-08,Organic,Mobile,0
2058,2025-10-08,Organic,Desktop,0
2059,2025-10-12,Organic,Desktop,0
2060,2025-08-31,Paid,Desktop,0
2061,2025-03-14,Email,Mobile,0
2062,2025-12-15,Referral,Mobile,1
2063,2025-07-09,Email,Mobile,0
2064,2025-09-13,Organic,Mobile,0
2065,2025-08-20,Email,Mobile,0
2066,2025-09-17,Paid,Mobile,0
2067,2025-06-22,Organic,Mobile,1
2068,2025-08-26,Organic,Desktop,0
2069,2025-09-06,Organic,Mobile,0
2070,2025-08-28,Paid,Desktop,0
2071,2025-03-22,Organic,Mobile,0
2072,2025-04-08,Organic,Desktop,1
2073,2025-03-13,Paid,Desktop,0
2074,2025-08-31,Organic,Desktop,1
2075,2025-06-09,Referral,Desktop,0
2076,2025-08-02,Organic,Mobile,0
2077,2025-11-17,Referral,Mobile,0
2078,2025-09-27,Paid,Mobile,0
2079,2025-04-20,Paid,Desktop,1
2080,2025-05-07,Paid,Mobile,0
2081,2025-11-11,Paid,Mobile,0
2082,2025-10-05,Email,Mobile,0
2083,2025-05-20,Organic,Desktop,0
2084,2025-05-22,Email,Desktop,0
2085,2025-08-31,Organic,Mobile,1
2086,2025-05-08,Organic,Desktop,1
2087,2025-07-13,Paid,Mobile,0
2088,2025-07-05,Organic,Desktop,0
2089,2025-09-05,Referral,Mobile,1
2090,2025-10-29,Organic,Desktop,1
2091,2025-12-01,Organic,Mobile,0
2092,2025-08-02,Paid,Mobile,0
2093,2025-06-11,Organic,Mobile,0
2094,2025-06-26,Organic,Mobile,0
2095,2025-03-25,Organic,Desktop,0
2096,2025-11-07,Organic,Mobile,0
2097,2025-08-28,Organic,Desktop,0
2098,2025-03-07,Referral,Desktop,0
2099,2025-08-10,Organic,Mobile,1
2100,2025-11-15,Organic,Desktop,1
2101,2025-11-10,Organic,Mobile,0
2102,2025-11-24,Referral,Desktop,0
2103,2025-06-29,Referral,Mobile,1
2104,2025-10-20,Paid,Desktop,0
2105,2025-10-05,Paid,Desktop,1
2106,2025-09-05,Organic,Desktop,0
2107,2025-11-12,Email,Desktop,0
2108,2025-10-05,Paid,Mobile,0
2109,2025-03-18,Organic,Mobile,0
2110,2025-05-13,Organic,Desktop,0
2111,2025-05-11,Referral,Desktop,0
2112,2025-06-10,Organic,Mobile,0
2113,2025-09-17,Paid,Desktop,1
2114,2025-03-27,Paid,Desktop,1
2115,2025-09-07,Organic,Desktop,0
2116,2025-06-21,Referral,Mobile,0
2117,2025-07-31,Organic,Mobile,0
2118,2025-11-21,Paid,Desktop,0
2119,2025-05-24,Paid,Mobile,0
2120,2025-10-03,Organic,Desktop,0
2121,2025-12-05,Organic,Desktop,0
2122,2025-03-07,Organic,Mobile,0
2123,2025-04-26,Referral,Desktop,0
2124,2025-05-05,Referral,Desktop,0
2125,2025-04-01,Paid,Desktop,0
2126,2025-09-26,Email,Desktop,0
2127,2025-05-28,Paid,Desktop,0
2128,2025-09-04,Organic,Desktop,0
2129,2025-04-01,Organic,Desktop,0
2130,2025-04-19,Paid,Mobile,0
2131,2025-08-07,Organic,Mobile,0
2132,2025-06-20,Organic,Mobile,0
2133,2025-10-09,Paid,Mobile,0
2134,2025-09-28,Paid,Mobile,1
2135,2025-05-14,Email,Desktop,0
2136,2025-04-16,Organic,Desktop,0
2137,2025-12-04,Paid,Mobile,1
2138,2025-03-06,Organic,Desktop,0
2139,2025-12-10,Organic,Mobile,0
2140,2025-03-17,Referral,Mobile,1
2141,2025-11-17,Organic,Desktop,0
2142,2025-07-20,Organic,Mobile,0
2143,2025-07-04,Referral,Mobile,0
2144,2025-05-19,Organic,Mobile,0
2145,2025-09-13,Organic,Desktop,0
2146,2025-12-05,Paid,Mobile,0
2147,2025-05-23,Organic,Mobile,0
2148,2025-10-19,Referral,Mobile,1
2149,2025-04-04,Referral,Mobile,0
2150,2025-09-13,Paid,Mobile,0
2151,2025-08-20,Organic,Mobile,0
2152,2025-05-12,Paid,Desktop,0
2153,2025-11-09,Paid,Desktop,1
2154,2025-04-09,Referral,Mobile,0
2155,2025-09-29,Organic,Desktop,0
2156,2025-08-10,Paid,Desktop,0
2157,2025-04-15,Organic,Desktop,0
2158,2025-03-25,Paid,Desktop,0
2159,2025-11-15,Referral,Desktop,0
2160,2025-11-09,Referral,Desktop,1
2161,2025-08-21,Paid,Mobile,0
2162,2025-05-12,Organic,Mobile,1
2163,2025-05-14,Paid,Desktop,1
2164,2025-09-01,Organic,Desktop,0
2165,2025-07-01,Paid,Mobile,0
2166,2025-09-27,Paid,Mobile,0
2167,2025-08-16,Organic,Desktop,0
2168,2025-11-14,Email,Mobile,1
2169,2025-07-13,Organic,Mobile,0
2170,2025-10-07,Paid,Mobile,0
2171,2025-10-16,Organic,Mobile,0
2172,2025-05-23,Paid,Mobile,0
2173,2025-04-25,Paid,Mobile,0
2174,2025-10-06,Organic,Mobile,0
2175,2025-12-13,Organic,Mobile,0
2176,2025-04-24,Paid,Desktop,0
2177,2025-10-05,Referral,Desktop,0
2178,2025-12-03,Organic,Mobile,1
2179,2025-06-18,Organic,Desktop,0
2180,2025-12-15,Paid,Desktop,0
2181,2025-10-04,Paid,Mobile,0
2182,2025-07-30,Paid,Mobile,1
2183,2025-06-16,Email,Desktop,0
2184,2025-05-14,Organic,Mobile,1
2185,2025-05-25,Organic,Desktop,1
2186,2025-06-03,Paid,Mobile,0
2187,2025-03-07,Organic,Desktop,0
2188,2025-03-01,Paid,Desktop,1
2189,2025-10-31,Paid,Mobile,1
2190,2025-10-25,Organic,Desktop,1
2191,2025-06-08,Referral,Mobile,1
2192,2025-11-13,Organic,Mobile,0
2193,2025-03-03,Paid,Mobile,0
2194,2025-03-22,Organic,Desktop,0
2195,2025-05-31,Email,Desktop,1
2196,2025-04-11,Paid,Desktop,1
2197,2025-07-02,Email,Mobile,0
2198,2025-05-11,Paid,Mobile,0
2199,2025-05-23,Organic,Mobile,0
2200,2025-11-21,Referral,Mobile,0
2201,2025-09-10,Paid,Mobile,0
2202,2025-05-23,Referral,Mobile,0
2203,2025-08-25,Paid,Desktop,1
2204,2025-12-15,Paid,Mobile,1
2205,2025-04-17,Paid,Desktop,0
2206,2025-05-01,Organic,Mobile,0
2207,2025-11-30,Organic,Desktop,0
2208,2025-11-17,Organic,Mobile,1
2209,2025-05-28,Organic,Desktop,0
2210,2025-07-18,Email,Mobile,0
2211,2025-05-07,Organic,Desktop,1
2212,2025-08-04,Organic,Mobile,0
2213,2025-11-20,Paid,Desktop,1
2214,2025-12-14,Organic,Mobile,0
2215,2025-11-27,Paid,Mobile,0
2216,2025-11-07,Paid,Desktop,0
2217,2025-11-26,Organic,Mobile,0
2218,2025-09-22,Paid,Desktop,1
2219,2025-11-28,Referral,Desktop,0
2220,2025-10-11,Organic,Mobile,0
2221,2025-12-03,Paid,Mobile,0
2222,2025-08-23,Organic,Mobile,0
2223,2025-07-16,Organic,Mobile,1
2224,2025-03-07,Paid,Desktop,0
2225,2025-05-03,Paid,Mobile,0
2226,2025-07-23,Organic,Mobile,1
2227,2025-06-24,Organic,Mobile,0
2228,2025-05-27,Organic,Desktop,0
2229,2025-12-04,Paid,Mobile,0
2230,2025-04-19,Organic,Mobile,0
2231,2025-04-05,Organic,Desktop,1
2232,2025-03-04,Organic,Desktop,0
2233,2025-11-02,Paid,Mobile,0
2234,2025-11-23,Email,Mobile,1
2235,2025-12-03,Organic,Mobile,0
2236,2025-08-15,Paid,Mobile,0
2237,2025-08-02,Organic,Desktop,0
2238,2025-04-30,Paid,Desktop,1
2239,2025-10-16,Email,Mobile,0
2240,2025-11-22,Paid,Desktop,0
2241,2025-07-29,Email,Desktop,0
2242,2025-04-26,Paid,Mobile,1
2243,2025-09-15,Organic,Mobile,1
2244,2025-04-16,Organic,Mobile,0
2245,2025-10-14,Organic,Mobile,0
2246,2025-09-12,Paid,Mobile,0
2247,2025-11-22,Organic,Desktop,0
2248,2025-10-28,Referral,Mobile,0
2249,2025-06-14,Organic,Desktop,1
2250,2025-09-25,Referral,Desktop,0
2251,2025-09-03,Paid,Mobile,0
2252,2025-07-17,Organic,Mobile,0
2253,2025-09-23,Organic,Desktop,1
2254,2025-04-15,Organic,Mobile,0
2255,2025-11-23,Email,Mobile,0
2256,2025-08-11,Email,Desktop,1
2257,2025-05-09,Paid,Desktop,0
2258,2025-11-12,Referral,Mobile,0
2259,2025-09-20,Paid,Desktop,0
2260,2025-08-17,Paid,Mobile,0
2261,2025-03-27,Paid,Desktop,0
2262,2025-06-17,Paid,Mobile,0
2263,2025-06-02,Referral,Desktop,0
2264,2025-05-19,Organic,Desktop,0
2265,2025-11-01,Referral,Mobile,0
2266,2025-08-18,Paid,Desktop,0
2267,2025-03-02,Paid,Desktop,0
2268,2025-06-14,Organic,Desktop,0
2269,2025-09-29,Email,Desktop,0
2270,2025-10-06,Organic,Desktop,1
2271,2025-07-03,Organic,Desktop,1
2272,2025-09-10,Organic,Mobile,0
2273,2025-07-24,Organic,Mobile,1
2274,2025-09-06,Organic,Mobile,1
2275,2025-07-08,Referral,Mobile,0
2276,2025-04-07,Organic,Mobile,0
2277,2025-04-28,Paid,Desktop,0
2278,2025-11-21,Organic,Mobile,0
2279,2025-06-27,Paid,Mobile,0
2280,2025-08-18,Paid,Mobile,0
2281,2025-09-25,Organic,Desktop,0
2282,2025-08-06,Organic,Mobile,0
2283,2025-07-09,Referral,Mobile,0
2284,2025-06-10,Organic,Mobile,1
2285,2025-12-05,Email,Mobile,1
2286,2025-05-28,Paid,Desktop,0
2287,2025-11-02,Paid,Desktop,0
2288,2025-06-10,Referral,Desktop,0
2289,2025-04-06,Organic,Desktop,0
2290,2025-06-15,Referral,Mobile,0
2291,2025-07-07,Organic,Mobile,0
2292,2025-07-10,Paid,Desktop,1
2293,2025-04-11,Organic,Mobile,0
2294,2025-05-14,Paid,Desktop,1
2295,2025-07-11,Paid,Desktop,0
2296,2025-06-13,Organic,Desktop,0
2297,2025-06-16,Organic,Mobile,0
2298,2025-09-23,Organic,Mobile,0
2299,2025-10-11,Paid,Desktop,1
2300,2025-10-03,Organic,Mobile,0
2301,2025-07-05,Paid,Desktop,0
2302,2025-09-27,Organic,Mobile,0
2303,2025-04-22,Organic,Desktop,0
2304,2025-06-26,Email,Desktop,1
2305,2025-03-10,Organic,Desktop,1
2306,2025-12-07,Organic,Mobile,0
2307,2025-10-03,Paid,Mobile,0
2308,2025-06-09,Paid,Mobile,1
2309,2025-06-02,Referral,Mobile,0
2310,2025-11-07,Paid,Desktop,1
2311,2025-09-03,Paid,Desktop,0
2312,2025-10-25,Referral,Mobile,1
2313,2025-10-28,Email,Desktop,1
2314,2025-10-30,Organic,Mobile,0
2315,2025-08-07,Organic,Mobile,0
2316,2025-04-28,Paid,Desktop,1
2317,2025-08-09,Organic,Mobile,0
2318,2025-03-19,Paid,Desktop,0
2319,2025-10-18,Organic,Mobile,0
2320,2025-06-22,Referral,Desktop,0
2321,2025-09-19,Email,Mobile,0
2322,2025-05-23,Organic,Mobile,0
2323,2025-09-15,Organic,Desktop,0
2324,2025-11-27,Paid,Desktop,0
2325,2025-03-16,Referral,Desktop,0
2326,2025-04-16,Paid,Mobile,0
2327,2025-07-04,Organic,Mobile,0
2328,2025-05-09,Paid,Desktop,0
2329,2025-11-25,Organic,Desktop,0
2330,2025-08-26,Email,Mobile,0
2331,2025-06-17,Referral,Desktop,1
2332,2025-06-28,Organic,Mobile,1
2333,2025-07-18,Email,Desktop,0
2334,2025-05-02,Organic,Mobile,0
2335,2025-07-11,Organic,Mobile,0
2336,2025-03-14,Paid,Mobile,0
2337,2025-08-22,Organic,Desktop,0
2338,2025-09-29,Organic,Desktop,0
2339,2025-08-05,Organic,Desktop,1
2340,2025-03-14,Organic,Desktop,0
2341,2025-08-06,Paid,Desktop,0
2342,2025-06-12,Organic,Mobile,0
2343,2025-10-05,Organic,Desktop,0
2344,2025-08-21,Organic,Mobile,0
2345,2025-06-28,Organic,Mobile,0
2346,2025-05-15,Paid,Mobile,1
2347,2025-12-11,Email,Desktop,1
2348,2025-03-16,Paid,Desktop,0
2349,2025-07-26,Paid,Mobile,0
2350,2025-06-21,Paid,Mobile,0
2351,2025-11-20,Organic,Mobile,0
2352,2025-04-25,Organic,Desktop,0
2353,2025-08-13,Organic,Desktop,0
2354,2025-05-12,Organic,Mobile,1
2355,2025-03-19,Paid,Mobile,0
2356,2025-04-09,Paid,Desktop,0
2357,2025-07-23,Organic,Desktop,0
2358,2025-09-07,Paid,Desktop,0
2359,2025-07-21,Referral,Mobile,1
2360,2025-06-11,Paid,Mobile,1
2361,2025-06-24,Organic,Mobile,0
2362,2025-11-13,Paid,Desktop,0
2363,2025-05-16,Referral,Mobile,1
2364,2025-08-19,Organic,Desktop,1
2365,2025-07-25,Organic,Desktop,0
2366,2025-09-24,Organic,Desktop,0
2367,2025-03-05,Paid,Desktop,0
2368,2025-05-28,Organic,Mobile,0
2369,2025-10-23,Email,Desktop,0
2370,2025-05-03,Referral,Desktop,0
2371,2025-08-16,Organic,Mobile,1
2372,2025-05-05,Organic,Mobile,0
2373,2025-07-06,Organic,Mobile,0
2374,2025-11-20,Organic,Desktop,0
2375,2025-04-20,Organic,Mobile,1
2376,2025-03-11,Referral,Desktop,1
2377,2025-11-02,Paid,Mobile,0
2378,2025-05-18,Referral,Mobile,0
2379,2025-05-18,Organic,Mobile,0
2380,2025-05-17,Organic,Desktop,0
2381,2025-07-18,Organic,Desktop,0
2382,2025-03-02,Organic,Desktop,0
2383,2025-06-21,Referral,Mobile,0
2384,2025-03-17,Email,Desktop,0
2385,2025-06-11,Organic,Mobile,1
2386,2025-06-14,Paid,Mobile,0
2387,2025-11-11,Referral,Mobile,0
2388,2025-04-30,Paid,Mobile,0
2389,2025-11-08,Email,Mobile,1
2390,2025-08-03,Paid,Desktop,0
2391,2025-10-10,Organic,Desktop,0
2392,2025-12-05,Paid,Mobile,0
2393,2025-08-26,Organic,Mobile,0
2394,2025-11-26,Email,Desktop,0
2395,2025-09-03,Referral,Mobile,0
2396,2025-08-10,Organic,Desktop,0
2397,2025-06-24,Paid,Mobile,0
2398,2025-10-10,Organic,Mobile,0
2399,2025-03-07,Organic,Mobile,0
2400,2025-10-24,Organic,Desktop,0
2401,2025-12-08,Referral,Desktop,1
2402,2025-03-23,Organic,Mobile,0
2403,2025-06-26,Paid,Desktop,0
2404,2025-03-13,Organic,Desktop,0
2405,2025-09-15,Organic,Desktop,0
2406,2025-09-25,Organic,Desktop,0
2407,2025-10-27,Organic,Mobile,1
2408,2025-03-21,Paid,Mobile,1
2409,2025-06-15,Organic,Desktop,0
2410,2025-12-03,Paid,Mobile,0
2411,2025-05-08,Paid,Mobile,0
2412,2025-03-30,Paid,Mobile,0
2413,2025-07-21,Paid,Desktop,0
2414,2025-12-06,Organic,Desktop,0
2415,2025-04-26,Paid,Desktop,1
2416,2025-07-04,Referral,Mobile,0
2417,2025-07-17,Paid,Mobile,0
2418,2025-07-25,Paid,Mobile,1
2419,2025-12-04,Email,Desktop,0
2420,2025-09-08,Paid,Mobile,0
2421,2025-08-23,Organic,Mobile,0
2422,2025-05-21,Organic,Mobile,1
2423,2025-10-28,Organic,Desktop,0
2424,2025-08-25,Organic,Desktop,0
2425,2025-04-18,Organic,Mobile,0
2426,2025-04-26,Paid,Mobile,0
2427,2025-10-31,Paid,Mobile,0
2428,2025-05-05,Paid,Mobile,0
2429,2025-03-26,Paid,Mobile,1
2430,2025-10-05,Organic,Mobile,0
2431,2025-10-19,Organic,Desktop,0
2432,2025-09-26,Referral,Desktop,0
2433,2025-09-14,Organic,Mobile,0
2434,2025-12-15,Email,Mobile,1
2435,2025-04-21,Organic,Desktop,0
2436,2025-09-16,Referral,Desktop,0
2437,2025-05-06,Organic,Mobile,0
2438,2025-03-16,Organic,Mobile,0
2439,2025-09-10,Email,Mobile,0
2440,2025-08-18,Referral,Desktop,0
2441,2025-07-31,Organic,Desktop,1
2442,2025-10-23,Paid,Mobile,0
2443,2025-03-16,Referral,Mobile,0
2444,2025-08-01,Paid,Mobile,1
2445,2025-05-04,Organic,Mobile,0
2446,2025-11-19,Paid,Mobile,1
2447,2025-09-07,Paid,Mobile,0
2448,2025-06-28,Paid,Mobile,0
2449,2025-05-29,Organic,Desktop,0
2450,2025-10-15,Organic,Desktop,0
2451,2025-11-16,Paid,Desktop,0
2452,2025-11-11,Organic,Desktop,0
2453,2025-03-05,Email,Desktop,0
2454,2025-12-15,Paid,Desktop,0
2455,2025-03-27,Paid,Desktop,1
2456,2025-05-15,Organic,Mobile,0
2457,2025-09-04,Organic,Mobile,0
2458,2025-06-27,Organic,Desktop,0
2459,2025-08-27,Organic,Desktop,1
2460,2025-04-02,Paid,Mobile,0
2461,2025-03-21,Email,Mobile,0
2462,2025-05-07,Paid,Desktop,0
2463,2025-05-20,Paid,Desktop,0
2464,2025-11-06,Email,Desktop,0
2465,2025-11-20,Paid,Desktop,1
2466,2025-07-07,Paid,Desktop,0
2467,2025-08-28,Organic,Mobile,0
2468,2025-07-13,Email,Desktop,1
2469,2025-12-10,Email,Mobile,0
2470,2025-06-19,Organic,Mobile,0
2471,2025-05-09,Organic,Mobile,1
2472,2025-06-19,Organic,Desktop,0
2473,2025-04-01,Organic,Mobile,0
2474,2025-11-03,Referral,Desktop,1
2475,2025-09-20,Referral,Mobile,0
2476,2025-11-10,Email,Mobile,0
2477,2025-03-20,Organic,Mobile,0
2478,2025-10-31,Paid,Mobile,0
2479,2025-12-07,Email,Mobile,0
2480,2025-04-27,Organic,Desktop,0
2481,2025-03-19,Paid,Desktop,0
2482,2025-07-20,Email,Desktop,0
2483,2025-06-07,Referral,Desktop,0
2484,2025-09-15,Paid,Mobile,0
2485,2025-04-22,Organic,Desktop,1
2486,2025-10-27,Paid,Mobile,0
2487,2025-11-24,Referral,Desktop,0
2488,2025-12-11,Paid,Mobile,0
2489,2025-11-18,Paid,Mobile,1
2490,2025-09-12,Paid,Desktop,0
2491,2025-05-10,Organic,Mobile,1
2492,2025-06-25,Email,Mobile,0
2493,2025-04-30,Paid,Mobile,0
2494,2025-05-19,Organic,Mobile,1
2495,2025-06-29,Paid,Mobile,0
2496,2025-08-13,Referral,Desktop,0
2497,2025-08-17,Organic,Mobile,0
2498,2025-03-26,Organic,Mobile,1
2499,2025-04-28,Organic,Desktop,1
2500,2025-08-09,Organic,Desktop,1
2501,2025-05-18,Organic,Desktop,1
2502,2025-04-04,Paid,Mobile,1
2503,2025-04-03,Paid,Desktop,0
2504,2025-08-30,Organic,Mobile,0
2505,2025-09-16,Organic,Mobile,0
2506,2025-03-15,Paid,Mobile,0
2507,2025-09-24,Referral,Mobile,0
2508,2025-12-01,Organic,Mobile,0
2509,2025-09-19,Paid,Desktop,0
2510,2025-05-06,Organic,Mobile,0
2511,2025-07-13,Organic,Desktop,0
2512,2025-04-09,Organic,Desktop,1
2513,2025-10-06,Organic,Mobile,0
2514,2025-04-01,Organic,Desktop,0
2515,2025-05-11,Paid,Mobile,0
2516,2025-06-27,Paid,Desktop,0
2517,2025-07-11,Organic,Mobile,0
2518,2025-10-03,Paid,Desktop,0
2519,2025-04-28,Referral,Mobile,1
2520,2025-05-18,Organic,Desktop,0
2521,2025-09-10,Paid,Mobile,0
2522,2025-03-24,Email,Desktop,0
2523,2025-08-12,Organic,Desktop,0
2524,2025-10-21,Organic,Mobile,0
2525,2025-03-14,Paid,Desktop,0
2526,2025-05-28,Paid,Mobile,0
2527,2025-07-14,Paid,Desktop,0
2528,2025-11-09,Paid,Mobile,1
2529,2025-09-15,Paid,Mobile,0
2530,2025-07-11,Paid,Mobile,0
2531,2025-06-16,Paid,Mobile,0
2532,2025-08-23,Email,Mobile,0
2533,2025-11-01,Referral,Mobile,0
2534,2025-06-28,Referral,Desktop,0
2535,2025-06-06,Paid,Desktop,1
2536,2025-07-26,Organic,Mobile,0
2537,2025-08-13,Email,Mobile,0
2538,2025-10-04,Referral,Desktop,0
2539,2025-08-11,Organic,Mobile,0
2540,2025-10-07,Organic,Mobile,1
2541,2025-11-24,Organic,Mobile,0
2542,2025-09-11,Organic,Mobile,1
2543,2025-10-29,Organic,Mobile,0
2544,2025-05-25,Organic,Mobile,0
2545,2025-05-16,Organic,Desktop,1
2546,2025-10-17,Referral,Desktop,0
2547,2025-09-21,Paid,Desktop,1
2548,2025-10-09,Paid,Desktop,0
2549,2025-07-16,Referral,Mobile,0
2550,2025-03-01,Organic,Mobile,0
2551,2025-07-05,Paid,Desktop,0
2552,2025-07-16,Organic,Desktop,1
2553,2025-07-12,Referral,Desktop,0
2554,2025-12-15,Organic,Mobile,1
2555,2025-05-26,Organic,Desktop,0
2556,2025-10-31,Email,Mobile,0
2557,2025-10-12,Paid,Mobile,1
2558,2025-11-10,Paid,Desktop,1
2559,2025-05-31,Organic,Desktop,0
2560,2025-04-28,Organic,Mobile,0
2561,2025-05-28,Organic,Mobile,0
2562,2025-08-14,Organic,Mobile,0
2563,2025-08-14,Paid,Mobile,0
2564,2025-07-03,Paid,Desktop,0
2565,2025-03-08,Paid,Desktop,1
2566,2025-09-20,Organic,Mobile,0
2567,2025-11-11,Paid,Mobile,0
2568,2025-05-05,Organic,Desktop,0
2569,2025-05-22,Email,Mobile,0
2570,2025-09-30,Paid,Desktop,1
2571,2025-11-01,Paid,Desktop,0
2572,2025-11-05,Paid,Mobile,0
2573,2025-09-30,Organic,Desktop,0
2574,2025-04-10,Organic,Mobile,0
2575,2025-09-27,Paid,Desktop,1
2576,2025-03-22,Organic,Mobile,0
2577,2025-03-19,Organic,Mobile,0
2578,2025-04-07,Organic,Mobile,0
2579,2025-10-08,Organic,Desktop,1
2580,2025-05-21,Paid,Mobile,0
2581,2025-06-19,Paid,Desktop,0
2582,2025-09-14,Organic,Desktop,0
2583,2025-10-13,Paid,Mobile,0
2584,2025-05-05,Paid,Desktop,0
2585,2025-08-08,Email,Desktop,0
2586,2025-04-20,Paid,Desktop,1
2587,2025-08-22,Email,Desktop,0
2588,2025-03-08,Paid,Mobile,0
2589,2025-04-29,Paid,Desktop,1
2590,2025-09-01,Organic,Desktop,0
2591,2025-07-30,Organic,Mobile,0
2592,2025-03-14,Organic,Mobile,1
2593,2025-10-17,Referral,Desktop,0
2594,2025-11-27,Email,Mobile,0
2595,2025-08-01,Paid,Mobile,0
2596,2025-07-11,Referral,Mobile,0
2597,2025-07-25,Organic,Mobile,1
2598,2025-10-09,Organic,Mobile,0
2599,2025-10-10,Email,Desktop,0
2600,2025-06-14,Paid,Mobile,0
2601,2025-12-05,Organic,Mobile,0
2602,2025-03-16,Paid,Desktop,1
2603,2025-04-09,Organic,Mobile,0
2604,2025-06-06,Organic,Desktop,0
2605,2025-12-12,Organic,Mobile,0
2606,2025-04-05,Organic,Mobile,0
2607,2025-03-08,Organic,Desktop,0
2608,2025-11-14,Organic,Mobile,1
2609,2025-04-20,Organic,Desktop,0
2610,2025-10-07,Email,Desktop,0
2611,2025-08-23,Paid,Desktop,0
2612,2025-04-04,Paid,Mobile,1
2613,2025-11-24,Organic,Mobile,0
2614,2025-03-30,Email,Mobile,0
2615,2025-03-24,Referral,Mobile,0
2616,2025-09-19,Organic,Mobile,0
2617,2025-07-08,Paid,Desktop,0
2618,2025-03-27,Organic,Desktop,0
2619,2025-04-03,Organic,Mobile,0
2620,2025-09-19,Paid,Mobile,0
2621,2025-04-13,Paid,Mobile,0
2622,2025-07-16,Organic,Desktop,0
2623,2025-05-03,Organic,Mobile,0
2624,2025-11-20,Paid,Mobile,0
2625,2025-11-25,Paid,Mobile,0
2626,2025-08-10,Organic,Desktop,1
2627,2025-11-08,Email,Mobile,0
2628,2025-06-23,Organic,Desktop,0
2629,2025-07-24,Paid,Mobile,0
2630,2025-03-01,Referral,Mobile,1
2631,2025-05-17,Email,Mobile,1
2632,2025-04-30,Email,Desktop,0
2633,2025-04-15,Organic,Mobile,0
2634,2025-05-30,Organic,Mobile,0
2635,2025-08-13,Paid,Mobile,0
2636,2025-09-22,Paid,Mobile,0
2637,2025-03-09,Organic,Mobile,0
2638,2025-09-01,Organic,Desktop,1
2639,2025-07-18,Paid,Mobile,0
2640,2025-08-21,Organic,Mobile,0
2641,2025-06-12,Paid,Mobile,0
2642,2025-11-28,Email,Desktop,0
2643,2025-09-02,Paid,Desktop,0
2644,2025-03-04,Email,Desktop,0
2645,2025-04-18,Email,Desktop,1
2646,2025-10-14,Organic,Mobile,0
2647,2025-12-01,Organic,Desktop,0
2648,2025-03-07,Organic,Mobile,1
2649,2025-09-22,Organic,Desktop,0
2650,2025-04-02,Paid,Desktop,0
2651,2025-03-05,Paid,Desktop,0
2652,2025-10-31,Referral,Desktop,1
2653,2025-09-30,Organic,Mobile,0
2654,2025-11-26,Email,Desktop,0
2655,2025-03-25,Organic,Desktop,1
2656,2025-08-20,Paid,Mobile,0
2657,2025-04-21,Organic,Desktop,0
2658,2025-10-27,Referral,Desktop,1
2659,2025-03-16,Organic,Desktop,1
2660,2025-12-13,Paid,Desktop,0
2661,2025-05-31,Organic,Mobile,1
2662,2025-06-28,Organic,Mobile,0
2663,2025-06-14,Organic,Desktop,0
2664,2025-09-14,Email,Mobile,0
2665,2025-07-27,Referral,Desktop,1
2666,2025-08-02,Organic,Desktop,0
2667,2025-10-15,Referral,Desktop,0
2668,2025-10-18,Referral,Mobile,0
2669,2025-07-22,Paid,Desktop,1
2670,2025-09-29,Referral,Mobile,0
2671,2025-06-18,Paid,Mobile,1
2672,2025-03-01,Referral,Mobile,0
2673,2025-06-27,Paid,Mobile,0
2674,2025-05-13,Paid,Mobile,1
2675,2025-04-01,Paid,Mobile,1
2676,2025-06-30,Paid,Desktop,0
2677,2025-07-05,Paid,Mobile,1
2678,2025-09-21,Paid,Desktop,0
2679,2025-03-07,Paid,Desktop,0
2680,2025-08-10,Organic,Mobile,0
2681,2025-03-22,Organic,Desktop,0
2682,2025-03-15,Organic,Desktop,0
2683,2025-08-21,Organic,Mobile,1
2684,2025-11-03,Paid,Desktop,0
2685,2025-03-18,Email,Mobile,0
2686,2025-07-13,Referral,Mobile,0
2687,2025-12-14,Organic,Desktop,0
2688,2025-07-21,Organic,Mobile,1
2689,2025-11-06,Organic,Mobile,0
2690,2025-03-28,Paid,Desktop,1
2691,2025-10-03,Paid,Desktop,0
2692,2025-09-05,Organic,Mobile,1
2693,2025-05-25,Organic,Desktop,0
2694,2025-07-31,Referral,Mobile,0
2695,2025-04-07,Organic,Mobile,1
2696,2025-10-25,Organic,Desktop,1
2697,2025-10-02,Paid,Desktop,1
2698,2025-03-04,Organic,Mobile,1
2699,2025-06-14,Paid,Mobile,0
2700,2025-03-23,Organic,Mobile,0
2701,2025-05-04,Organic,Desktop,0
2702,2025-07-16,Organic,Mobile,0
2703,2025-12-06,Email,Mobile,1
2704,2025-03-14,Referral,Mobile,0
2705,2025-07-06,Organic,Desktop,0
2706,2025-05-29,Email,Mobile,0
2707,2025-10-15,Organic,Desktop,0
2708,2025-09-05,Paid,Mobile,0
2709,2025-07-31,Organic,Desktop,0
2710,2025-04-21,Organic,Mobile,0
2711,2025-04-12,Organic,Mobile,0
2712,2025-06-06,Referral,Mobile,0
2713,2025-12-11,Paid,Mobile,0
2714,2025-03-28,Paid,Mobile,0
2715,2025-04-19,Organic,Mobile,1
2716,2025-08-01,Paid,Mobile,0
2717,2025-03-03,Organic,Mobile,0
2718,2025-10-03,Organic,Mobile,0
2719,2025-12-12,Referral,Desktop,0
2720,2025-04-25,Organic,Desktop,0
2721,2025-10-23,Paid,Desktop,0
2722,2025-06-06,Referral,Desktop,0
2723,2025-08-11,Organic,Mobile,1
2724,2025-09-05,Organic,Mobile,0
2725,2025-05-07,Organic,Mobile,0
2726,2025-11-19,Organic,Mobile,1
2727,2025-07-29,Email,Mobile,0
2728,2025-03-08,Paid,Desktop,1
2729,2025-10-07,Organic,Desktop,1
2730,2025-10-25,Organic,Mobile,1
2731,2025-11-29,Organic,Mobile,0
2732,2025-04-21,Organic,Mobile,1
2733,2025-09-17,Organic,Mobile,0
2734,2025-09-24,Organic,Desktop,0
2735,2025-10-25,Referral,Mobile,0
2736,2025-12-07,Referral,Desktop,0
2737,2025-07-28,Referral,Mobile,0
2738,2025-11-27,Email,Mobile,0
2739,2025-08-22,Paid,Desktop,0
2740,2025-07-11,Organic,Mobile,0
2741,2025-03-11,Organic,Desktop,0
2742,2025-08-28,Email,Desktop,0
2743,2025-08-09,Paid,Desktop,0
2744,2025-11-16,Organic,Mobile,1
2745,2025-04-01,Organic,Mobile,1
2746,2025-08-25,Organic,Desktop,0
2747,2025-08-25,Organic,Mobile,0
2748,2025-12-04,Organic,Desktop,0
2749,2025-06-25,Paid,Mobile,1
2750,2025-06-01,Paid,Desktop,0
2751,2025-10-25,Paid,Desktop,1
2752,2025-04-10,Paid,Mobile,0
2753,2025-03-08,Paid,Desktop,0
2754,2025-08-12,Paid,Mobile,0
2755,2025-09-27,Referral,Mobile,1
2756,2025-05-16,Email,Desktop,0
2757,2025-04-24,Organic,Mobile,0
2758,2025-11-19,Paid,Mobile,0
2759,2025-06-06,Paid,Mobile,0
2760,2025-08-18,Organic,Mobile,0
2761,2025-04-22,Paid,Mobile,1
2762,2025-05-26,Organic,Mobile,0
2763,2025-11-24,Paid,Mobile,0
2764,2025-08-05,Referral,Mobile,0
2765,2025-08-11,Organic,Mobile,1
2766,2025-12-10,Paid,Desktop,1
2767,2025-11-09,Email,Desktop,1
2768,2025-04-02,Paid,Desktop,0
2769,2025-04-15,Email,Desktop,1
2770,2025-06-10,Organic,Mobile,0
2771,2025-10-25,Referral,Mobile,1
2772,2025-04-15,Referral,Desktop,1
2773,2025-07-12,Organic,Mobile,1
2774,2025-12-14,Paid,Mobile,0
2775,2025-10-30,Paid,Desktop,1
2776,2025-03-17,Organic,Desktop,0
2777,2025-03-31,Paid,Mobile,0
2778,2025-03-21,Organic,Mobile,0
2779,2025-06-08,Paid,Desktop,0
2780,2025-06-10,Email,Mobile,0
2781,2025-11-08,Organic,Desktop,0
2782,2025-03-11,Paid,Desktop,0
2783,2025-07-21,Organic,Mobile,0
2784,2025-09-21,Referral,Desktop,0
2785,2025-11-20,Referral,Mobile,0
2786,2025-06-11,Paid,Desktop,1
2787,2025-04-05,Email,Desktop,0
2788,2025-05-14,Organic,Mobile,0
2789,2025-12-03,Email,Desktop,1
2790,2025-07-31,Referral,Desktop,1
2791,2025-03-06,Organic,Mobile,0
2792,2025-07-26,Organic,Mobile,1
2793,2025-05-12,Organic,Mobile,1
2794,2025-06-17,Referral,Mobile,0
2795,2025-08-02,Email,Mobile,1
2796,2025-10-14,Email,Mobile,0
2797,2025-12-08,Paid,Mobile,0
2798,2025-03-20,Organic,Mobile,0
2799,2025-07-21,Paid,Mobile,0
2800,2025-03-25,Paid,Mobile,0
2801,2025-06-07,Paid,Mobile,0
2802,2025-05-05,Paid,Desktop,0
2803,2025-05-29,Email,Mobile,0
2804,2025-04-03,Organic,Mobile,0
2805,2025-03-23,Paid,Desktop,0
2806,2025-08-15,Paid,Mobile,0
2807,2025-11-16,Organic,Desktop,0
2808,2025-04-18,Organic,Mobile,1
2809,2025-06-25,Organic,Desktop,0
2810,2025-11-09,Organic,Desktop,0
2811,2025-06-09,Organic,Mobile,0
2812,2025-11-30,Paid,Mobile,1
2813,2025-05-10,Paid,Mobile,1
2814,2025-03-14,Organic,Mobile,0
2815,2025-06-26,Email,Mobile,1
2816,2025-07-31,Referral,Mobile,0
2817,2025-09-09,Referral,Mobile,1
2818,2025-09-30,Paid,Desktop,1
2819,2025-08-25,Organic,Mobile,0
2820,2025-11-30,Organic,Desktop,0
2821,2025-08-25,Paid,Mobile,0
2822,2025-05-12,Organic,Desktop,0
2823,2025-09-18,Organic,Desktop,0
2824,2025-06-05,Email,Mobile,0
2825,2025-12-13,Email,Desktop,0
2826,2025-03-25,Referral,Mobile,0
2827,2025-03-05,Organic,Desktop,1
2828,2025-08-12,Paid,Desktop,0
2829,2025-03-18,Paid,Mobile,1
2830,2025-11-17,Paid,Desktop,0
2831,2025-12-12,Email,Mobile,1
2832,2025-07-01,Referral,Mobile,1
2833,2025-04-19,Paid,Mobile,1
2834,2025-03-04,Organic,Mobile,1
2835,2025-08-17,Organic,Desktop,0
2836,2025-11-30,Email,Desktop,0
2837,2025-05-14,Organic,Mobile,0
2838,2025-10-14,Organic,Desktop,0
2839,2025-07-09,Referral,Desktop,1
2840,2025-08-04,Paid,Mobile,0
2841,2025-05-22,Paid,Desktop,0
2842,2025-08-19,Email,Desktop,0
2843,2025-05-26,Email,Desktop,1
2844,2025-03-02,Paid,Mobile,1
2845,2025-07-17,Organic,Desktop,0
2846,2025-09-11,Paid,Desktop,0
2847,2025-06-03,Email,Desktop,0
2848,2025-05-17,Organic,Mobile,0
2849,2025-06-24,Organic,Mobile,0
2850,2025-11-21,Organic,Mobile,0
2851,2025-08-03,Organic,Desktop,0
2852,2025-06-25,Organic,Desktop,0
2853,2025-03-10,Organic,Desktop,0
2854,2025-09-04,Paid,Desktop,0
2855,2025-06-18,Organic,Mobile,0
2856,2025-06-18,Organic,Desktop,0
2857,2025-08-13,Organic,Desktop,0
2858,2025-07-13,Referral,Mobile,0
2859,2025-05-29,Organic,Mobile,0
2860,2025-05-24,Paid,Mobile,1
2861,2025-03-17,Organic,Mobile,1
2862,2025-12-06,Paid,Mobile,0
2863,2025-06-18,Paid,Desktop,0
2864,2025-11-17,Paid,Desktop,0
2865,2025-05-22,Organic,Desktop,0
2866,2025-09-15,Email,Desktop,0
2867,2025-05-11,Paid,Mobile,0
2868,2025-03-31,Paid,Mobile,0
2869,2025-06-27,Organic,Desktop,0
2870,2025-07-16,Email,Mobile,0
2871,2025-03-22,Paid,Desktop,0
2872,2025-04-24,Paid,Mobile,0
2873,2025-12-12,Organic,Mobile,0
2874,2025-05-16,Organic,Mobile,0
2875,2025-07-12,Paid,Mobile,0
2876,2025-06-14,Organic,Mobile,0
2877,2025-11-09,Paid,Mobile,0
2878,2025-10-31,Email,Mobile,0
2879,2025-10-01,Paid,Desktop,0
2880,2025-03-24,Paid,Mobile,1
2881,2025-09-05,Organic,Desktop,0
2882,2025-06-01,Paid,Mobile,0
2883,2025-06-02,Email,Desktop,1
2884,2025-09-26,Paid,Desktop,0
2885,2025-10-21,Referral,Desktop,0
2886,2025-06-16,Organic,Mobile,0
2887,2025-12-12,Referral,Desktop,0
2888,2025-05-17,Organic,Desktop,0
2889,2025-08-27,Organic,Mobile,0
2890,2025-03-27,Organic,Desktop,1
2891,2025-05-06,Organic,Mobile,1
2892,2025-06-24,Email,Mobile,1
2893,2025-09-16,Organic,Mobile,0
2894,2025-04-19,Paid,Mobile,0
2895,2025-08-27,Paid,Mobile,0
2896,2025-10-01,Organic,Desktop,0
2897,2025-09-22,Organic,Mobile,1
2898,2025-03-08,Referral,Desktop,0
2899,2025-10-08,Referral,Desktop,0
2900,2025-10-01,Organic,Desktop,0
2901,2025-09-18,Organic,Desktop,0
2902,2025-11-17,Organic,Mobile,0
2903,2025-10-24,Organic,Mobile,0
2904,2025-08-03,Organic,Mobile,0
2905,2025-04-23,Paid,Mobile,1
2906,2025-05-17,Organic,Mobile,0
2907,2025-05-25,Paid,Mobile,1
2908,2025-10-09,Organic,Desktop,1
2909,2025-07-17,Email,Desktop,0
2910,2025-12-14,Paid,Desktop,0
2911,2025-12-11,Organic,Desktop,0
2912,2025-07-14,Paid,Desktop,0
2913,2025-09-15,Organic,Desktop,0
2914,2025-06-14,Paid,Desktop,0
2915,2025-11-12,Paid,Mobile,0
2916,2025-03-27,Paid,Mobile,0
2917,2025-04-24,Organic,Desktop,1
2918,2025-08-11,Paid,Mobile,1
2919,2025-12-11,Organic,Desktop,0
2920,2025-03-30,Paid,Desktop,1
2921,2025-06-16,Referral,Desktop,0
2922,2025-07-20,Email,Desktop,0
2923,2025-05-27,Paid,Mobile,0
2924,2025-05-29,Organic,Desktop,0
2925,2025-08-27,Paid,Mobile,0
2926,2025-11-01,Organic,Mobile,1
2927,2025-05-13,Paid,Mobile,0
2928,2025-11-24,Organic,Mobile,0
2929,2025-08-30,Organic,Desktop,0
2930,2025-08-24,Email,Desktop,0
2931,2025-04-03,Paid,Mobile,0
2932,2025-05-09,Paid,Desktop,1
2933,2025-03-11,Organic,Desktop,0
2934,2025-10-17,Organic,Desktop,0
2935,2025-04-10,Paid,Desktop,0
2936,2025-05-01,Organic,Mobile,0
2937,2025-11-01,Paid,Mobile,0
2938,2025-10-05,Organic,Desktop,0
2939,2025-06-11,Paid,Mobile,0
2940,2025-06-23,Paid,Desktop,1
2941,2025-12-04,Organic,Desktop,1
2942,2025-12-14,Organic,Mobile,0
2943,2025-10-17,Referral,Desktop,0
2944,2025-10-17,Organic,Desktop,0
2945,2025-06-11,Organic,Mobile,0
2946,2025-11-11,Paid,Desktop,1
2947,2025-05-27,Paid,Desktop,0
2948,2025-03-21,Email,Mobile,0
2949,2025-08-25,Organic,Mobile,0
2950,2025-11-19,Email,Mobile,0
2951,2025-09-08,Email,Desktop,0
2952,2025-12-03,Organic,Desktop,0
2953,2025-08-23,Organic,Mobile,0
2954,2025-09-16,Organic,Desktop,0
2955,2025-04-30,Paid,Mobile,0
2956,2025-07-07,Organic,Desktop,0
2957,2025-06-27,Referral,Desktop,0
2958,2025-06-11,Organic,Mobile,0
2959,2025-03-14,Paid,Mobile,0
2960,2025-05-24,Paid,Desktop,0
2961,2025-04-14,Organic,Desktop,0
2962,2025-06-26,Email,Mobile,1
2963,2025-07-24,Paid,Desktop,0
2964,2025-03-25,Paid,Desktop,0
2965,2025-08-09,Paid,Desktop,1
2966,2025-07-07,Paid,Desktop,0
2967,2025-08-27,Organic,Mobile,0
2968,2025-08-31,Paid,Desktop,1
2969,2025-05-14,Organic,Desktop,1
2970,2025-04-11,Organic,Mobile,0
2971,2025-05-10,Organic,Mobile,0
2972,2025-04-13,Organic,Desktop,0
2973,2025-12-13,Paid,Mobile,0
2974,2025-10-19,Organic,Desktop,0
2975,2025-04-06,Paid,Desktop,0
2976,2025-04-22,Organic,Mobile,0
2977,2025-06-18,Email,Desktop,0
2978,2025-05-18,Organic,Mobile,0
2979,2025-09-10,Organic,Desktop,1
2980,2025-11-29,Paid,Desktop,1
2981,2025-05-11,Organic,Mobile,0
2982,2025-12-10,Organic,Desktop,0
2983,2025-04-10,Organic,Mobile,0
2984,2025-07-03,Organic,Mobile,0
2985,2025-06-23,Email,Mobile,0
2986,2025-11-06,Paid,Desktop,0
2987,2025-11-27,Referral,Mobile,0
2988,2025-12-13,Paid,Desktop,0
2989,2025-07-01,Organic,Desktop,0
2990,2025-04-30,Organic,Mobile,0
2991,2025-08-13,Email,Mobile,0
2992,2025-06-23,Organic,Mobile,0
2993,2025-06-03,Paid,Mobile,0
2994,2025-05-11,Organic,Desktop,0
2995,2025-11-06,Referral,Desktop,0
2996,2025-04-22,Paid,Desktop,1
2997,2025-12-08,Paid,Desktop,0
2998,2025-09-30,Paid,Desktop,0
2999,2025-12-03,Organic,Mobile,0
3000,2025-08-27,Organic,Desktop,0
3001,2025-09-13,Paid,Mobile,0
3002,2025-04-09,Organic,Mobile,0
3003,2025-09-17,Organic,Desktop,0
3004,2025-10-06,Paid,Mobile,0
3005,2025-07-08,Paid,Desktop,0
3006,2025-04-19,Organic,Mobile,0
3007,2025-06-03,Email,Mobile,0
3008,2025-07-05,Organic,Mobile,0
3009,2025-09-05,Organic,Desktop,1
3010,2025-07-13,Paid,Desktop,0
3011,2025-10-24,Referral,Mobile,1
3012,2025-12-15,Paid,Mobile,0
3013,2025-09-01,Organic,Desktop,0
3014,2025-07-02,Email,Mobile,0
3015,2025-06-18,Organic,Desktop,0
3016,2025-11-19,Paid,Desktop,0
3017,2025-06-10,Organic,Mobile,1
3018,2025-06-30,Paid,Desktop,1
3019,2025-12-02,Referral,Desktop,0
3020,2025-09-11,Email,Mobile,0
3021,2025-11-26,Paid,Desktop,0
3022,2025-10-18,Paid,Mobile,0
3023,2025-09-12,Paid,Mobile,1
3024,2025-09-05,Paid,Desktop,0
3025,2025-07-27,Paid,Desktop,0
3026,2025-04-03,Paid,Desktop,0
3027,2025-06-02,Organic,Mobile,0
3028,2025-04-28,Paid,Desktop,0
3029,2025-11-17,Organic,Desktop,0
3030,2025-09-11,Paid,Desktop,0
3031,2025-05-12,Organic,Desktop,0
3032,2025-04-16,Organic,Mobile,1
3033,2025-09-29,Organic,Mobile,0
3034,2025-08-03,Organic,Desktop,0
3035,2025-06-04,Paid,Mobile,0
3036,2025-04-07,Organic,Desktop,0
3037,2025-12-15,Organic,Mobile,0
3038,2025-11-23,Paid,Desktop,0
3039,2025-08-27,Paid,Mobile,1
3040,2025-03-14,Organic,Mobile,0
3041,2025-12-01,Organic,Desktop,1
3042,2025-11-30,Organic,Mobile,0
3043,2025-03-23,Paid,Mobile,0
3044,2025-04-13,Email,Desktop,1
3045,2025-12-11,Organic,Mobile,0
3046,2025-04-01,Paid,Desktop,0
3047,2025-05-14,Paid,Desktop,0
3048,2025-11-17,Email,Mobile,0
3049,2025-09-13,Email,Mobile,0
3050,2025-06-19,Paid,Mobile,1
3051,2025-04-18,Organic,Mobile,0
3052,2025-03-31,Email,Mobile,1
3053,2025-09-01,Referral,Mobile,1
3054,2025-11-24,Organic,Desktop,1
3055,2025-08-10,Organic,Mobile,0
3056,2025-08-20,Email,Mobile,0
3057,2025-08-12,Paid,Desktop,0
3058,2025-03-18,Paid,Mobile,0
3059,2025-06-17,Organic,Mobile,0
3060,2025-06-02,Paid,Desktop,0
3061,2025-07-15,Paid,Mobile,0
3062,2025-06-13,Organic,Mobile,1
3063,2025-04-13,Email,Mobile,0
3064,2025-10-17,Organic,Mobile,1
3065,2025-06-04,Email,Mobile,0
3066,2025-11-04,Organic,Desktop,0
3067,2025-04-09,Organic,Mobile,0
3068,2025-09-21,Paid,Mobile,0
3069,2025-03-11,Paid,Mobile,0
3070,2025-08-09,Referral,Mobile,0
3071,2025-11-15,Paid,Desktop,0
3072,2025-04-29,Organic,Desktop,1
3073,2025-05-26,Paid,Mobile,1
3074,2025-06-26,Email,Mobile,0
3075,2025-04-30,Organic,Desktop,0
3076,2025-07-03,Paid,Mobile,1
3077,2025-03-26,Paid,Desktop,0
3078,2025-04-14,Organic,Mobile,0
3079,2025-07-06,Organic,Mobile,1
3080,2025-05-14,Paid,Desktop,0
3081,2025-11-13,Organic,Mobile,0
3082,2025-06-10,Organic,Desktop,0
3083,2025-07-16,Organic,Mobile,0
3084,2025-06-16,Paid,Mobile,0
3085,2025-05-16,Paid,Mobile,0
3086,2025-10-01,Organic,Mobile,0
3087,2025-06-08,Organic,Mobile,0
3088,2025-07-21,Email,Desktop,1
3089,2025-03-31,Paid,Mobile,0
3090,2025-05-27,Email,Mobile,1
3091,2025-12-14,Paid,Mobile,0
3092,2025-07-09,Organic,Mobile,0
3093,2025-10-17,Paid,Desktop,1
3094,2025-04-13,Referral,Desktop,0
3095,2025-10-21,Organic,Mobile,0
3096,2025-03-18,Referral,Desktop,1
3097,2025-04-12,Referral,Mobile,1
3098,2025-09-04,Paid,Mobile,0
3099,2025-03-15,Paid,Desktop,0
3100,2025-06-07,Referral,Desktop,1
3101,2025-12-11,Paid,Desktop,0
3102,2025-10-31,Email,Mobile,0
3103,2025-05-13,Paid,Mobile,0
3104,2025-12-08,Paid,Mobile,1
3105,2025-06-30,Paid,Desktop,0
3106,2025-07-31,Paid,Desktop,0
3107,2025-07-28,Referral,Mobile,1
3108,2025-11-13,Email,Desktop,0
3109,2025-05-07,Email,Mobile,0
3110,2025-08-08,Organic,Desktop,1
3111,2025-09-29,Email,Mobile,0
3112,2025-09-07,Organic,Mobile,1
3113,2025-05-03,Referral,Mobile,0
3114,2025-06-13,Paid,Desktop,0
3115,2025-03-17,Organic,Mobile,1
3116,2025-10-05,Paid,Mobile,0
3117,2025-09-13,Organic,Desktop,1
3118,2025-09-23,Referral,Mobile,1
3119,2025-03-15,Paid,Desktop,1
3120,2025-08-16,Organic,Mobile,0
3121,2025-12-06,Paid,Mobile,0
3122,2025-07-11,Organic,Desktop,0
3123,2025-06-01,Email,Mobile,0
3124,2025-09-17,Paid,Mobile,1
3125,2025-09-12,Paid,Mobile,0
3126,2025-07-22,Organic,Mobile,1
3127,2025-05-26,Paid,Mobile,0
3128,2025-03-10,Email,Desktop,0
3129,2025-04-13,Referral,Mobile,0
3130,2025-09-08,Paid,Desktop,0
3131,2025-07-16,Organic,Mobile,1
3132,2025-10-28,Referral,Desktop,0
3133,2025-03-26,Referral,Desktop,0
3134,2025-03-01,Paid,Mobile,0
3135,2025-10-16,Organic,Mobile,0
3136,2025-11-02,Paid,Mobile,0
3137,2025-12-03,Paid,Mobile,1
3138,2025-12-04,Organic,Desktop,0
3139,2025-05-16,Organic,Mobile,0
3140,2025-03-01,Organic,Mobile,0
3141,2025-05-29,Organic,Mobile,0
3142,2025-04-26,Paid,Desktop,0
3143,2025-07-30,Organic,Desktop,0
3144,2025-04-01,Referral,Desktop,0
3145,2025-06-28,Organic,Mobile,1
3146,2025-08-14,Paid,Desktop,1
3147,2025-11-21,Referral,Mobile,0
3148,2025-04-05,Paid,Mobile,1
3149,2025-04-26,Paid,Desktop,1
3150,2025-03-13,Organic,Desktop,0
3151,2025-09-27,Organic,Desktop,0
3152,2025-05-03,Organic,Desktop,0
3153,2025-10-10,Organic,Desktop,1
3154,2025-10-23,Paid,Desktop,0
3155,2025-03-05,Organic,Mobile,0
3156,2025-07-21,Paid,Mobile,0
3157,2025-11-28,Organic,Mobile,1
3158,2025-10-23,Referral,Mobile,1
3159,2025-08-29,Email,Desktop,1
3160,2025-12-14,Referral,Mobile,0
3161,2025-06-30,Organic,Desktop,0
3162,2025-10-25,Organic,Mobile,1
3163,2025-08-09,Email,Mobile,1
3164,2025-06-29,Organic,Desktop,0
3165,2025-07-26,Paid,Mobile,0
3166,2025-06-25,Email,Desktop,0
3167,2025-11-07,Paid,Mobile,1
3168,2025-09-17,Organic,Desktop,0
3169,2025-05-26,Paid,Desktop,0
3170,2025-04-22,Paid,Mobile,1
3171,2025-12-08,Paid,Desktop,0
3172,2025-03-24,Organic,Mobile,0
3173,2025-08-13,Organic,Desktop,0
3174,2025-12-06,Email,Mobile,0
3175,2025-10-15,Paid,Mobile,0
3176,2025-05-04,Organic,Desktop,1
3177,2025-04-05,Referral,Desktop,1
3178,2025-05-25,Referral,Desktop,0
3179,2025-03-08,Paid,Mobile,0
3180,2025-07-18,Organic,Desktop,0
3181,2025-08-19,Organic,Desktop,1
3182,2025-12-15,Organic,Desktop,0
3183,2025-06-16,Paid,Mobile,0
3184,2025-09-02,Paid,Mobile,0
3185,2025-06-16,Email,Mobile,0
3186,2025-12-14,Organic,Mobile,0
3187,2025-05-24,Paid,Desktop,0
3188,2025-08-12,Organic,Mobile,0
3189,2025-10-21,Organic,Mobile,0
3190,2025-06-21,Organic,Mobile,1
3191,2025-06-12,Organic,Desktop,0
3192,2025-09-14,Paid,Desktop,1
3193,2025-07-04,Paid,Mobile,1
3194,2025-07-13,Referral,Desktop,0
3195,2025-09-04,Paid,Mobile,0
3196,2025-09-09,Organic,Mobile,1
3197,2025-10-02,Paid,Mobile,0
3198,2025-05-26,Paid,Desktop,0
3199,2025-10-14,Paid,Mobile,0
3200,2025-04-19,Paid,Mobile,1
3201,2025-10-28,Organic,Mobile,0
3202,2025-03-06,Referral,Desktop,0
3203,2025-04-28,Paid,Mobile,0
3204,2025-03-26,Referral,Desktop,0
3205,2025-12-04,Organic,Mobile,1
3206,2025-10-15,Organic,Mobile,0
3207,2025-12-14,Organic,Mobile,0
3208,2025-04-24,Paid,Desktop,1
3209,2025-04-16,Organic,Mobile,0
3210,2025-10-16,Organic,Mobile,1
3211,2025-11-16,Paid,Desktop,1
3212,2025-07-28,Referral,Mobile,0
3213,2025-12-14,Paid,Mobile,0
3214,2025-07-15,Organic,Mobile,0
3215,2025-07-16,Paid,Mobile,1
3216,2025-07-30,Organic,Desktop,1
3217,2025-06-13,Organic,Mobile,1
3218,2025-08-03,Organic,Desktop,1
3219,2025-05-21,Email,Desktop,0
3220,2025-03-04,Referral,Desktop,0
3221,2025-08-13,Paid,Desktop,0
3222,2025-10-20,Referral,Mobile,0
3223,2025-07-25,Organic,Mobile,1
3224,2025-11-25,Organic,Mobile,1
3225,2025-04-09,Organic,Desktop,0
3226,2025-07-18,Paid,Mobile,1
3227,2025-10-30,Organic,Desktop,0
3228,2025-06-15,Paid,Desktop,0
3229,2025-05-06,Paid,Mobile,0
3230,2025-09-10,Organic,Desktop,1
3231,2025-03-06,Referral,Mobile,0
3232,2025-03-09,Paid,Mobile,0
3233,2025-09-15,Organic,Mobile,0
3234,2025-08-18,Paid,Mobile,0
3235,2025-06-25,Organic,Mobile,0
3236,2025-10-08,Email,Desktop,0
3237,2025-08-03,Organic,Desktop,0
3238,2025-09-08,Paid,Mobile,0
3239,2025-03-20,Email,Desktop,0
3240,2025-06-27,Paid,Mobile,0
3241,2025-10-31,Paid,Mobile,1
3242,2025-03-27,Email,Desktop,0
3243,2025-03-23,Organic,Desktop,1
3244,2025-05-31,Organic,Desktop,0
3245,2025-11-02,Referral,Mobile,1
3246,2025-05-10,Email,Desktop,0
3247,2025-05-06,Paid,Mobile,0
3248,2025-06-06,Paid,Desktop,0
3249,2025-11-30,Organic,Mobile,0
3250,2025-11-03,Organic,Mobile,0
3251,2025-10-16,Email,Desktop,0
3252,2025-07-24,Email,Desktop,0
3253,2025-10-15,Organic,Desktop,0
3254,2025-04-19,Organic,Desktop,1
3255,2025-09-16,Organic,Desktop,1
3256,2025-10-29,Organic,Mobile,1
3257,2025-03-26,Paid,Mobile,0
3258,2025-07-26,Paid,Desktop,1
3259,2025-07-03,Organic,Desktop,1
3260,2025-11-12,Paid,Desktop,0
3261,2025-08-18,Email,Desktop,0
3262,2025-10-20,Paid,Desktop,0
3263,2025-04-19,Organic,Mobile,0
3264,2025-08-19,Organic,Mobile,0
3265,2025-09-12,Organic,Desktop,1
3266,2025-07-05,Paid,Desktop,0
3267,2025-04-15,Organic,Mobile,0
3268,2025-11-22,Organic,Mobile,0
3269,2025-07-24,Referral,Mobile,0
3270,2025-09-26,Organic,Mobile,0
3271,2025-10-03,Paid,Mobile,0
3272,2025-10-16,Paid,Mobile,0
3273,2025-08-18,Organic,Desktop,0
3274,2025-05-03,Organic,Desktop,0
3275,2025-10-21,Organic,Desktop,0
3276,2025-10-02,Organic,Desktop,0
3277,2025-08-12,Paid,Mobile,0
3278,2025-05-03,Paid,Desktop,1
3279,2025-12-02,Email,Desktop,0
3280,2025-10-27,Referral,Mobile,0
3281,2025-08-17,Organic,Desktop,0
3282,2025-11-23,Paid,Desktop,0
3283,2025-07-16,Paid,Desktop,0
3284,2025-10-12,Organic,Desktop,0
3285,2025-10-05,Paid,Mobile,0
3286,2025-07-25,Paid,Desktop,0
3287,2025-03-27,Organic,Mobile,0
3288,2025-08-03,Paid,Desktop,1
3289,2025-05-30,Paid,Desktop,0
3290,2025-06-30,Referral,Mobile,0
3291,2025-03-20,Paid,Mobile,0
3292,2025-10-23,Referral,Desktop,0
3293,2025-03-23,Organic,Desktop,1
3294,2025-10-04,Referral,Desktop,0
3295,2025-05-24,Referral,Desktop,0
3296,2025-08-31,Paid,Mobile,1
3297,2025-08-26,Paid,Mobile,1
3298,2025-04-28,Paid,Mobile,0
3299,2025-11-03,Referral,Mobile,1
3300,2025-12-13,Email,Desktop,0
3301,2025-08-23,Email,Mobile,0
3302,2025-10-10,Paid,Mobile,0
3303,2025-10-07,Organic,Mobile,0
3304,2025-06-18,Paid,Mobile,0
3305,2025-11-28,Referral,Mobile,1
3306,2025-09-09,Paid,Mobile,0
3307,2025-09-12,Paid,Mobile,0
3308,2025-05-12,Paid,Mobile,1
3309,2025-03-31,Paid,Mobile,0
3310,2025-05-08,Referral,Mobile,1
3311,2025-06-03,Paid,Mobile,0
3312,2025-08-03,Organic,Desktop,0
3313,2025-06-26,Paid,Mobile,0
3314,2025-05-03,Referral,Mobile,0
3315,2025-05-12,Organic,Mobile,1
3316,2025-09-15,Paid,Mobile,0
3317,2025-06-18,Paid,Mobile,0
3318,2025-05-27,Organic,Desktop,0
3319,2025-12-05,Organic,Desktop,0
3320,2025-04-21,Paid,Desktop,0
3321,2025-03-13,Paid,Mobile,0
3322,2025-11-23,Paid,Mobile,0
3323,2025-10-07,Referral,Mobile,0
3324,2025-09-26,Organic,Desktop,1
3325,2025-08-27,Email,Desktop,0
3326,2025-09-16,Email,Mobile,0
3327,2025-06-09,Organic,Mobile,0
3328,2025-03-14,Referral,Desktop,0
3329,2025-07-27,Email,Mobile,0
3330,2025-05-04,Email,Desktop,0
3331,2025-05-12,Organic,Mobile,0
3332,2025-08-13,Organic,Desktop,0
3333,2025-11-03,Organic,Mobile,0
3334,2025-06-03,Organic,Mobile,0
3335,2025-10-24,Organic,Mobile,0
3336,2025-09-05,Referral,Mobile,0
3337,2025-11-03,Organic,Desktop,0
3338,2025-11-21,Organic,Desktop,0
3339,2025-12-07,Organic,Mobile,0
3340,2025-07-12,Email,Desktop,0
3341,2025-10-26,Paid,Desktop,0
3342,2025-12-04,Referral,Mobile,0
3343,2025-10-28,Paid,Mobile,0
3344,2025-12-07,Paid,Mobile,1
3345,2025-12-11,Email,Mobile,0
3346,2025-12-07,Organic,Mobile,1
3347,2025-10-31,Paid,Desktop,1
3348,2025-06-19,Organic,Mobile,0
3349,2025-11-09,Organic,Mobile,0
3350,2025-10-19,Organic,Mobile,1
3351,2025-04-29,Paid,Mobile,0
3352,2025-11-25,Paid,Mobile,0
3353,2025-04-22,Email,Desktop,0
3354,2025-03-09,Organic,Mobile,0
3355,2025-09-09,Organic,Desktop,0
3356,2025-03-31,Paid,Mobile,0
3357,2025-03-01,Referral,Mobile,0
3358,2025-04-06,Organic,Mobile,0
3359,2025-05-19,Organic,Mobile,0
3360,2025-08-01,Paid,Desktop,1
3361,2025-07-28,Paid,Desktop,0
3362,2025-03-17,Email,Desktop,1
3363,2025-06-07,Paid,Desktop,1
3364,2025-10-23,Paid,Mobile,0
3365,2025-10-26,Referral,Mobile,0
3366,2025-10-25,Organic,Desktop,0
3367,2025-07-16,Referral,Mobile,0
3368,2025-12-13,Paid,Mobile,0
3369,2025-05-17,Organic,Mobile,0
3370,2025-07-14,Paid,Desktop,0
3371,2025-04-07,Organic,Mobile,0
3372,2025-12-12,Email,Mobile,0
3373,2025-09-24,Organic,Desktop,0
3374,2025-07-23,Paid,Mobile,0
3375,2025-10-25,Paid,Mobile,0
3376,2025-10-04,Email,Mobile,0
3377,2025-06-26,Email,Desktop,1
3378,2025-08-04,Organic,Mobile,1
3379,2025-03-29,Referral,Mobile,1
3380,2025-06-29,Email,Desktop,0
3381,2025-04-06,Referral,Mobile,0
3382,2025-10-06,Organic,Mobile,0
3383,2025-12-03,Referral,Desktop,0
3384,2025-10-09,Email,Mobile,0
3385,2025-10-29,Organic,Desktop,0
3386,2025-07-01,Organic,Mobile,0
3387,2025-07-23,Paid,Mobile,1
3388,2025-04-23,Organic,Desktop,0
3389,2025-06-06,Referral,Mobile,1
3390,2025-05-01,Email,Desktop,0
3391,2025-11-05,Organic,Mobile,0
3392,2025-03-26,Paid,Mobile,0
3393,2025-03-23,Organic,Desktop,0
3394,2025-07-07,Organic,Desktop,0
3395,2025-06-14,Paid,Mobile,0
3396,2025-11-08,Paid,Desktop,0
3397,2025-08-15,Organic,Mobile,0
3398,2025-11-25,Paid,Desktop,0
3399,2025-07-26,Organic,Desktop,0
3400,2025-07-22,Paid,Desktop,0
3401,2025-12-02,Paid,Desktop,0
3402,2025-07-22,Organic,Mobile,0
3403,2025-04-14,Organic,Desktop,0
3404,2025-03-27,Email,Mobile,0
3405,2025-11-29,Organic,Mobile,1
3406,2025-10-16,Referral,Mobile,0
3407,2025-10-12,Organic,Mobile,1
3408,2025-10-26,Organic,Mobile,0
3409,2025-03-22,Referral,Desktop,1
3410,2025-05-15,Organic,Mobile,0
3411,2025-04-08,Paid,Mobile,1
3412,2025-06-05,Paid,Mobile,0
3413,2025-03-07,Referral,Desktop,0
3414,2025-09-22,Paid,Desktop,0
3415,2025-10-31,Organic,Mobile,0
3416,2025-06-02,Paid,Mobile,1
3417,2025-07-17,Email,Desktop,0
3418,2025-07-15,Organic,Mobile,0
3419,2025-12-07,Paid,Mobile,0
3420,2025-07-28,Email,Mobile,0
3421,2025-06-08,Organic,Desktop,0
3422,2025-06-15,Organic,Mobile,0
3423,2025-05-05,Email,Mobile,0
3424,2025-03-18,Paid,Mobile,1
3425,2025-09-13,Organic,Mobile,1
3426,2025-08-30,Organic,Mobile,1
3427,2025-05-29,Paid,Mobile,1
3428,2025-06-09,Organic,Mobile,1
3429,2025-05-16,Organic,Mobile,0
3430,2025-04-07,Email,Mobile,0
3431,2025-06-10,Email,Mobile,0
3432,2025-03-15,Organic,Desktop,0
3433,2025-12-09,Paid,Desktop,0
3434,2025-03-10,Organic,Desktop,0
3435,2025-11-06,Organic,Mobile,0
3436,2025-11-15,Email,Desktop,0
3437,2025-07-21,Email,Desktop,1
3438,2025-09-16,Organic,Desktop,0
3439,2025-06-25,Referral,Desktop,0
3440,2025-11-23,Organic,Mobile,0
3441,2025-07-30,Organic,Mobile,0
3442,2025-07-08,Paid,Desktop,1
3443,2025-05-22,Paid,Mobile,1
3444,2025-03-29,Referral,Desktop,0
3445,2025-04-27,Paid,Mobile,0
3446,2025-10-08,Organic,Mobile,0
3447,2025-05-10,Organic,Mobile,0
3448,2025-05-31,Paid,Mobile,0
3449,2025-07-05,Email,Desktop,0
3450,2025-03-22,Organic,Desktop,1
3451,2025-06-01,Paid,Desktop,0
3452,2025-07-22,Organic,Mobile,0
3453,2025-06-16,Email,Desktop,0
3454,2025-07-11,Organic,Desktop,0
3455,2025-05-04,Email,Mobile,1
3456,2025-04-14,Organic,Mobile,1
3457,2025-10-01,Paid,Mobile,0
3458,2025-10-24,Email,Mobile,0
3459,2025-04-16,Organic,Mobile,0
3460,2025-09-24,Organic,Desktop,0
3461,2025-06-18,Paid,Mobile,0
3462,2025-09-27,Email,Desktop,0
3463,2025-12-03,Organic,Desktop,0
3464,2025-05-02,Paid,Mobile,0
3465,2025-09-24,Organic,Mobile,0
3466,2025-10-19,Paid,Mobile,0
3467,2025-08-04,Referral,Desktop,0
3468,2025-08-07,Email,Desktop,0
3469,2025-09-26,Organic,Mobile,0
3470,2025-07-01,Email,Desktop,0
3471,2025-10-09,Organic,Desktop,0
3472,2025-10-03,Paid,Mobile,0
3473,2025-05-08,Organic,Mobile,0
3474,2025-09-06,Paid,Mobile,1
3475,2025-03-22,Paid,Desktop,0
3476,2025-09-25,Organic,Mobile,0
3477,2025-06-08,Organic,Mobile,0
3478,2025-11-21,Email,Desktop,0
3479,2025-06-02,Paid,Desktop,0
3480,2025-04-21,Paid,Desktop,0
3481,2025-08-11,Paid,Mobile,0
3482,2025-05-30,Email,Mobile,0
3483,2025-09-20,Organic,Desktop,0
3484,2025-11-14,Referral,Desktop,0
3485,2025-03-05,Referral,Mobile,0
3486,2025-07-10,Email,Mobile,1
3487,2025-05-03,Email,Mobile,0
3488,2025-09-16,Referral,Desktop,1
3489,2025-07-30,Organic,Desktop,0
3490,2025-05-03,Organic,Mobile,0
3491,2025-06-13,Organic,Desktop,0
3492,2025-07-26,Paid,Desktop,0
3493,2025-06-28,Paid,Mobile,0
3494,2025-03-30,Organic,Mobile,1
3495,2025-07-18,Paid,Mobile,0
3496,2025-11-18,Paid,Desktop,0
3497,2025-06-28,Email,Mobile,0
3498,2025-10-25,Referral,Mobile,1
3499,2025-05-22,Paid,Mobile,0
3500,2025-07-04,Referral,Desktop,0
3501,2025-05-01,Email,Desktop,0
3502,2025-08-09,Paid,Mobile,0
3503,2025-09-18,Organic,Desktop,0
3504,2025-06-26,Referral,Mobile,1
3505,2025-09-17,Organic,Desktop,1
3506,2025-03-11,Organic,Mobile,0
3507,2025-08-19,Paid,Mobile,0
3508,2025-05-04,Organic,Mobile,1
3509,2025-05-11,Paid,Desktop,0
3510,2025-03-24,Organic,Desktop,0
3511,2025-07-13,Organic,Desktop,0
3512,2025-08-07,Organic,Mobile,0
3513,2025-11-16,Organic,Desktop,0
3514,2025-04-01,Organic,Mobile,1
3515,2025-05-11,Organic,Mobile,0
3516,2025-06-12,Organic,Mobile,0
3517,2025-07-15,Paid,Desktop,1
3518,2025-10-06,Paid,Mobile,1
3519,2025-10-05,Email,Mobile,0
3520,2025-06-07,Paid,Mobile,0
3521,2025-11-17,Referral,Desktop,0
3522,2025-05-18,Email,Mobile,0
3523,2025-08-06,Paid,Desktop,0
3524,2025-10-02,Organic,Desktop,0
3525,2025-12-13,Organic,Desktop,0
3526,2025-04-03,Organic,Mobile,1
3527,2025-09-26,Paid,Desktop,0
3528,2025-08-25,Organic,Mobile,0
3529,2025-07-24,Organic,Mobile,0
3530,2025-05-17,Referral,Mobile,0
3531,2025-09-09,Email,Desktop,0
3532,2025-10-01,Referral,Mobile,1
3533,2025-07-06,Organic,Mobile,1
3534,2025-10-25,Organic,Desktop,0
3535,2025-09-27,Organic,Desktop,0
3536,2025-05-06,Email,Mobile,1
3537,2025-03-14,Paid,Desktop,0
3538,2025-03-01,Organic,Desktop,1
3539,2025-04-07,Organic,Mobile,0
3540,2025-08-05,Paid,Mobile,0
3541,2025-03-24,Organic,Desktop,1
3542,2025-09-19,Paid,Mobile,0
3543,2025-07-24,Organic,Mobile,0
3544,2025-11-10,Referral,Desktop,0
3545,2025-10-01,Organic,Mobile,0
3546,2025-03-06,Referral,Mobile,0
3547,2025-10-08,Referral,Mobile,1
3548,2025-10-10,Organic,Desktop,0
3549,2025-10-03,Paid,Desktop,0
3550,2025-06-13,Organic,Desktop,1
3551,2025-05-30,Email,Desktop,0
3552,2025-05-21,Organic,Desktop,0
3553,2025-04-07,Referral,Desktop,0
3554,2025-05-22,Organic,Desktop,1
3555,2025-03-15,Referral,Desktop,0
3556,2025-04-22,Organic,Desktop,0
3557,2025-09-06,Organic,Desktop,0
3558,2025-03-04,Organic,Mobile,0
3559,2025-03-20,Paid,Mobile,0
3560,2025-06-27,Paid,Desktop,0
3561,2025-11-26,Paid,Desktop,0
3562,2025-05-29,Organic,Mobile,1
3563,2025-04-24,Referral,Mobile,0
3564,2025-04-21,Organic,Desktop,0
3565,2025-04-30,Email,Desktop,0
3566,2025-10-14,Referral,Desktop,0
3567,2025-03-21,Paid,Desktop,0
3568,2025-03-16,Email,Desktop,1
3569,2025-03-19,Organic,Mobile,1
3570,2025-06-22,Paid,Mobile,0
3571,2025-06-25,Organic,Desktop,1
3572,2025-06-01,Email,Mobile,1
3573,2025-07-11,Referral,Desktop,0
3574,2025-12-12,Paid,Desktop,1
3575,2025-06-15,Organic,Mobile,1
3576,2025-04-01,Paid,Mobile,0
3577,2025-06-09,Organic,Mobile,0
3578,2025-12-01,Organic,Mobile,1
3579,2025-07-10,Email,Desktop,0
3580,2025-12-08,Organic,Desktop,0
3581,2025-05-02,Organic,Mobile,0
3582,2025-07-01,Paid,Desktop,1
3583,2025-09-29,Organic,Desktop,0
3584,2025-11-06,Organic,Desktop,0
3585,2025-05-24,Email,Desktop,0
3586,2025-08-11,Organic,Mobile,0
3587,2025-10-02,Organic,Mobile,0
3588,2025-09-16,Referral,Desktop,0
3589,2025-11-30,Referral,Mobile,0
3590,2025-10-17,Organic,Desktop,0
3591,2025-04-09,Paid,Desktop,0
3592,2025-05-26,Paid,Mobile,1
3593,2025-11-03,Paid,Desktop,1
3594,2025-05-13,Organic,Mobile,0
3595,2025-12-15,Paid,Desktop,0
3596,2025-06-07,Organic,Mobile,1
3597,2025-04-23,Organic,Desktop,0
3598,2025-06-15,Organic,Desktop,0
3599,2025-10-17,Referral,Mobile,1
3600,2025-11-20,Organic,Mobile,0
3601,2025-12-01,Organic,Desktop,1
3602,2025-09-22,Paid,Desktop,0
3603,2025-07-15,Paid,Mobile,0
3604,2025-04-16,Organic,Desktop,0
3605,2025-10-04,Referral,Desktop,1
3606,2025-04-24,Email,Mobile,1
3607,2025-08-31,Referral,Desktop,0
3608,2025-10-30,Paid,Mobile,1
3609,2025-06-16,Organic,Mobile,0
3610,2025-10-10,Paid,Mobile,0
3611,2025-06-07,Organic,Mobile,0
3612,2025-05-19,Paid,Desktop,1
3613,2025-08-29,Paid,Mobile,0
3614,2025-11-10,Email,Desktop,0
3615,2025-10-01,Email,Mobile,0
3616,2025-06-08,Paid,Mobile,1
3617,2025-08-30,Paid,Mobile,1
3618,2025-09-09,Paid,Mobile,0
3619,2025-11-10,Paid,Desktop,0
3620,2025-03-17,Email,Mobile,0
3621,2025-08-19,Email,Desktop,0
3622,2025-03-13,Email,Desktop,1
3623,2025-07-11,Email,Mobile,0
3624,2025-06-30,Referral,Mobile,0
3625,2025-08-30,Organic,Desktop,0
3626,2025-10-01,Paid,Mobile,0
3627,2025-10-09,Referral,Mobile,1
3628,2025-06-09,Organic,Desktop,1
3629,2025-10-12,Referral,Mobile,1
3630,2025-04-09,Organic,Mobile,0
3631,2025-11-03,Referral,Desktop,0
3632,2025-03-19,Organic,Mobile,1
3633,2025-09-26,Organic,Desktop,0
3634,2025-03-24,Paid,Mobile,0
3635,2025-03-22,Paid,Desktop,1
3636,2025-04-23,Paid,Mobile,1
3637,2025-05-27,Referral,Desktop,0
3638,2025-06-04,Email,Mobile,1
3639,2025-10-02,Paid,Mobile,0
3640,2025-08-08,Organic,Desktop,0
3641,2025-10-18,Paid,Mobile,1
3642,2025-05-12,Organic,Desktop,1
3643,2025-05-06,Email,Mobile,0
3644,2025-04-30,Organic,Desktop,0
3645,2025-08-24,Paid,Desktop,1
3646,2025-03-14,Organic,Mobile,0
3647,2025-06-08,Paid,Mobile,0
3648,2025-09-22,Email,Mobile,0
3649,2025-09-07,Organic,Mobile,0
3650,2025-07-09,Email,Mobile,0
3651,2025-09-01,Paid,Desktop,1
3652,2025-06-01,Paid,Mobile,0
3653,2025-05-17,Referral,Mobile,0
3654,2025-07-20,Email,Mobile,1
3655,2025-10-08,Paid,Mobile,0
3656,2025-06-15,Referral,Desktop,1
3657,2025-10-06,Paid,Desktop,1
3658,2025-03-11,Organic,Mobile,0
3659,2025-11-05,Paid,Mobile,0
3660,2025-11-27,Organic,Desktop,0
3661,2025-09-12,Referral,Mobile,1
3662,2025-09-27,Paid,Desktop,1
3663,2025-05-19,Organic,Mobile,0
3664,2025-04-18,Paid,Mobile,0
3665,2025-06-25,Organic,Desktop,0
3666,2025-03-10,Organic,Desktop,1
3667,2025-04-28,Paid,Mobile,0
3668,2025-12-13,Organic,Desktop,0
3669,2025-06-29,Referral,Desktop,0
3670,2025-10-10,Organic,Desktop,1
3671,2025-09-20,Email,Mobile,0
3672,2025-05-06,Email,Mobile,0
3673,2025-08-12,Organic,Mobile,1
3674,2025-06-27,Paid,Desktop,0
3675,2025-08-14,Paid,Mobile,1
3676,2025-03-04,Paid,Desktop,0
3677,2025-11-13,Paid,Desktop,0
3678,2025-06-10,Organic,Mobile,0
3679,2025-07-30,Email,Mobile,0
3680,2025-11-02,Paid,Mobile,0
3681,2025-11-03,Email,Desktop,0
3682,2025-03-20,Organic,Desktop,1
3683,2025-09-02,Paid,Desktop,0
3684,2025-12-09,Email,Mobile,1
3685,2025-06-02,Email,Mobile,1
3686,2025-11-20,Referral,Desktop,0
3687,2025-04-05,Organic,Mobile,0
3688,2025-11-06,Organic,Mobile,1
3689,2025-03-31,Email,Mobile,0
3690,2025-12-14,Organic,Mobile,0
3691,2025-06-28,Referral,Mobile,0
3692,2025-09-11,Organic,Desktop,0
3693,2025-05-15,Paid,Mobile,1
3694,2025-06-22,Organic,Mobile,0
3695,2025-09-01,Referral,Desktop,0
3696,2025-08-16,Email,Desktop,0
3697,2025-10-13,Email,Desktop,0
3698,2025-12-03,Organic,Mobile,1
3699,2025-09-18,Paid,Desktop,0
3700,2025-09-27,Organic,Desktop,0
3701,2025-10-11,Organic,Mobile,0
3702,2025-11-04,Referral,Mobile,0
3703,2025-09-07,Paid,Mobile,1
3704,2025-05-25,Organic,Desktop,0
3705,2025-11-06,Organic,Desktop,0
3706,2025-07-05,Organic,Mobile,1
3707,2025-06-04,Paid,Mobile,0
3708,2025-08-11,Organic,Mobile,0
3709,2025-08-07,Email,Mobile,0
3710,2025-03-25,Paid,Mobile,1
3711,2025-08-15,Organic,Mobile,1
3712,2025-03-10,Referral,Desktop,0
3713,2025-11-09,Referral,Mobile,0
3714,2025-10-03,Referral,Mobile,0
3715,2025-08-17,Referral,Desktop,0
3716,2025-05-09,Paid,Mobile,1
3717,2025-10-07,Paid,Desktop,1
3718,2025-05-17,Paid,Mobile,0
3719,2025-05-04,Paid,Mobile,0
3720,2025-11-13,Referral,Desktop,0
3721,2025-12-14,Email,Mobile,0
3722,2025-04-27,Organic,Desktop,1
3723,2025-12-15,Referral,Mobile,0
3724,2025-06-26,Referral,Desktop,0
3725,2025-03-24,Organic,Desktop,0
3726,2025-09-29,Organic,Mobile,1
3727,2025-03-25,Email,Mobile,0
3728,2025-10-16,Referral,Desktop,1
3729,2025-10-18,Organic,Desktop,0
3730,2025-03-06,Organic,Desktop,1
3731,2025-03-14,Organic,Desktop,0
3732,2025-10-24,Referral,Mobile,0
3733,2025-07-25,Paid,Desktop,0
3734,2025-05-23,Organic,Mobile,0
3735,2025-09-14,Paid,Mobile,0
3736,2025-10-12,Paid,Mobile,0
3737,2025-08-21,Paid,Mobile,0
3738,2025-06-03,Email,Mobile,0
3739,2025-10-04,Organic,Desktop,0
3740,2025-05-30,Referral,Mobile,0
3741,2025-06-10,Paid,Mobile,0
3742,2025-08-11,Referral,Desktop,1
3743,2025-05-04,Email,Desktop,0
3744,2025-04-17,Organic,Mobile,1
3745,2025-04-25,Organic,Mobile,0
3746,2025-11-18,Organic,Desktop,1
3747,2025-03-13,Paid,Desktop,0
3748,2025-11-05,Referral,Desktop,0
3749,2025-07-17,Referral,Mobile,0
3750,2025-05-21,Paid,Mobile,0
3751,2025-03-05,Paid,Mobile,0
3752,2025-11-23,Referral,Desktop,0
3753,2025-10-02,Organic,Mobile,1
3754,2025-09-29,Organic,Mobile,0
3755,2025-06-12,Organic,Desktop,0
3756,2025-11-05,Referral,Desktop,1
3757,2025-09-14,Organic,Mobile,1
3758,2025-04-01,Referral,Mobile,0
3759,2025-09-17,Paid,Desktop,0
3760,2025-09-15,Paid,Mobile,1
3761,2025-10-02,Referral,Desktop,0
3762,2025-03-22,Paid,Mobile,0
3763,2025-08-25,Email,Mobile,0
3764,2025-10-29,Paid,Desktop,0
3765,2025-09-11,Paid,Desktop,1
3766,2025-10-05,Organic,Mobile,0
3767,2025-09-28,Paid,Mobile,0
3768,2025-03-07,Referral,Desktop,0
3769,2025-06-03,Paid,Desktop,1
3770,2025-09-27,Organic,Mobile,0
3771,2025-08-01,Referral,Mobile,1
3772,2025-08-09,Organic,Desktop,1
3773,2025-04-12,Organic,Desktop,0
3774,2025-08-13,Organic,Mobile,1
3775,2025-03-18,Email,Mobile,1
3776,2025-07-08,Organic,Mobile,0
3777,2025-04-27,Email,Desktop,0
3778,2025-04-03,Referral,Desktop,1
3779,2025-06-28,Organic,Mobile,0
3780,2025-11-09,Paid,Mobile,1
3781,2025-09-02,Paid,Desktop,0
3782,2025-06-16,Email,Mobile,0
3783,2025-12-09,Paid,Mobile,1
3784,2025-05-28,Organic,Desktop,1
3785,2025-07-21,Paid,Mobile,0
3786,2025-11-22,Email,Mobile,0
3787,2025-07-29,Organic,Mobile,0
3788,2025-11-22,Organic,Mobile,1
3789,2025-06-07,Referral,Desktop,1
3790,2025-12-04,Referral,Desktop,0
3791,2025-09-23,Paid,Desktop,1
3792,2025-05-04,Paid,Mobile,0
3793,2025-05-23,Email,Mobile,0
3794,2025-09-28,Referral,Desktop,0
3795,2025-04-18,Paid,Mobile,0
3796,2025-06-12,Paid,Mobile,0
3797,2025-06-14,Organic,Mobile,1
3798,2025-05-06,Paid,Mobile,0
3799,2025-10-19,Organic,Mobile,0
3800,2025-08-29,Organic,Desktop,0
3801,2025-11-22,Paid,Desktop,0
3802,2025-12-03,Organic,Desktop,1
3803,2025-05-21,Paid,Mobile,0
3804,2025-06-11,Organic,Mobile,0
3805,2025-06-22,Organic,Desktop,0
3806,2025-06-18,Paid,Mobile,1
3807,2025-09-26,Organic,Desktop,1
3808,2025-06-14,Organic,Mobile,0
3809,2025-08-11,Email,Desktop,1
3810,2025-04-13,Organic,Mobile,0
3811,2025-07-15,Paid,Mobile,0
3812,2025-08-13,Organic,Desktop,0
3813,2025-12-09,Organic,Desktop,0
3814,2025-07-29,Organic,Mobile,1
3815,2025-07-18,Referral,Desktop,0
3816,2025-10-21,Referral,Desktop,1
3817,2025-03-23,Organic,Desktop,0
3818,2025-10-12,Organic,Mobile,0
3819,2025-11-07,Referral,Desktop,0
3820,2025-04-03,Organic,Desktop,1
3821,2025-10-17,Email,Mobile,0
3822,2025-04-16,Organic,Mobile,1
3823,2025-07-23,Paid,Mobile,0
3824,2025-06-25,Organic,Desktop,0
3825,2025-07-07,Paid,Mobile,0
3826,2025-11-07,Organic,Mobile,0
3827,2025-10-29,Referral,Desktop,1
3828,2025-10-30,Paid,Mobile,0
3829,2025-09-02,Paid,Desktop,0
3830,2025-06-12,Paid,Mobile,1
3831,2025-11-04,Paid,Mobile,0
3832,2025-03-05,Paid,Desktop,0
3833,2025-07-30,Email,Mobile,1
3834,2025-04-30,Organic,Desktop,0
3835,2025-06-28,Email,Mobile,0
3836,2025-08-20,Organic,Desktop,1
3837,2025-04-01,Paid,Desktop,0
3838,2025-03-02,Paid,Mobile,1
3839,2025-12-11,Organic,Mobile,0
3840,2025-07-14,Paid,Desktop,0
3841,2025-03-17,Organic,Desktop,0
3842,2025-05-20,Referral,Mobile,1
3843,2025-10-24,Email,Desktop,0
3844,2025-03-30,Organic,Mobile,0
3845,2025-12-01,Email,Desktop,1
3846,2025-07-02,Referral,Mobile,1
3847,2025-11-22,Email,Mobile,1
3848,2025-06-28,Paid,Mobile,1
3849,2025-11-27,Organic,Mobile,0
3850,2025-06-01,Organic,Mobile,1
3851,2025-09-11,Paid,Desktop,0
3852,2025-12-02,Organic,Mobile,0
3853,2025-08-25,Organic,Desktop,0
3854,2025-06-13,Paid,Mobile,0
3855,2025-04-20,Referral,Mobile,0
3856,2025-06-01,Organic,Mobile,0
3857,2025-05-18,Organic,Mobile,0
3858,2025-09-25,Email,Mobile,0
3859,2025-03-01,Referral,Desktop,0
3860,2025-07-22,Email,Mobile,0
3861,2025-06-03,Paid,Mobile,1
3862,2025-09-15,Organic,Mobile,1
3863,2025-05-13,Organic,Desktop,0
3864,2025-06-24,Organic,Desktop,0
3865,2025-05-12,Referral,Mobile,0
3866,2025-04-16,Paid,Mobile,1
3867,2025-04-23,Organic,Mobile,1
3868,2025-04-09,Organic,Mobile,0
3869,2025-05-07,Paid,Mobile,0
3870,2025-11-29,Organic,Desktop,0
3871,2025-03-02,Paid,Mobile,0
3872,2025-11-16,Email,Mobile,0
3873,2025-03-12,Organic,Desktop,0
3874,2025-10-06,Referral,Desktop,0
3875,2025-03-05,Paid,Desktop,1
3876,2025-06-08,Organic,Mobile,0
3877,2025-05-31,Organic,Mobile,0
3878,2025-11-26,Organic,Mobile,1
3879,2025-07-25,Email,Mobile,0
3880,2025-11-30,Email,Desktop,1
3881,2025-05-27,Email,Mobile,1
3882,2025-10-12,Organic,Desktop,0
3883,2025-05-07,Organic,Desktop,0
3884,2025-06-02,Referral,Mobile,0
3885,2025-08-15,Paid,Desktop,0
3886,2025-08-12,Referral,Desktop,0
3887,2025-03-07,Paid,Mobile,0
3888,2025-07-26,Organic,Desktop,0
3889,2025-09-12,Organic,Desktop,0
3890,2025-03-05,Organic,Desktop,0
3891,2025-07-29,Referral,Mobile,1
3892,2025-04-15,Paid,Mobile,1
3893,2025-10-31,Paid,Mobile,0
3894,2025-04-27,Email,Mobile,0
3895,2025-03-31,Paid,Mobile,0
3896,2025-04-25,Email,Mobile,0
3897,2025-09-21,Email,Desktop,0
3898,2025-11-23,Paid,Desktop,0
3899,2025-08-06,Paid,Desktop,1
3900,2025-11-26,Organic,Mobile,0
3901,2025-07-29,Email,Mobile,0
3902,2025-06-07,Organic,Desktop,0
3903,2025-06-23,Organic,Mobile,0
3904,2025-03-04,Organic,Mobile,1
3905,2025-03-07,Organic,Mobile,0
3906,2025-10-05,Paid,Desktop,0
3907,2025-05-07,Organic,Desktop,1
3908,2025-04-05,Organic,Mobile,0
3909,2025-04-26,Organic,Desktop,0
3910,2025-10-08,Referral,Desktop,1
3911,2025-12-08,Organic,Mobile,0
3912,2025-12-12,Organic,Mobile,0
3913,2025-05-26,Email,Mobile,0
3914,2025-08-25,Organic,Desktop,0
3915,2025-10-11,Organic,Mobile,0
3916,2025-06-26,Organic,Desktop,0
3917,2025-08-02,Paid,Mobile,0
3918,2025-12-07,Organic,Mobile,1
3919,2025-10-03,Referral,Mobile,0
3920,2025-10-13,Email,Desktop,1
3921,2025-09-24,Email,Desktop,0
3922,2025-08-09,Paid,Desktop,0
3923,2025-04-27,Paid,Desktop,0
3924,2025-10-11,Organic,Desktop,1
3925,2025-10-17,Email,Desktop,0
3926,2025-05-13,Referral,Mobile,1
3927,2025-08-19,Organic,Mobile,0
3928,2025-08-14,Paid,Mobile,0
3929,2025-06-16,Referral,Mobile,0
3930,2025-10-20,Email,Desktop,0
3931,2025-07-31,Email,Mobile,1
3932,2025-10-08,Organic,Desktop,0
3933,2025-08-03,Paid,Desktop,1
3934,2025-06-03,Referral,Desktop,0
3935,2025-07-11,Paid,Mobile,0
3936,2025-05-18,Paid,Desktop,1
3937,2025-06-12,Organic,Mobile,0
3938,2025-10-20,Organic,Mobile,0
3939,2025-09-28,Organic,Mobile,1
3940,2025-07-29,Email,Desktop,1
3941,2025-09-11,Organic,Mobile,0
3942,2025-06-02,Referral,Desktop,1
3943,2025-08-24,Email,Mobile,1
3944,2025-08-09,Organic,Mobile,0
3945,2025-09-07,Referral,Mobile,0
3946,2025-03-10,Paid,Mobile,1
3947,2025-08-26,Paid,Desktop,0
3948,2025-10-19,Organic,Desktop,0
3949,2025-06-13,Organic,Mobile,1
3950,2025-07-16,Paid,Desktop,0
3951,2025-08-09,Organic,Desktop,0
3952,2025-08-30,Paid,Mobile,1
3953,2025-08-28,Paid,Mobile,1
3954,2025-06-22,Organic,Mobile,0
3955,2025-06-13,Organic,Mobile,0
3956,2025-08-15,Paid,Desktop,0
3957,2025-11-12,Paid,Mobile,0
3958,2025-08-06,Paid,Desktop,0
3959,2025-05-06,Organic,Desktop,0
3960,2025-06-23,Paid,Mobile,0
3961,2025-08-21,Organic,Mobile,0
3962,2025-07-21,Paid,Mobile,0
3963,2025-03-23,Paid,Mobile,1
3964,2025-06-21,Paid,Mobile,0
3965,2025-05-04,Organic,Desktop,0
3966,2025-05-01,Paid,Mobile,1
3967,2025-08-12,Organic,Desktop,1
3968,2025-06-13,Organic,Mobile,0
3969,2025-08-03,Paid,Desktop,1
3970,2025-04-02,Referral,Mobile,0
3971,2025-04-13,Organic,Desktop,1
3972,2025-03-20,Organic,Mobile,0
3973,2025-05-15,Paid,Mobile,0
3974,2025-05-05,Referral,Mobile,1
3975,2025-12-10,Organic,Desktop,0
3976,2025-11-07,Organic,Mobile,0
3977,2025-06-28,Paid,Desktop,0
3978,2025-11-27,Paid,Desktop,0
3979,2025-10-18,Paid,Desktop,0
3980,2025-11-04,Organic,Desktop,0
3981,2025-03-26,Organic,Desktop,1
3982,2025-03-28,Paid,Desktop,1
3983,2025-07-26,Paid,Mobile,0
3984,2025-09-28,Referral,Mobile,0
3985,2025-06-08,Paid,Mobile,1
3986,2025-06-03,Organic,Desktop,0
3987,2025-08-04,Organic,Mobile,0
3988,2025-05-08,Paid,Mobile,0
3989,2025-08-23,Paid,Desktop,0
3990,2025-07-12,Paid,Mobile,1
3991,2025-08-20,Organic,Desktop,0
3992,2025-05-18,Paid,Desktop,0
3993,2025-03-19,Organic,Mobile,0
3994,2025-09-07,Organic,Mobile,1
3995,2025-06-14,Paid,Mobile,1
3996,2025-04-21,Email,Desktop,0
3997,2025-11-10,Email,Desktop,0
3998,2025-05-31,Organic,Mobile,0
3999,2025-07-24,Email,Mobile,0
4000,2025-09-06,Organic,Mobile,0
4001,2025-12-13,Organic,Desktop,0
4002,2025-05-27,Organic,Desktop,0
4003,2025-07-24,Organic,Mobile,0
4004,2025-04-20,Paid,Mobile,0
4005,2025-11-12,Email,Desktop,0
4006,2025-04-16,Organic,Mobile,1
4007,2025-07-14,Organic,Mobile,1
4008,2025-11-18,Referral,Mobile,1
4009,2025-08-15,Paid,Desktop,0
4010,2025-07-01,Paid,Mobile,0
4011,2025-06-16,Paid,Mobile,0
4012,2025-07-19,Paid,Mobile,0
4013,2025-03-05,Organic,Mobile,1
4014,2025-09-15,Email,Desktop,1
4015,2025-11-24,Organic,Desktop,1
4016,2025-07-08,Organic,Mobile,0
4017,2025-11-27,Referral,Mobile,0
4018,2025-06-21,Paid,Mobile,0
4019,2025-06-05,Organic,Mobile,0
4020,2025-06-05,Organic,Desktop,1
4021,2025-03-17,Paid,Mobile,0
4022,2025-06-14,Email,Mobile,0
4023,2025-06-29,Paid,Mobile,0
4024,2025-11-11,Referral,Desktop,1
4025,2025-06-07,Organic,Desktop,0
4026,2025-06-03,Referral,Mobile,0
4027,2025-05-17,Organic,Mobile,0
4028,2025-03-28,Paid,Desktop,1
4029,2025-09-17,Paid,Desktop,0
4030,2025-07-16,Email,Desktop,0
4031,2025-08-25,Paid,Desktop,0
4032,2025-09-08,Paid,Mobile,0
4033,2025-05-28,Organic,Mobile,0
4034,2025-11-07,Paid,Mobile,0
4035,2025-08-29,Organic,Desktop,0
4036,2025-07-17,Organic,Desktop,0
4037,2025-07-05,Paid,Mobile,0
4038,2025-03-30,Email,Mobile,1
4039,2025-10-18,Organic,Desktop,0
4040,2025-10-05,Organic,Mobile,0
4041,2025-06-13,Organic,Mobile,1
4042,2025-05-08,Organic,Desktop,0
4043,2025-06-10,Organic,Desktop,0
4044,2025-08-26,Paid,Mobile,0
4045,2025-11-14,Paid,Desktop,0
4046,2025-07-14,Referral,Desktop,0
4047,2025-04-09,Email,Desktop,1
4048,2025-08-16,Organic,Mobile,0
4049,2025-08-15,Organic,Desktop,1
4050,2025-03-01,Organic,Desktop,0
4051,2025-11-16,Organic,Desktop,0
4052,2025-03-13,Organic,Desktop,0
4053,2025-08-25,Organic,Mobile,0
4054,2025-06-08,Paid,Desktop,0
4055,2025-10-26,Organic,Mobile,0
4056,2025-08-26,Organic,Desktop,0
4057,2025-07-26,Organic,Desktop,1
4058,2025-10-25,Organic,Mobile,0
4059,2025-06-22,Paid,Mobile,0
4060,2025-09-03,Email,Mobile,0
4061,2025-06-14,Referral,Desktop,0
4062,2025-10-08,Paid,Desktop,0
4063,2025-10-16,Paid,Mobile,0
4064,2025-08-19,Paid,Mobile,0
4065,2025-07-30,Email,Mobile,0
4066,2025-09-11,Organic,Desktop,0
4067,2025-04-21,Paid,Mobile,0
4068,2025-05-05,Paid,Desktop,0
4069,2025-08-15,Organic,Mobile,0
4070,2025-05-17,Organic,Mobile,0
4071,2025-12-13,Paid,Desktop,1
4072,2025-08-23,Referral,Desktop,0
4073,2025-04-10,Paid,Desktop,0
4074,2025-07-15,Referral,Desktop,0
4075,2025-09-16,Email,Mobile,1
4076,2025-08-08,Paid,Desktop,0
4077,2025-03-19,Organic,Mobile,0
4078,2025-09-25,Organic,Mobile,1
4079,2025-03-27,Paid,Mobile,1
4080,2025-03-20,Referral,Mobile,0
4081,2025-11-06,Organic,Mobile,0
4082,2025-06-08,Referral,Desktop,1
4083,2025-06-12,Paid,Desktop,1
4084,2025-05-19,Email,Desktop,1
4085,2025-08-28,Paid,Mobile,0
4086,2025-04-02,Paid,Mobile,0
4087,2025-09-06,Organic,Mobile,0
4088,2025-08-31,Organic,Mobile,0
4089,2025-08-13,Paid,Mobile,0
4090,2025-07-29,Referral,Mobile,0
4091,2025-06-29,Email,Desktop,1
4092,2025-12-02,Email,Mobile,0
4093,2025-11-22,Email,Mobile,1
4094,2025-06-15,Organic,Desktop,0
4095,2025-03-02,Paid,Mobile,0
4096,2025-06-03,Organic,Desktop,0
4097,2025-11-24,Paid,Mobile,0
4098,2025-04-18,Organic,Desktop,0
4099,2025-09-21,Paid,Desktop,0
4100,2025-11-17,Organic,Desktop,1
4101,2025-06-22,Organic,Mobile,0
4102,2025-12-06,Organic,Mobile,0
4103,2025-11-01,Organic,Mobile,0
4104,2025-04-28,Referral,Mobile,0
4105,2025-03-07,Organic,Desktop,1
4106,2025-04-17,Organic,Desktop,0
4107,2025-04-20,Organic,Mobile,0
4108,2025-10-15,Organic,Desktop,0
4109,2025-09-21,Organic,Desktop,0
4110,2025-07-11,Paid,Mobile,0
4111,2025-04-23,Paid,Mobile,1
4112,2025-04-19,Paid,Desktop,0
4113,2025-08-05,Email,Desktop,0
4114,2025-06-10,Referral,Desktop,0
4115,2025-05-26,Organic,Mobile,0
4116,2025-08-31,Referral,Desktop,0
4117,2025-06-26,Referral,Mobile,0
4118,2025-05-11,Organic,Desktop,0
4119,2025-04-28,Paid,Desktop,0
4120,2025-09-18,Paid,Mobile,0
4121,2025-09-10,Referral,Mobile,0
4122,2025-03-23,Organic,Mobile,0
4123,2025-05-11,Organic,Desktop,1
4124,2025-11-12,Paid,Mobile,0
4125,2025-07-14,Paid,Desktop,1
4126,2025-04-03,Organic,Desktop,0
4127,2025-07-04,Organic,Mobile,0
4128,2025-09-24,Organic,Desktop,0
4129,2025-06-02,Organic,Mobile,0
4130,2025-06-13,Paid,Mobile,0
4131,2025-05-05,Paid,Desktop,0
4132,2025-09-26,Paid,Mobile,1
4133,2025-08-10,Organic,Mobile,0
4134,2025-11-10,Organic,Desktop,0
4135,2025-03-31,Organic,Mobile,0
4136,2025-07-18,Paid,Mobile,0
4137,2025-04-02,Referral,Desktop,1
4138,2025-11-11,Organic,Mobile,1
4139,2025-10-26,Paid,Desktop,0
4140,2025-07-18,Paid,Desktop,0
4141,2025-12-06,Organic,Desktop,0
4142,2025-05-16,Paid,Mobile,0
4143,2025-08-09,Referral,Mobile,1
4144,2025-08-05,Paid,Mobile,1
4145,2025-03-05,Paid,Mobile,0
4146,2025-10-27,Organic,Mobile,0
4147,2025-07-28,Paid,Mobile,0
4148,2025-05-24,Organic,Desktop,0
4149,2025-06-21,Paid,Desktop,0
4150,2025-11-21,Organic,Mobile,0
4151,2025-09-02,Paid,Desktop,0
4152,2025-12-08,Paid,Mobile,0
4153,2025-12-03,Organic,Desktop,0
4154,2025-07-21,Organic,Desktop,0
4155,2025-04-03,Paid,Mobile,0
4156,2025-09-30,Paid,Mobile,0
4157,2025-04-21,Paid,Desktop,0
4158,2025-05-31,Organic,Desktop,1
4159,2025-11-19,Organic,Desktop,0
4160,2025-12-11,Organic,Mobile,0
4161,2025-07-19,Email,Desktop,0
4162,2025-11-17,Organic,Desktop,1
4163,2025-11-10,Paid,Mobile,0
4164,2025-04-03,Paid,Mobile,0
4165,2025-04-16,Organic,Desktop,0
4166,2025-03-12,Organic,Desktop,0
4167,2025-11-10,Email,Desktop,0
4168,2025-10-19,Organic,Desktop,0
4169,2025-09-11,Paid,Mobile,0
4170,2025-04-12,Organic,Desktop,0
4171,2025-07-16,Email,Mobile,0
4172,2025-06-01,Referral,Mobile,0
4173,2025-07-08,Organic,Desktop,0
4174,2025-04-13,Paid,Mobile,0
4175,2025-08-31,Paid,Mobile,0
4176,2025-05-05,Email,Desktop,0
4177,2025-10-19,Organic,Desktop,1
4178,2025-06-30,Paid,Desktop,0
4179,2025-11-18,Organic,Mobile,1
4180,2025-03-16,Paid,Mobile,0
4181,2025-10-21,Referral,Mobile,1
4182,2025-12-01,Organic,Mobile,1
4183,2025-04-25,Paid,Desktop,1
4184,2025-06-09,Email,Mobile,0
4185,2025-12-11,Organic,Desktop,0
4186,2025-05-20,Referral,Desktop,0
4187,2025-10-18,Referral,Mobile,0
4188,2025-10-22,Referral,Mobile,1
4189,2025-06-03,Organic,Desktop,0
4190,2025-04-07,Email,Mobile,0
4191,2025-07-18,Organic,Desktop,0
4192,2025-12-02,Organic,Mobile,0
4193,2025-03-12,Organic,Desktop,1
4194,2025-03-05,Organic,Desktop,0
4195,2025-11-30,Email,Mobile,0
4196,2025-09-02,Organic,Mobile,0
4197,2025-06-30,Organic,Desktop,1
4198,2025-11-28,Referral,Desktop,0
4199,2025-05-16,Organic,Mobile,0
4200,2025-11-17,Organic,Desktop,0
4201,2025-10-31,Paid,Mobile,0
4202,2025-05-05,Paid,Mobile,0
4203,2025-05-21,Organic,Desktop,0
4204,2025-05-06,Referral,Desktop,0
4205,2025-10-20,Paid,Mobile,0
4206,2025-08-20,Paid,Desktop,1
4207,2025-09-23,Paid,Desktop,1
4208,2025-08-28,Organic,Desktop,0
4209,2025-08-11,Referral,Desktop,0
4210,2025-10-20,Organic,Desktop,1
4211,2025-11-29,Paid,Desktop,1
4212,2025-05-10,Paid,Mobile,0
4213,2025-06-29,Paid,Mobile,0
4214,2025-10-18,Email,Mobile,0
4215,2025-10-09,Email,Mobile,1
4216,2025-10-21,Organic,Mobile,0
4217,2025-08-02,Organic,Mobile,1
4218,2025-09-22,Organic,Desktop,0
4219,2025-06-19,Referral,Mobile,0
4220,2025-07-01,Referral,Desktop,1
4221,2025-11-20,Referral,Mobile,1
4222,2025-09-18,Paid,Desktop,1
4223,2025-11-30,Paid,Desktop,1
4224,2025-09-21,Organic,Desktop,1
4225,2025-05-01,Organic,Mobile,0
4226,2025-07-06,Organic,Mobile,0
4227,2025-09-02,Organic,Desktop,1
4228,2025-04-16,Referral,Mobile,0
4229,2025-07-08,Organic,Mobile,1
4230,2025-03-24,Paid,Mobile,0
4231,2025-05-03,Organic,Mobile,0
4232,2025-04-15,Paid,Desktop,0
4233,2025-10-29,Organic,Mobile,0
4234,2025-07-27,Organic,Desktop,0
4235,2025-06-20,Organic,Desktop,0
4236,2025-06-08,Paid,Desktop,0
4237,2025-08-15,Paid,Mobile,1
4238,2025-06-14,Paid,Mobile,0
4239,2025-05-20,Email,Desktop,0
4240,2025-11-14,Paid,Desktop,0
4241,2025-09-26,Paid,Mobile,1
4242,2025-06-04,Organic,Mobile,0
4243,2025-11-18,Referral,Mobile,1
4244,2025-08-22,Paid,Desktop,0
4245,2025-05-29,Email,Desktop,0
4246,2025-03-04,Organic,Mobile,1
4247,2025-06-27,Email,Mobile,0
4248,2025-09-23,Paid,Desktop,0
4249,2025-11-04,Paid,Desktop,0
4250,2025-05-15,Organic,Desktop,0
4251,2025-04-14,Organic,Mobile,0
4252,2025-03-21,Email,Mobile,0
4253,2025-11-29,Referral,Mobile,0
4254,2025-10-26,Referral,Desktop,0
4255,2025-10-17,Organic,Desktop,0
4256,2025-06-23,Paid,Desktop,0
4257,2025-06-24,Email,Mobile,0
4258,2025-03-23,Organic,Desktop,0
4259,2025-04-18,Paid,Mobile,0
4260,2025-10-19,Referral,Desktop,0
4261,2025-09-11,Organic,Desktop,0
4262,2025-06-26,Paid,Mobile,0
4263,2025-04-28,Organic,Mobile,0
4264,2025-04-30,Paid,Mobile,0
4265,2025-04-05,Paid,Desktop,0
4266,2025-04-04,Organic,Mobile,0
4267,2025-04-03,Organic,Mobile,0
4268,2025-07-15,Paid,Mobile,0
4269,2025-04-23,Referral,Mobile,0
4270,2025-09-07,Organic,Mobile,0
4271,2025-12-11,Email,Mobile,1
4272,2025-03-11,Paid,Mobile,1
4273,2025-11-20,Paid,Desktop,0
4274,2025-03-03,Paid,Desktop,0
4275,2025-12-07,Organic,Desktop,0
4276,2025-10-09,Paid,Mobile,0
4277,2025-11-11,Organic,Mobile,0
4278,2025-05-29,Referral,Desktop,0
4279,2025-09-15,Organic,Desktop,0
4280,2025-06-24,Organic,Desktop,0
4281,2025-04-01,Email,Desktop,1
4282,2025-03-29,Organic,Desktop,0
4283,2025-07-28,Organic,Mobile,1
4284,2025-07-16,Organic,Desktop,0
4285,2025-06-05,Organic,Mobile,0
4286,2025-04-25,Paid,Desktop,0
4287,2025-08-09,Organic,Desktop,0
4288,2025-09-13,Organic,Mobile,0
4289,2025-08-31,Paid,Desktop,0
4290,2025-04-13,Email,Desktop,1
4291,2025-10-11,Paid,Desktop,0
4292,2025-10-15,Organic,Mobile,1
4293,2025-11-05,Organic,Mobile,0
4294,2025-11-29,Organic,Desktop,0
4295,2025-08-09,Organic,Desktop,0
4296,2025-12-09,Paid,Mobile,0
4297,2025-06-18,Paid,Mobile,0
4298,2025-03-16,Email,Desktop,0
4299,2025-12-09,Email,Mobile,0
4300,2025-06-23,Email,Desktop,1
4301,2025-07-16,Paid,Desktop,0
4302,2025-05-21,Paid,Mobile,0
4303,2025-12-13,Paid,Mobile,1
4304,2025-10-22,Organic,Mobile,1
4305,2025-10-11,Paid,Mobile,1
4306,2025-10-04,Referral,Desktop,0
4307,2025-04-27,Organic,Mobile,0
4308,2025-10-10,Paid,Mobile,1
4309,2025-04-18,Organic,Desktop,1
4310,2025-04-28,Paid,Mobile,0
4311,2025-04-06,Paid,Mobile,0
4312,2025-05-25,Email,Mobile,0
4313,2025-04-25,Paid,Mobile,1
4314,2025-03-18,Paid,Mobile,1
4315,2025-09-29,Organic,Mobile,0
4316,2025-05-11,Paid,Mobile,1
4317,2025-06-30,Paid,Mobile,0
4318,2025-04-15,Organic,Mobile,0
4319,2025-04-04,Organic,Mobile,1
4320,2025-04-10,Email,Desktop,0
4321,2025-07-19,Paid,Desktop,1
4322,2025-10-11,Organic,Mobile,1
4323,2025-10-28,Organic,Desktop,1
4324,2025-06-05,Email,Desktop,1
4325,2025-05-17,Organic,Desktop,0
4326,2025-03-30,Organic,Mobile,0
4327,2025-06-26,Organic,Desktop,0
4328,2025-05-27,Paid,Desktop,0
4329,2025-06-02,Organic,Mobile,0
4330,2025-07-21,Paid,Desktop,0
4331,2025-03-14,Email,Mobile,0
4332,2025-11-02,Email,Mobile,0
4333,2025-05-25,Paid,Desktop,1
4334,2025-07-10,Organic,Mobile,1
4335,2025-05-10,Paid,Desktop,0
4336,2025-05-01,Paid,Mobile,0
4337,2025-04-01,Paid,Mobile,1
4338,2025-04-02,Organic,Desktop,0
4339,2025-04-05,Email,Mobile,1
4340,2025-12-13,Organic,Mobile,0
4341,2025-08-13,Organic,Desktop,0
4342,2025-08-10,Organic,Desktop,1
4343,2025-08-10,Organic,Mobile,1
4344,2025-10-21,Email,Desktop,0
4345,2025-03-26,Organic,Desktop,0
4346,2025-09-05,Referral,Desktop,1
4347,2025-11-23,Paid,Mobile,0
4348,2025-04-14,Paid,Mobile,0
4349,2025-04-15,Referral,Mobile,1
4350,2025-09-21,Email,Mobile,1
4351,2025-10-17,Organic,Mobile,1
4352,2025-08-24,Referral,Mobile,0
4353,2025-05-18,Referral,Mobile,0
4354,2025-11-27,Paid,Desktop,0
4355,2025-08-26,Paid,Mobile,0
4356,2025-06-28,Paid,Desktop,0
4357,2025-08-25,Referral,Mobile,1
4358,2025-04-07,Email,Mobile,0
4359,2025-08-21,Referral,Mobile,0
4360,2025-11-09,Paid,Mobile,1
4361,2025-12-01,Referral,Mobile,1
4362,2025-12-05,Organic,Desktop,0
4363,2025-04-25,Organic,Mobile,1
4364,2025-07-11,Organic,Mobile,0
4365,2025-04-11,Organic,Mobile,1
4366,2025-10-11,Organic,Desktop,1
4367,2025-05-22,Referral,Desktop,0
4368,2025-12-12,Email,Desktop,1
4369,2025-12-09,Organic,Mobile,0
4370,2025-04-29,Organic,Desktop,0
4371,2025-09-08,Organic,Desktop,1
4372,2025-11-27,Email,Mobile,0
4373,2025-08-11,Paid,Mobile,1
4374,2025-08-14,Organic,Mobile,0
4375,2025-06-28,Organic,Mobile,1
4376,2025-03-24,Paid,Mobile,0
4377,2025-04-16,Email,Desktop,0
4378,2025-04-19,Paid,Mobile,0
4379,2025-04-26,Organic,Desktop,0
4380,2025-08-09,Paid,Desktop,0
4381,2025-03-06,Email,Desktop,0
4382,2025-06-21,Referral,Desktop,0
4383,2025-10-15,Paid,Desktop,1
4384,2025-11-05,Paid,Desktop,1
4385,2025-03-31,Paid,Desktop,0
4386,2025-07-22,Paid,Mobile,0
4387,2025-05-24,Paid,Mobile,1
4388,2025-04-11,Email,Desktop,0
4389,2025-06-18,Referral,Desktop,0
4390,2025-09-22,Organic,Mobile,0
4391,2025-05-08,Organic,Mobile,0
4392,2025-03-23,Organic,Desktop,0
4393,2025-04-27,Organic,Mobile,0
4394,2025-09-15,Organic,Desktop,1
4395,2025-11-01,Referral,Desktop,0
4396,2025-06-10,Organic,Desktop,1
4397,2025-09-17,Email,Mobile,0
4398,2025-09-10,Paid,Desktop,1
4399,2025-10-19,Paid,Desktop,0
4400,2025-09-22,Organic,Mobile,1
4401,2025-03-05,Paid,Desktop,0
4402,2025-05-23,Organic,Mobile,0
4403,2025-10-28,Organic,Mobile,0
4404,2025-09-13,Referral,Desktop,1
4405,2025-07-10,Email,Mobile,0
4406,2025-08-10,Organic,Desktop,1
4407,2025-10-03,Paid,Desktop,1
4408,2025-06-05,Organic,Mobile,0
4409,2025-07-10,Organic,Desktop,0
4410,2025-06-08,Organic,Mobile,0
4411,2025-06-26,Organic,Mobile,1
4412,2025-11-20,Organic,Mobile,0
4413,2025-08-30,Organic,Mobile,1
4414,2025-11-02,Organic,Desktop,0
4415,2025-07-11,Organic,Desktop,0
4416,2025-11-02,Organic,Mobile,0
4417,2025-09-21,Organic,Desktop,0
4418,2025-09-22,Organic,Desktop,0
4419,2025-11-28,Paid,Mobile,0
4420,2025-07-16,Paid,Desktop,0
4421,2025-06-01,Organic,Desktop,1
4422,2025-08-10,Referral,Desktop,0
4423,2025-05-23,Paid,Mobile,1
4424,2025-11-17,Organic,Mobile,1
4425,2025-11-30,Paid,Desktop,0
4426,2025-07-26,Organic,Desktop,1
4427,2025-11-29,Referral,Desktop,0
4428,2025-06-24,Paid,Desktop,0
4429,2025-09-30,Organic,Desktop,0
4430,2025-10-26,Paid,Mobile,0
4431,2025-08-15,Organic,Desktop,0
4432,2025-08-31,Organic,Desktop,0
4433,2025-08-08,Paid,Mobile,0
4434,2025-12-12,Organic,Desktop,1
4435,2025-09-29,Organic,Desktop,1
4436,2025-07-19,Organic,Mobile,1
4437,2025-04-30,Organic,Mobile,0
4438,2025-09-29,Organic,Desktop,0
4439,2025-05-14,Organic,Mobile,0
4440,2025-11-30,Paid,Mobile,0
4441,2025-04-22,Paid,Desktop,0
4442,2025-12-06,Email,Mobile,0
4443,2025-08-14,Paid,Mobile,1
4444,2025-08-20,Organic,Desktop,0
4445,2025-08-26,Referral,Desktop,1
4446,2025-03-22,Organic,Desktop,0
4447,2025-05-27,Organic,Desktop,1
4448,2025-07-14,Organic,Mobile,0
4449,2025-03-23,Paid,Mobile,1
4450,2025-12-15,Organic,Mobile,1
4451,2025-07-05,Organic,Desktop,1
4452,2025-09-22,Organic,Mobile,0
4453,2025-08-22,Organic,Mobile,0
4454,2025-07-19,Organic,Mobile,1
4455,2025-03-10,Email,Mobile,0
4456,2025-09-07,Paid,Desktop,0
4457,2025-04-18,Paid,Desktop,1
4458,2025-11-11,Organic,Desktop,1
4459,2025-12-09,Organic,Desktop,0
4460,2025-05-18,Referral,Mobile,0
4461,2025-07-23,Organic,Desktop,0
4462,2025-03-15,Referral,Desktop,0
4463,2025-08-11,Organic,Desktop,0
4464,2025-10-20,Paid,Mobile,0
4465,2025-04-24,Organic,Desktop,1
4466,2025-05-31,Referral,Desktop,1
4467,2025-07-26,Email,Desktop,0
4468,2025-07-28,Paid,Desktop,0
4469,2025-04-22,Referral,Mobile,0
4470,2025-11-24,Paid,Mobile,0
4471,2025-09-05,Referral,Mobile,0
4472,2025-05-21,Paid,Mobile,0
4473,2025-03-07,Paid,Desktop,1
4474,2025-06-05,Paid,Mobile,0
4475,2025-09-10,Organic,Desktop,0
4476,2025-07-21,Referral,Mobile,0
4477,2025-10-01,Email,Mobile,1
4478,2025-09-14,Organic,Mobile,1
4479,2025-10-05,Organic,Mobile,0
4480,2025-08-17,Email,Mobile,1
4481,2025-12-15,Organic,Mobile,1
4482,2025-09-14,Paid,Desktop,0
4483,2025-05-23,Email,Desktop,0
4484,2025-06-21,Email,Desktop,0
4485,2025-04-29,Email,Mobile,0
4486,2025-07-25,Referral,Mobile,0
4487,2025-09-04,Organic,Desktop,0
4488,2025-07-02,Paid,Mobile,0
4489,2025-03-18,Organic,Desktop,0
4490,2025-08-10,Referral,Mobile,0
4491,2025-08-28,Paid,Mobile,0
4492,2025-07-31,Organic,Mobile,0
4493,2025-06-22,Organic,Desktop,0
4494,2025-11-04,Email,Mobile,0
4495,2025-10-08,Paid,Mobile,0
4496,2025-08-09,Email,Desktop,0
4497,2025-09-21,Paid,Mobile,0
4498,2025-07-31,Referral,Mobile,0
4499,2025-09-28,Organic,Mobile,1
4500,2025-11-18,Email,Mobile,1
4501,2025-07-05,Email,Mobile,1
4502,2025-07-15,Organic,Mobile,0
4503,2025-11-06,Referral,Mobile,1
4504,2025-07-18,Paid,Mobile,0
4505,2025-10-24,Referral,Desktop,0
4506,2025-03-05,Paid,Mobile,0
4507,2025-09-10,Email,Desktop,1
4508,2025-09-15,Organic,Mobile,0
4509,2025-08-17,Email,Mobile,0
4510,2025-08-22,Organic,Desktop,0
4511,2025-04-26,Paid,Desktop,0
4512,2025-09-07,Paid,Mobile,1
4513,2025-09-21,Referral,Desktop,0
4514,2025-04-17,Organic,Mobile,0
4515,2025-04-01,Paid,Desktop,0
4516,2025-04-24,Referral,Desktop,0
4517,2025-08-03,Organic,Mobile,1
4518,2025-10-10,Referral,Mobile,1
4519,2025-08-02,Organic,Mobile,0
4520,2025-07-12,Organic,Desktop,1
4521,2025-08-18,Email,Desktop,0
4522,2025-10-18,Paid,Desktop,0
4523,2025-07-26,Referral,Desktop,0
4524,2025-03-29,Organic,Desktop,0
4525,2025-12-08,Organic,Mobile,0
4526,2025-07-29,Paid,Mobile,0
4527,2025-07-19,Organic,Mobile,0
4528,2025-07-12,Referral,Desktop,0
4529,2025-05-04,Referral,Mobile,0
4530,2025-12-14,Email,Desktop,0
4531,2025-04-19,Referral,Desktop,0
4532,2025-08-26,Organic,Mobile,0
4533,2025-09-24,Paid,Desktop,1
4534,2025-03-12,Organic,Mobile,1
4535,2025-07-20,Organic,Mobile,0
4536,2025-03-21,Organic,Desktop,0
4537,2025-12-12,Paid,Desktop,0
4538,2025-09-13,Referral,Desktop,0
4539,2025-03-17,Organic,Mobile,1
4540,2025-12-11,Referral,Desktop,0
4541,2025-04-20,Organic,Desktop,0
4542,2025-06-17,Organic,Desktop,0
4543,2025-04-17,Email,Desktop,1
4544,2025-07-30,Organic,Mobile,0
4545,2025-03-01,Organic,Desktop,1
4546,2025-10-26,Organic,Desktop,1
4547,2025-06-19,Organic,Mobile,1
4548,2025-06-04,Organic,Desktop,0
4549,2025-09-04,Paid,Mobile,0
4550,2025-06-09,Paid,Mobile,0
4551,2025-08-23,Organic,Mobile,1
4552,2025-06-18,Organic,Desktop,0
4553,2025-08-01,Organic,Mobile,0
4554,2025-04-14,Organic,Mobile,1
4555,2025-09-07,Organic,Desktop,1
4556,2025-08-20,Email,Desktop,0
4557,2025-09-14,Paid,Mobile,1
4558,2025-06-28,Paid,Desktop,0
4559,2025-10-31,Paid,Desktop,0
4560,2025-08-16,Paid,Desktop,1
4561,2025-06-08,Paid,Mobile,0
4562,2025-06-19,Paid,Desktop,0
4563,2025-09-07,Paid,Mobile,0
4564,2025-06-18,Organic,Desktop,0
4565,2025-05-27,Organic,Mobile,0
4566,2025-03-16,Organic,Mobile,1
4567,2025-06-18,Paid,Mobile,0
4568,2025-06-19,Organic,Desktop,1
4569,2025-05-18,Referral,Desktop,1
4570,2025-11-07,Organic,Desktop,1
4571,2025-10-22,Organic,Desktop,0
4572,2025-07-27,Organic,Desktop,0
4573,2025-06-29,Email,Mobile,0
4574,2025-08-06,Paid,Desktop,0
4575,2025-12-10,Organic,Desktop,0
4576,2025-08-06,Organic,Mobile,1
4577,2025-06-03,Organic,Desktop,0
4578,2025-07-17,Organic,Mobile,0
4579,2025-03-07,Email,Desktop,0
4580,2025-12-04,Paid,Mobile,0
4581,2025-05-11,Paid,Mobile,0
4582,2025-09-06,Organic,Mobile,1
4583,2025-07-12,Organic,Desktop,1
4584,2025-04-22,Organic,Mobile,0
4585,2025-08-07,Referral,Desktop,1
4586,2025-10-19,Paid,Mobile,0
4587,2025-08-21,Referral,Mobile,0
4588,2025-03-10,Organic,Desktop,1
4589,2025-11-19,Paid,Desktop,0
4590,2025-11-14,Paid,Desktop,0
4591,2025-07-12,Organic,Desktop,0
4592,2025-08-30,Organic,Mobile,0
4593,2025-12-09,Paid,Mobile,0
4594,2025-07-29,Organic,Desktop,1
4595,2025-06-13,Organic,Mobile,0
4596,2025-10-08,Organic,Mobile,0
4597,2025-07-16,Organic,Desktop,1
4598,2025-10-16,Paid,Desktop,1
4599,2025-09-08,Organic,Mobile,0
4600,2025-09-02,Organic,Desktop,1
4601,2025-09-27,Organic,Mobile,0
4602,2025-11-09,Organic,Mobile,0
4603,2025-11-18,Referral,Desktop,0
4604,2025-04-26,Email,Mobile,0
4605,2025-08-21,Organic,Mobile,0
4606,2025-03-09,Referral,Mobile,0
4607,2025-10-01,Referral,Mobile,0
4608,2025-08-10,Paid,Mobile,1
4609,2025-04-14,Paid,Desktop,0
4610,2025-05-03,Organic,Desktop,1
4611,2025-03-14,Referral,Desktop,1
4612,2025-09-16,Organic,Desktop,0
4613,2025-09-30,Organic,Mobile,0
4614,2025-04-10,Paid,Mobile,0
4615,2025-09-28,Paid,Desktop,0
4616,2025-08-21,Email,Mobile,0
4617,2025-03-25,Referral,Mobile,0
4618,2025-11-09,Organic,Desktop,0
4619,2025-04-03,Paid,Desktop,0
4620,2025-06-25,Paid,Mobile,1
4621,2025-10-18,Paid,Desktop,0
4622,2025-10-21,Referral,Mobile,1
4623,2025-06-15,Organic,Desktop,0
4624,2025-11-23,Organic,Mobile,0
4625,2025-05-23,Organic,Mobile,0
4626,2025-11-23,Organic,Mobile,0
4627,2025-04-05,Organic,Mobile,0
4628,2025-06-13,Organic,Desktop,1
4629,2025-12-02,Paid,Desktop,0
4630,2025-09-16,Email,Desktop,1
4631,2025-07-07,Organic,Desktop,0
4632,2025-12-10,Organic,Mobile,0
4633,2025-03-01,Organic,Desktop,0
4634,2025-08-23,Paid,Desktop,0
4635,2025-05-07,Email,Mobile,1
4636,2025-08-03,Organic,Mobile,0
4637,2025-03-26,Paid,Mobile,0
4638,2025-09-25,Referral,Desktop,0
4639,2025-10-11,Paid,Desktop,0
4640,2025-05-06,Referral,Desktop,0
4641,2025-08-05,Paid,Desktop,1
4642,2025-10-27,Referral,Desktop,0
4643,2025-05-17,Paid,Mobile,0
4644,2025-07-04,Organic,Desktop,0
4645,2025-04-22,Organic,Desktop,0
4646,2025-03-05,Paid,Desktop,0
4647,2025-03-09,Paid,Mobile,1
4648,2025-04-18,Organic,Desktop,1
4649,2025-09-08,Organic,Desktop,1
4650,2025-07-14,Email,Mobile,0
4651,2025-06-30,Paid,Mobile,0
4652,2025-03-14,Referral,Mobile,0
4653,2025-05-24,Referral,Desktop,0
4654,2025-11-14,Paid,Desktop,0
4655,2025-04-26,Paid,Desktop,1
4656,2025-08-19,Organic,Mobile,0
4657,2025-04-12,Email,Desktop,0
4658,2025-06-03,Organic,Mobile,1
4659,2025-11-03,Organic,Mobile,0
4660,2025-09-02,Paid,Mobile,0
4661,2025-12-04,Paid,Mobile,0
4662,2025-09-08,Referral,Desktop,0
4663,2025-06-10,Organic,Mobile,0
4664,2025-06-13,Organic,Desktop,1
4665,2025-04-14,Referral,Mobile,1
4666,2025-08-31,Organic,Desktop,1
4667,2025-05-01,Paid,Desktop,0
4668,2025-11-05,Email,Mobile,0
4669,2025-08-16,Organic,Desktop,1
4670,2025-04-17,Organic,Desktop,1
4671,2025-09-12,Organic,Desktop,0
4672,2025-06-06,Paid,Desktop,1
4673,2025-05-02,Email,Mobile,1
4674,2025-07-08,Organic,Desktop,1
4675,2025-05-20,Organic,Mobile,1
4676,2025-09-10,Paid,Mobile,1
4677,2025-08-07,Referral,Desktop,0
4678,2025-04-03,Paid,Mobile,0
4679,2025-08-10,Paid,Desktop,0
4680,2025-05-14,Organic,Mobile,0
4681,2025-03-16,Email,Desktop,0
4682,2025-06-01,Organic,Mobile,0
4683,2025-08-29,Referral,Mobile,1
4684,2025-04-09,Organic,Desktop,0
4685,2025-07-28,Paid,Mobile,0
4686,2025-08-27,Paid,Desktop,0
4687,2025-08-08,Organic,Desktop,1
4688,2025-11-02,Email,Mobile,0
4689,2025-06-03,Email,Desktop,0
4690,2025-06-05,Email,Mobile,0
4691,2025-09-04,Paid,Desktop,0
4692,2025-08-04,Email,Desktop,1
4693,2025-06-25,Organic,Desktop,0
4694,2025-09-02,Organic,Desktop,0
4695,2025-07-22,Organic,Mobile,0
4696,2025-06-11,Referral,Mobile,0
4697,2025-07-29,Referral,Mobile,0
4698,2025-03-12,Referral,Desktop,0
4699,2025-11-10,Paid,Desktop,0
4700,2025-10-27,Paid,Mobile,0
4701,2025-08-31,Email,Mobile,0
4702,2025-03-27,Paid,Mobile,1
4703,2025-06-16,Referral,Desktop,0
4704,2025-08-08,Organic,Mobile,0
4705,2025-05-02,Paid,Mobile,0
4706,2025-07-10,Referral,Desktop,0
4707,2025-10-23,Organic,Mobile,0
4708,2025-10-14,Referral,Desktop,0
4709,2025-03-12,Organic,Mobile,0
4710,2025-04-01,Email,Desktop,0
4711,2025-04-07,Organic,Mobile,0
4712,2025-12-06,Referral,Mobile,0
4713,2025-05-08,Paid,Desktop,0
4714,2025-11-17,Email,Desktop,0
4715,2025-08-24,Paid,Desktop,1
4716,2025-10-08,Paid,Mobile,0
4717,2025-04-09,Paid,Mobile,0
4718,2025-12-08,Paid,Desktop,0
4719,2025-04-09,Organic,Desktop,0
4720,2025-11-05,Organic,Mobile,0
4721,2025-03-05,Paid,Mobile,0
4722,2025-05-19,Organic,Mobile,0
4723,2025-06-22,Paid,Mobile,0
4724,2025-09-25,Email,Mobile,0
4725,2025-07-24,Organic,Desktop,0
4726,2025-04-17,Paid,Mobile,0
4727,2025-07-10,Organic,Mobile,0
4728,2025-12-06,Organic,Mobile,0
4729,2025-11-20,Referral,Mobile,0
4730,2025-12-11,Paid,Desktop,0
4731,2025-11-12,Paid,Mobile,1
4732,2025-05-30,Organic,Desktop,0
4733,2025-08-14,Organic,Mobile,0
4734,2025-08-23,Paid,Desktop,0
4735,2025-08-24,Paid,Mobile,0
4736,2025-09-11,Paid,Desktop,1
4737,2025-04-15,Organic,Desktop,0
4738,2025-05-18,Paid,Mobile,0
4739,2025-03-09,Email,Mobile,0
4740,2025-09-13,Organic,Desktop,1
4741,2025-06-22,Organic,Mobile,0
4742,2025-11-15,Organic,Mobile,0
4743,2025-09-21,Organic,Mobile,0
4744,2025-03-03,Referral,Desktop,0
4745,2025-03-29,Organic,Desktop,1
4746,2025-06-15,Referral,Desktop,0
4747,2025-05-20,Organic,Mobile,0
4748,2025-11-05,Paid,Mobile,1
4749,2025-07-14,Paid,Desktop,0
4750,2025-04-30,Referral,Mobile,0
4751,2025-12-11,Organic,Desktop,1
4752,2025-05-04,Referral,Desktop,0
4753,2025-06-09,Organic,Mobile,0
4754,2025-09-06,Paid,Mobile,0
4755,2025-10-31,Paid,Desktop,0
4756,2025-08-11,Organic,Desktop,0
4757,2025-11-24,Organic,Desktop,0
4758,2025-06-20,Paid,Mobile,0
4759,2025-12-03,Paid,Mobile,0
4760,2025-11-15,Paid,Desktop,0
4761,2025-09-12,Paid,Mobile,0
4762,2025-10-14,Paid,Desktop,0
4763,2025-05-19,Referral,Mobile,0
4764,2025-05-06,Referral,Mobile,1
4765,2025-04-12,Paid,Desktop,0
4766,2025-06-27,Paid,Mobile,1
4767,2025-07-04,Organic,Desktop,0
4768,2025-11-17,Email,Mobile,1
4769,2025-11-04,Email,Mobile,0
4770,2025-05-03,Paid,Mobile,1
4771,2025-05-12,Referral,Desktop,0
4772,2025-10-08,Paid,Desktop,0
4773,2025-10-15,Organic,Mobile,0
4774,2025-06-21,Referral,Mobile,0
4775,2025-10-18,Paid,Desktop,1
4776,2025-05-20,Organic,Mobile,0
4777,2025-03-29,Paid,Mobile,0
4778,2025-08-19,Organic,Mobile,1
4779,2025-05-07,Organic,Desktop,0
4780,2025-07-08,Paid,Mobile,0
4781,2025-11-06,Email,Mobile,1
4782,2025-09-15,Email,Desktop,1
4783,2025-04-28,Organic,Mobile,0
4784,2025-11-10,Paid,Mobile,0
4785,2025-09-25,Paid,Desktop,0
4786,2025-12-06,Referral,Mobile,0
4787,2025-10-09,Paid,Desktop,0
4788,2025-07-16,Referral,Mobile,1
4789,2025-04-08,Organic,Mobile,0
4790,2025-08-17,Email,Desktop,0
4791,2025-06-13,Referral,Mobile,0
4792,2025-12-14,Paid,Desktop,0
4793,2025-05-16,Paid,Mobile,0
4794,2025-11-19,Referral,Desktop,1
4795,2025-06-24,Organic,Desktop,1
4796,2025-11-21,Email,Desktop,1
4797,2025-03-12,Email,Mobile,0
4798,2025-08-17,Organic,Mobile,1
4799,2025-10-31,Email,Mobile,0
4800,2025-08-16,Paid,Mobile,0
4801,2025-03-15,Organic,Mobile,0
4802,2025-07-24,Paid,Desktop,0
4803,2025-09-13,Paid,Mobile,1
4804,2025-09-19,Organic,Desktop,0
4805,2025-07-04,Email,Desktop,0
4806,2025-03-25,Organic,Mobile,0
4807,2025-06-07,Paid,Desktop,1
4808,2025-08-02,Organic,Mobile,0
4809,2025-03-05,Email,Mobile,0
4810,2025-08-20,Organic,Desktop,0
4811,2025-03-08,Paid,Desktop,1
4812,2025-11-04,Referral,Desktop,0
4813,2025-05-11,Paid,Mobile,1
4814,2025-09-01,Organic,Mobile,0
4815,2025-04-01,Organic,Mobile,1
4816,2025-03-19,Organic,Mobile,0
4817,2025-09-24,Paid,Desktop,0
4818,2025-04-02,Organic,Mobile,0
4819,2025-03-30,Paid,Mobile,0
4820,2025-04-15,Organic,Mobile,0
4821,2025-09-15,Organic,Mobile,1
4822,2025-04-01,Email,Desktop,1
4823,2025-05-19,Email,Mobile,1
4824,2025-10-12,Email,Mobile,0
4825,2025-10-14,Email,Mobile,0
4826,2025-03-22,Paid,Mobile,1
4827,2025-11-15,Organic,Mobile,0
4828,2025-08-26,Referral,Desktop,0
4829,2025-05-09,Paid,Mobile,0
4830,2025-11-19,Organic,Mobile,0
4831,2025-03-06,Referral,Mobile,1
4832,2025-03-09,Referral,Mobile,1
4833,2025-12-15,Paid,Desktop,0
4834,2025-09-23,Email,Desktop,0
4835,2025-08-10,Paid,Mobile,0
4836,2025-03-05,Referral,Desktop,1
4837,2025-06-13,Paid,Desktop,1
4838,2025-09-25,Organic,Desktop,0
4839,2025-08-07,Paid,Mobile,0
4840,2025-07-26,Organic,Desktop,0
4841,2025-09-08,Email,Mobile,1
4842,2025-07-18,Paid,Desktop,0
4843,2025-08-12,Organic,Desktop,0
4844,2025-03-18,Paid,Mobile,0
4845,2025-10-07,Organic,Mobile,0
4846,2025-04-11,Referral,Mobile,1
4847,2025-09-21,Paid,Desktop,0
4848,2025-06-26,Paid,Desktop,1
4849,2025-07-15,Referral,Desktop,0
4850,2025-06-02,Paid,Mobile,0
4851,2025-06-06,Referral,Mobile,1
4852,2025-12-07,Paid,Desktop,1
4853,2025-03-11,Paid,Mobile,0
4854,2025-07-03,Organic,Mobile,1
4855,2025-10-24,Referral,Mobile,0
4856,2025-11-12,Organic,Mobile,0
4857,2025-11-05,Paid,Mobile,0
4858,2025-03-12,Email,Desktop,1
4859,2025-05-24,Organic,Mobile,0
4860,2025-03-25,Organic,Mobile,1
4861,2025-11-16,Organic,Desktop,0
4862,2025-10-21,Organic,Desktop,0
4863,2025-09-05,Paid,Desktop,0
4864,2025-10-26,Organic,Mobile,1
4865,2025-06-08,Organic,Desktop,0
4866,2025-11-22,Referral,Desktop,0
4867,2025-04-10,Organic,Desktop,0
4868,2025-04-03,Organic,Desktop,1
4869,2025-11-06,Paid,Desktop,0
4870,2025-04-13,Organic,Desktop,0
4871,2025-11-12,Organic,Desktop,0
4872,2025-08-15,Paid,Mobile,1
4873,2025-07-18,Organic,Mobile,0
4874,2025-11-22,Paid,Mobile,1
4875,2025-10-07,Paid,Mobile,0
4876,2025-05-26,Paid,Mobile,0
4877,2025-08-25,Organic,Desktop,1
4878,2025-05-25,Organic,Mobile,1
4879,2025-03-19,Paid,Mobile,0
4880,2025-07-04,Email,Mobile,0
4881,2025-12-05,Referral,Mobile,0
4882,2025-09-20,Organic,Mobile,1
4883,2025-06-24,Paid,Desktop,1
4884,2025-11-26,Referral,Desktop,0
4885,2025-12-04,Paid,Mobile,0
4886,2025-06-07,Email,Mobile,0
4887,2025-11-15,Referral,Mobile,0
4888,2025-03-02,Paid,Mobile,0
4889,2025-05-04,Organic,Desktop,1
4890,2025-08-23,Paid,Mobile,1
4891,2025-10-23,Paid,Desktop,0
4892,2025-05-20,Paid,Mobile,0
4893,2025-09-28,Email,Desktop,0
4894,2025-10-21,Organic,Desktop,0
4895,2025-04-13,Paid,Desktop,0
4896,2025-03-03,Email,Mobile,1
4897,2025-06-24,Paid,Desktop,0
4898,2025-12-13,Email,Mobile,0
4899,2025-10-18,Email,Mobile,0
4900,2025-06-26,Paid,Mobile,1
4901,2025-11-24,Paid,Mobile,1
4902,2025-05-09,Referral,Mobile,0
4903,2025-12-10,Email,Mobile,0
4904,2025-05-08,Organic,Desktop,0
4905,2025-03-06,Paid,Desktop,0
4906,2025-10-30,Paid,Desktop,0
4907,2025-12-10,Email,Mobile,0
4908,2025-07-24,Organic,Mobile,0
4909,2025-03-30,Organic,Desktop,0
4910,2025-11-02,Paid,Mobile,0
4911,2025-08-23,Paid,Desktop,0
4912,2025-03-27,Paid,Mobile,1
4913,2025-05-23,Email,Mobile,1
4914,2025-08-15,Email,Desktop,0
4915,2025-05-14,Paid,Mobile,0
4916,2025-05-30,Organic,Desktop,1
4917,2025-03-24,Referral,Mobile,0
4918,2025-05-01,Paid,Desktop,0
4919,2025-05-01,Organic,Mobile,0
4920,2025-07-27,Organic,Desktop,1
4921,2025-05-06,Paid,Mobile,1
4922,2025-04-18,Paid,Desktop,0
4923,2025-08-19,Organic,Mobile,1
4924,2025-03-30,Paid,Mobile,0
4925,2025-03-19,Referral,Mobile,0
4926,2025-05-03,Email,Desktop,0
4927,2025-07-28,Paid,Mobile,0
4928,2025-07-27,Paid,Desktop,0
4929,2025-04-29,Paid,Mobile,0
4930,2025-09-04,Email,Mobile,0
4931,2025-06-06,Paid,Desktop,1
4932,2025-08-20,Paid,Mobile,0
4933,2025-03-24,Organic,Mobile,0
4934,2025-08-07,Paid,Mobile,1
4935,2025-08-31,Paid,Desktop,0
4936,2025-10-29,Organic,Desktop,0
4937,2025-10-20,Organic,Mobile,0
4938,2025-07-27,Email,Desktop,0
4939,2025-03-12,Paid,Mobile,1
4940,2025-06-27,Paid,Mobile,0
4941,2025-08-12,Referral,Mobile,1
4942,2025-03-18,Paid,Mobile,1
4943,2025-05-17,Organic,Mobile,0
4944,2025-03-17,Referral,Desktop,1
4945,2025-08-28,Organic,Desktop,1
4946,2025-03-24,Referral,Mobile,0
4947,2025-07-25,Paid,Mobile,0
4948,2025-10-16,Referral,Mobile,0
4949,2025-12-01,Organic,Mobile,0
4950,2025-06-05,Paid,Desktop,1
4951,2025-04-11,Paid,Mobile,1
4952,2025-10-04,Organic,Desktop,0
4953,2025-04-29,Organic,Desktop,0
4954,2025-07-29,Paid,Desktop,0
4955,2025-05-22,Paid,Desktop,1
4956,2025-10-26,Email,Desktop,0
4957,2025-04-14,Paid,Mobile,0
4958,2025-06-26,Organic,Mobile,0
4959,2025-09-09,Paid,Desktop,1
4960,2025-08-28,Organic,Mobile,0
4961,2025-05-03,Organic,Mobile,0
4962,2025-09-04,Email,Desktop,0
4963,2025-08-04,Email,Mobile,0
4964,2025-03-17,Referral,Desktop,0
4965,2025-04-11,Email,Mobile,0
4966,2025-04-24,Referral,Desktop,0
4967,2025-03-07,Referral,Mobile,0
4968,2025-06-29,Organic,Mobile,0
4969,2025-06-15,Paid,Desktop,1
4970,2025-06-24,Paid,Mobile,0
4971,2025-06-17,Organic,Mobile,0
4972,2025-03-07,Email,Desktop,1
4973,2025-10-24,Organic,Mobile,0
4974,2025-07-29,Organic,Mobile,1
4975,2025-11-11,Organic,Mobile,0
4976,2025-03-15,Organic,Mobile,1
4977,2025-12-12,Organic,Mobile,0
4978,2025-06-10,Referral,Mobile,0
4979,2025-05-15,Email,Desktop,1
4980,2025-07-03,Organic,Mobile,0
4981,2025-04-13,Referral,Desktop,0
4982,2025-09-30,Paid,Desktop,1
4983,2025-09-10,Paid,Desktop,1
4984,2025-03-24,Paid,Desktop,0
4985,2025-10-14,Paid,Mobile,0
4986,2025-04-29,Organic,Desktop,0
4987,2025-10-02,Referral,Mobile,0
4988,2025-08-07,Organic,Desktop,0
4989,2025-11-05,Paid,Desktop,0
4990,2025-11-04,Paid,Mobile,0
4991,2025-03-21,Paid,Mobile,0
4992,2025-06-25,Email,Desktop,0
4993,2025-11-22,Referral,Desktop,1
4994,2025-10-11,Organic,Desktop,0
4995,2025-12-06,Organic,Mobile,0
4996,2025-03-30,Organic,Desktop,0
4997,2025-06-12,Paid,Mobile,0
4998,2025-05-28,Email,Desktop,0
4999,2025-07-07,Paid,Desktop,0
5000,2025-03-22,Email,Desktop,0
5001,2025-11-02,Paid,Mobile,0
5002,2025-06-15,Referral,Mobile,0
5003,2025-04-07,Referral,Mobile,0
5004,2025-03-11,Paid,Mobile,1
5005,2025-03-03,Organic,Mobile,1
5006,2025-06-10,Organic,Mobile,0
5007,2025-07-07,Email,Mobile,0
5008,2025-04-05,Referral,Mobile,0
5009,2025-07-06,Organic,Desktop,0
5010,2025-10-05,Paid,Desktop,1
5011,2025-07-09,Email,Desktop,0
5012,2025-03-13,Email,Mobile,0
5013,2025-07-18,Email,Mobile,0
5014,2025-09-28,Paid,Desktop,0
5015,2025-07-03,Paid,Mobile,0
5016,2025-07-09,Referral,Desktop,0
5017,2025-05-08,Paid,Desktop,0
5018,2025-03-26,Paid,Desktop,1
5019,2025-04-02,Organic,Desktop,0
5020,2025-11-02,Organic,Mobile,0
5021,2025-06-14,Paid,Mobile,0
5022,2025-06-05,Paid,Mobile,1
5023,2025-08-25,Paid,Mobile,0
5024,2025-04-13,Referral,Desktop,1
5025,2025-09-11,Paid,Desktop,1
5026,2025-11-23,Paid,Desktop,1
5027,2025-05-09,Organic,Mobile,0
5028,2025-08-16,Organic,Mobile,0
5029,2025-09-19,Organic,Desktop,0
5030,2025-03-16,Organic,Desktop,0
5031,2025-12-14,Paid,Mobile,1
5032,2025-08-28,Paid,Desktop,1
5033,2025-09-10,Organic,Desktop,1
5034,2025-10-30,Organic,Desktop,0
5035,2025-09-04,Organic,Desktop,0
5036,2025-08-25,Referral,Mobile,1
5037,2025-11-27,Organic,Desktop,0
5038,2025-08-23,Referral,Mobile,0
5039,2025-03-31,Email,Mobile,0
5040,2025-07-15,Paid,Mobile,1
5041,2025-10-07,Organic,Mobile,0
5042,2025-08-19,Organic,Desktop,0
5043,2025-07-29,Email,Desktop,0
5044,2025-07-07,Referral,Desktop,1
5045,2025-05-29,Referral,Desktop,1
5046,2025-03-19,Organic,Mobile,1
5047,2025-09-28,Referral,Desktop,0
5048,2025-08-31,Email,Mobile,0
5049,2025-08-15,Paid,Mobile,0
5050,2025-09-06,Paid,Mobile,0
5051,2025-10-11,Email,Mobile,1
5052,2025-04-22,Organic,Mobile,1
5053,2025-07-24,Paid,Mobile,0
5054,2025-09-24,Referral,Desktop,0
5055,2025-04-28,Paid,Mobile,1
5056,2025-08-11,Paid,Desktop,0
5057,2025-04-19,Organic,Desktop,0
5058,2025-05-06,Paid,Desktop,0
5059,2025-04-02,Organic,Mobile,1
5060,2025-09-11,Paid,Desktop,0
5061,2025-06-14,Paid,Mobile,1
5062,2025-10-01,Paid,Mobile,1
5063,2025-05-21,Organic,Desktop,1
5064,2025-05-05,Organic,Desktop,0
5065,2025-09-24,Organic,Mobile,1
5066,2025-06-08,Organic,Desktop,0
5067,2025-03-09,Referral,Mobile,0
5068,2025-10-10,Email,Mobile,0
5069,2025-07-09,Organic,Desktop,0
5070,2025-04-28,Paid,Desktop,0
5071,2025-06-03,Paid,Desktop,0
5072,2025-03-02,Organic,Desktop,1
5073,2025-04-19,Paid,Desktop,0
5074,2025-10-22,Paid,Mobile,0
5075,2025-06-25,Organic,Mobile,0
5076,2025-05-05,Paid,Mobile,0
5077,2025-03-17,Paid,Desktop,1
5078,2025-06-21,Paid,Mobile,0
5079,2025-11-11,Paid,Desktop,0
5080,2025-06-10,Email,Mobile,0
5081,2025-11-04,Paid,Mobile,1
5082,2025-08-30,Email,Desktop,1
5083,2025-03-30,Paid,Desktop,1
5084,2025-10-16,Organic,Mobile,1
5085,2025-10-21,Organic,Mobile,1
5086,2025-05-20,Organic,Desktop,0
5087,2025-11-28,Organic,Desktop,0
5088,2025-07-05,Paid,Desktop,1
5089,2025-11-08,Organic,Mobile,0
5090,2025-10-02,Email,Desktop,0
5091,2025-07-04,Email,Mobile,0
5092,2025-11-06,Organic,Desktop,0
5093,2025-10-22,Paid,Mobile,0
5094,2025-10-18,Paid,Desktop,0
5095,2025-11-01,Organic,Mobile,1
5096,2025-07-20,Paid,Desktop,0
5097,2025-08-12,Paid,Mobile,1
5098,2025-05-17,Paid,Mobile,0
5099,2025-08-15,Organic,Desktop,1
5100,2025-09-10,Referral,Mobile,0
5101,2025-09-01,Paid,Mobile,0
5102,2025-06-07,Email,Desktop,0
5103,2025-05-09,Organic,Desktop,1
5104,2025-08-29,Organic,Desktop,0
5105,2025-11-25,Paid,Mobile,1
5106,2025-04-01,Paid,Desktop,1
5107,2025-03-19,Organic,Mobile,0
5108,2025-05-01,Organic,Mobile,0
5109,2025-05-08,Organic,Desktop,0
5110,2025-07-08,Organic,Mobile,0
5111,2025-11-15,Referral,Mobile,0
5112,2025-12-14,Email,Mobile,1
5113,2025-10-14,Referral,Mobile,1
5114,2025-05-22,Paid,Desktop,0
5115,2025-03-21,Email,Desktop,0
5116,2025-04-01,Paid,Mobile,0
5117,2025-10-18,Organic,Mobile,0
5118,2025-10-04,Paid,Mobile,0
5119,2025-12-06,Referral,Desktop,0
5120,2025-08-24,Paid,Desktop,1
5121,2025-11-15,Paid,Desktop,1
5122,2025-09-26,Organic,Desktop,0
5123,2025-08-10,Organic,Mobile,0
5124,2025-10-20,Referral,Mobile,0
5125,2025-07-14,Paid,Mobile,0
5126,2025-05-04,Organic,Mobile,0
5127,2025-11-27,Paid,Desktop,0
5128,2025-09-27,Paid,Mobile,0
5129,2025-06-09,Paid,Mobile,0
5130,2025-04-14,Email,Mobile,0
5131,2025-11-17,Organic,Mobile,1
5132,2025-03-15,Organic,Desktop,1
5133,2025-04-11,Organic,Mobile,0
5134,2025-12-14,Organic,Desktop,0
5135,2025-09-03,Organic,Mobile,0
5136,2025-10-14,Referral,Desktop,1
5137,2025-10-07,Organic,Desktop,0
5138,2025-09-14,Referral,Mobile,0
5139,2025-04-21,Organic,Desktop,0
5140,2025-08-26,Email,Mobile,0
5141,2025-03-15,Organic,Mobile,0
5142,2025-03-10,Paid,Desktop,0
5143,2025-06-19,Email,Desktop,0
5144,2025-10-03,Referral,Mobile,1
5145,2025-08-12,Paid,Desktop,0
5146,2025-03-19,Paid,Desktop,0
5147,2025-11-21,Referral,Desktop,1
5148,2025-06-28,Email,Mobile,0
5149,2025-06-14,Email,Mobile,0
5150,2025-06-05,Organic,Desktop,0
5151,2025-11-19,Email,Mobile,0
5152,2025-12-11,Email,Desktop,0
5153,2025-06-22,Organic,Mobile,0
5154,2025-10-25,Organic,Desktop,1
5155,2025-09-21,Organic,Desktop,1
5156,2025-10-15,Paid,Desktop,0
5157,2025-05-26,Paid,Desktop,0
5158,2025-07-11,Organic,Mobile,0
5159,2025-11-05,Organic,Desktop,0
5160,2025-07-08,Organic,Mobile,1
5161,2025-08-26,Paid,Mobile,0
5162,2025-11-23,Paid,Mobile,0
5163,2025-03-02,Paid,Mobile,1
5164,2025-10-17,Paid,Mobile,0
5165,2025-07-18,Organic,Mobile,0
5166,2025-07-14,Paid,Mobile,0
5167,2025-04-12,Paid,Desktop,0
5168,2025-05-18,Organic,Desktop,1
5169,2025-05-05,Email,Mobile,0
5170,2025-10-19,Organic,Mobile,0
5171,2025-10-05,Organic,Desktop,0
5172,2025-12-15,Paid,Desktop,0
5173,2025-06-09,Organic,Mobile,1
5174,2025-06-07,Paid,Desktop,1
5175,2025-08-08,Organic,Mobile,1
5176,2025-04-11,Organic,Mobile,0
5177,2025-06-13,Paid,Desktop,0
5178,2025-09-13,Organic,Mobile,0
5179,2025-07-28,Organic,Mobile,0
5180,2025-06-04,Referral,Mobile,1
5181,2025-11-06,Referral,Mobile,0
5182,2025-06-27,Paid,Desktop,1
5183,2025-04-01,Organic,Mobile,0
5184,2025-10-12,Paid,Desktop,1
5185,2025-06-18,Organic,Mobile,0
5186,2025-11-29,Organic,Mobile,0
5187,2025-06-04,Organic,Mobile,1
5188,2025-09-26,Paid,Mobile,0
5189,2025-03-04,Paid,Desktop,1
5190,2025-07-17,Paid,Mobile,0
5191,2025-06-18,Paid,Mobile,1
5192,2025-10-01,Email,Desktop,1
5193,2025-11-18,Paid,Desktop,1
5194,2025-03-28,Paid,Desktop,1
5195,2025-11-02,Email,Desktop,0
5196,2025-06-30,Organic,Desktop,0
5197,2025-08-05,Paid,Desktop,0
5198,2025-08-27,Organic,Mobile,1
5199,2025-05-03,Paid,Desktop,1
5200,2025-07-24,Organic,Desktop,0
5201,2025-12-09,Organic,Mobile,1
5202,2025-12-10,Paid,Desktop,0
5203,2025-12-15,Organic,Desktop,0
5204,2025-10-03,Paid,Mobile,1
5205,2025-10-30,Paid,Desktop,0
5206,2025-06-14,Organic,Mobile,1
5207,2025-06-02,Referral,Desktop,0
5208,2025-11-22,Referral,Mobile,0
5209,2025-07-07,Paid,Mobile,0
5210,2025-07-09,Email,Mobile,0
5211,2025-05-15,Organic,Desktop,0
5212,2025-07-08,Paid,Desktop,1
5213,2025-11-25,Organic,Desktop,0
5214,2025-03-28,Organic,Desktop,1
5215,2025-11-22,Email,Desktop,0
5216,2025-11-03,Paid,Mobile,0
5217,2025-04-06,Organic,Mobile,0
5218,2025-05-15,Paid,Desktop,0
5219,2025-10-18,Referral,Mobile,0
5220,2025-04-01,Organic,Mobile,1
5221,2025-09-03,Organic,Mobile,0
5222,2025-04-24,Paid,Mobile,0
5223,2025-11-12,Organic,Mobile,1
5224,2025-10-13,Email,Desktop,0
5225,2025-03-09,Paid,Desktop,1
5226,2025-08-29,Email,Desktop,0
5227,2025-10-19,Organic,Mobile,0
5228,2025-04-17,Email,Desktop,0
5229,2025-11-07,Paid,Desktop,0
5230,2025-11-28,Organic,Mobile,1
5231,2025-04-08,Organic,Desktop,0
5232,2025-09-21,Email,Desktop,0
5233,2025-06-13,Paid,Mobile,0
5234,2025-05-30,Paid,Mobile,1
5235,2025-08-30,Organic,Desktop,1
5236,2025-09-15,Organic,Mobile,0
5237,2025-08-22,Organic,Desktop,0
5238,2025-08-29,Organic,Desktop,0
5239,2025-08-02,Organic,Desktop,1
5240,2025-07-25,Paid,Mobile,1
5241,2025-04-24,Email,Desktop,0
5242,2025-12-06,Organic,Mobile,0
5243,2025-05-16,Referral,Desktop,0
5244,2025-11-01,Paid,Mobile,0
5245,2025-03-15,Paid,Desktop,0
5246,2025-05-13,Paid,Mobile,1
5247,2025-03-10,Paid,Desktop,1
5248,2025-10-28,Referral,Desktop,0
5249,2025-05-19,Organic,Desktop,1
5250,2025-12-15,Organic,Mobile,1
5251,2025-08-05,Paid,Mobile,1
5252,2025-06-21,Organic,Desktop,1
5253,2025-03-21,Paid,Desktop,0
5254,2025-04-15,Organic,Mobile,0
5255,2025-04-18,Paid,Mobile,0
5256,2025-04-01,Organic,Mobile,1
5257,2025-10-04,Paid,Mobile,0
5258,2025-09-17,Referral,Desktop,1
5259,2025-05-12,Organic,Desktop,0
5260,2025-03-12,Paid,Desktop,0
5261,2025-08-07,Paid,Desktop,0
5262,2025-04-18,Organic,Mobile,0
5263,2025-05-05,Email,Mobile,1
5264,2025-10-22,Organic,Desktop,0
5265,2025-07-25,Organic,Mobile,0
5266,2025-11-08,Paid,Desktop,1
5267,2025-03-05,Email,Mobile,0
5268,2025-11-10,Organic,Mobile,0
5269,2025-08-15,Paid,Desktop,1
5270,2025-08-06,Paid,Desktop,0
5271,2025-06-05,Organic,Desktop,0
5272,2025-09-06,Organic,Mobile,0
5273,2025-05-23,Organic,Mobile,0
5274,2025-09-19,Organic,Mobile,0
5275,2025-08-15,Organic,Desktop,0
5276,2025-09-12,Paid,Mobile,0
5277,2025-10-18,Paid,Mobile,0
5278,2025-12-06,Email,Mobile,1
5279,2025-07-14,Paid,Desktop,1
5280,2025-08-15,Paid,Mobile,0
5281,2025-12-09,Organic,Desktop,1
5282,2025-03-07,Referral,Desktop,0
5283,2025-06-29,Referral,Desktop,0
5284,2025-05-06,Organic,Desktop,0
5285,2025-09-25,Paid,Mobile,0
5286,2025-06-22,Paid,Desktop,0
5287,2025-09-06,Email,Mobile,0
5288,2025-12-10,Organic,Desktop,0
5289,2025-07-10,Organic,Mobile,0
5290,2025-08-07,Email,Mobile,0
5291,2025-11-19,Paid,Desktop,0
5292,2025-04-18,Paid,Mobile,0
5293,2025-09-08,Paid,Mobile,0
5294,2025-09-09,Organic,Mobile,0
5295,2025-07-28,Paid,Mobile,0
5296,2025-09-04,Email,Desktop,1
5297,2025-06-29,Organic,Mobile,1
5298,2025-11-07,Paid,Mobile,1
5299,2025-05-23,Organic,Mobile,0
5300,2025-03-20,Paid,Desktop,1
5301,2025-12-11,Referral,Mobile,0
5302,2025-04-10,Referral,Desktop,0
5303,2025-06-30,Organic,Mobile,0
5304,2025-08-02,Organic,Mobile,0
5305,2025-03-27,Referral,Mobile,0
5306,2025-04-11,Paid,Mobile,0
5307,2025-03-09,Paid,Mobile,1
5308,2025-08-05,Paid,Mobile,1
5309,2025-09-08,Paid,Desktop,0
5310,2025-04-03,Email,Mobile,0
5311,2025-12-10,Organic,Mobile,1
5312,2025-05-12,Referral,Mobile,0
5313,2025-08-24,Organic,Mobile,0
5314,2025-03-25,Organic,Desktop,0
5315,2025-04-07,Paid,Mobile,0
5316,2025-07-03,Referral,Desktop,0
5317,2025-04-30,Paid,Mobile,0
5318,2025-03-31,Referral,Desktop,0
5319,2025-10-15,Organic,Desktop,0
5320,2025-09-01,Organic,Mobile,1
5321,2025-08-25,Paid,Desktop,0
5322,2025-06-09,Organic,Desktop,0
5323,2025-09-17,Organic,Mobile,0
5324,2025-10-13,Paid,Mobile,1
5325,2025-11-11,Paid,Mobile,0
5326,2025-03-18,Referral,Desktop,0
5327,2025-04-18,Paid,Mobile,1
5328,2025-12-07,Paid,Desktop,0
5329,2025-03-25,Email,Desktop,0
5330,2025-07-30,Paid,Desktop,1
5331,2025-09-27,Paid,Desktop,1
5332,2025-09-21,Paid,Desktop,1
5333,2025-07-29,Paid,Mobile,0
5334,2025-11-12,Organic,Desktop,0
5335,2025-05-20,Paid,Mobile,0
5336,2025-07-13,Paid,Mobile,0
5337,2025-04-04,Paid,Desktop,0
5338,2025-11-15,Organic,Desktop,0
5339,2025-06-29,Paid,Desktop,0
5340,2025-11-27,Organic,Desktop,0
5341,2025-08-03,Organic,Desktop,1
5342,2025-07-31,Referral,Mobile,0
5343,2025-05-30,Organic,Mobile,0
5344,2025-04-14,Referral,Mobile,0
5345,2025-08-29,Organic,Mobile,1
5346,2025-08-29,Email,Mobile,0
5347,2025-07-27,Organic,Mobile,0
5348,2025-06-19,Paid,Desktop,0
5349,2025-09-11,Organic,Desktop,0
5350,2025-06-10,Organic,Desktop,0
5351,2025-08-25,Organic,Desktop,0
5352,2025-09-21,Email,Mobile,0
5353,2025-07-12,Organic,Desktop,0
5354,2025-12-15,Email,Desktop,0
5355,2025-04-26,Referral,Desktop,0
5356,2025-12-12,Paid,Desktop,0
5357,2025-09-13,Organic,Mobile,1
5358,2025-06-15,Organic,Desktop,0
5359,2025-04-24,Referral,Desktop,0
5360,2025-07-07,Paid,Desktop,1
5361,2025-11-15,Organic,Desktop,0
5362,2025-11-24,Organic,Mobile,0
5363,2025-10-16,Referral,Mobile,1
5364,2025-04-19,Organic,Mobile,1
5365,2025-08-18,Organic,Mobile,0
5366,2025-11-01,Organic,Desktop,0
5367,2025-06-18,Organic,Desktop,1
5368,2025-11-20,Referral,Mobile,0
5369,2025-08-22,Paid,Desktop,0
5370,2025-11-16,Paid,Mobile,0
5371,2025-06-19,Paid,Mobile,0
5372,2025-05-27,Organic,Desktop,0
5373,2025-06-18,Paid,Desktop,0
5374,2025-10-25,Paid,Desktop,0
5375,2025-03-19,Organic,Mobile,0
5376,2025-05-20,Email,Mobile,0
5377,2025-03-07,Organic,Desktop,0
5378,2025-11-29,Referral,Desktop,1
5379,2025-08-18,Organic,Mobile,0
5380,2025-08-30,Organic,Mobile,0
5381,2025-12-11,Organic,Mobile,0
5382,2025-10-16,Referral,Mobile,0
5383,2025-03-25,Referral,Mobile,1
5384,2025-03-08,Email,Mobile,0
5385,2025-10-31,Paid,Mobile,0
5386,2025-12-14,Referral,Mobile,0
5387,2025-04-04,Email,Desktop,1
5388,2025-09-03,Paid,Desktop,1
5389,2025-06-28,Paid,Desktop,0
5390,2025-10-18,Paid,Mobile,1
5391,2025-11-12,Paid,Mobile,0
5392,2025-05-26,Organic,Desktop,1
5393,2025-09-04,Organic,Desktop,1
5394,2025-06-04,Email,Mobile,1
5395,2025-10-28,Paid,Desktop,1
5396,2025-07-24,Paid,Desktop,0
5397,2025-09-21,Referral,Desktop,0
5398,2025-03-23,Organic,Desktop,1
5399,2025-10-27,Paid,Mobile,1
5400,2025-08-04,Paid,Desktop,0
5401,2025-05-10,Paid,Mobile,1
5402,2025-11-02,Organic,Desktop,0
5403,2025-10-28,Organic,Desktop,0
5404,2025-10-29,Paid,Mobile,0
5405,2025-07-04,Email,Mobile,0
5406,2025-05-28,Email,Desktop,1
5407,2025-12-05,Organic,Mobile,1
5408,2025-11-03,Organic,Desktop,1
5409,2025-04-11,Paid,Mobile,0
5410,2025-04-12,Paid,Mobile,0
5411,2025-03-11,Organic,Desktop,0
5412,2025-10-31,Organic,Desktop,0
5413,2025-10-01,Paid,Desktop,0
5414,2025-11-02,Organic,Mobile,0
5415,2025-08-12,Organic,Desktop,0
5416,2025-07-11,Paid,Mobile,0
5417,2025-09-22,Referral,Desktop,1
5418,2025-06-09,Organic,Mobile,0
5419,2025-09-29,Referral,Desktop,1
5420,2025-06-03,Paid,Mobile,0
5421,2025-09-18,Organic,Desktop,0
5422,2025-08-06,Email,Mobile,0
5423,2025-03-28,Organic,Mobile,0
5424,2025-06-11,Referral,Mobile,1
5425,2025-08-18,Organic,Desktop,1
5426,2025-07-13,Organic,Mobile,0
5427,2025-10-01,Referral,Mobile,0
5428,2025-11-12,Organic,Desktop,0
5429,2025-04-03,Paid,Mobile,0
5430,2025-07-28,Paid,Mobile,0
5431,2025-10-28,Organic,Mobile,0
5432,2025-06-05,Paid,Desktop,0
5433,2025-09-16,Organic,Mobile,0
5434,2025-10-27,Paid,Desktop,0
5435,2025-10-11,Organic,Desktop,0
5436,2025-09-15,Organic,Desktop,0
5437,2025-12-03,Paid,Desktop,0
5438,2025-09-15,Paid,Mobile,1
5439,2025-11-25,Paid,Mobile,0
5440,2025-07-16,Paid,Desktop,0
5441,2025-03-29,Organic,Mobile,0
5442,2025-03-13,Organic,Desktop,0
5443,2025-08-08,Organic,Mobile,0
5444,2025-09-06,Paid,Desktop,1
5445,2025-09-19,Paid,Desktop,1
5446,2025-03-21,Organic,Desktop,0
5447,2025-12-13,Organic,Mobile,0
5448,2025-12-01,Organic,Mobile,1
5449,2025-06-25,Organic,Desktop,0
5450,2025-07-27,Email,Desktop,0
5451,2025-08-16,Organic,Desktop,0
5452,2025-08-25,Paid,Mobile,0
5453,2025-10-17,Email,Mobile,0
5454,2025-10-29,Organic,Desktop,0
5455,2025-07-30,Organic,Mobile,0
5456,2025-04-18,Organic,Desktop,0
5457,2025-11-03,Organic,Mobile,0
5458,2025-07-18,Paid,Mobile,0
5459,2025-03-13,Paid,Desktop,0
5460,2025-05-14,Organic,Desktop,1
5461,2025-06-06,Organic,Desktop,1
5462,2025-07-25,Referral,Desktop,0
5463,2025-04-06,Email,Mobile,0
5464,2025-11-15,Organic,Desktop,0
5465,2025-03-10,Organic,Mobile,1
5466,2025-07-09,Paid,Desktop,0
5467,2025-05-25,Paid,Desktop,0
5468,2025-11-15,Referral,Mobile,0
5469,2025-07-15,Organic,Mobile,0
5470,2025-03-19,Organic,Mobile,0
5471,2025-11-28,Organic,Mobile,0
5472,2025-08-27,Organic,Mobile,1
5473,2025-03-10,Paid,Desktop,0
5474,2025-10-28,Organic,Mobile,0
5475,2025-05-08,Organic,Desktop,0
5476,2025-05-11,Organic,Desktop,0
5477,2025-06-16,Email,Mobile,0
5478,2025-09-27,Email,Mobile,0
5479,2025-08-08,Organic,Desktop,1
5480,2025-12-11,Email,Mobile,1
5481,2025-05-14,Paid,Mobile,0
5482,2025-12-01,Paid,Desktop,1
5483,2025-05-03,Paid,Desktop,0
5484,2025-03-06,Paid,Desktop,1
5485,2025-07-25,Referral,Mobile,0
5486,2025-05-26,Referral,Mobile,0
5487,2025-05-15,Organic,Mobile,1
5488,2025-05-26,Organic,Mobile,0
5489,2025-10-10,Organic,Desktop,0
5490,2025-10-24,Referral,Mobile,1
5491,2025-03-15,Paid,Mobile,0
5492,2025-03-01,Paid,Mobile,0
5493,2025-03-10,Organic,Mobile,0
5494,2025-07-31,Organic,Mobile,1
5495,2025-05-13,Organic,Mobile,0
5496,2025-03-28,Organic,Desktop,0
5497,2025-05-11,Email,Desktop,1
5498,2025-03-22,Organic,Mobile,0
5499,2025-12-09,Paid,Mobile,1
5500,2025-10-28,Paid,Mobile,1
5501,2025-05-08,Email,Desktop,0
5502,2025-09-01,Paid,Desktop,0
5503,2025-08-21,Paid,Mobile,0
5504,2025-09-13,Paid,Desktop,1
5505,2025-11-16,Paid,Desktop,0
5506,2025-07-19,Email,Mobile,0
5507,2025-05-23,Organic,Desktop,0
5508,2025-04-15,Referral,Desktop,1
5509,2025-07-25,Paid,Mobile,1
5510,2025-06-22,Paid,Mobile,1
5511,2025-09-11,Paid,Mobile,0
5512,2025-04-29,Referral,Mobile,1
5513,2025-04-20,Organic,Mobile,0
5514,2025-04-24,Organic,Desktop,0
5515,2025-04-07,Organic,Desktop,0
5516,2025-07-23,Organic,Desktop,0
5517,2025-05-07,Organic,Mobile,1
5518,2025-09-10,Referral,Desktop,1
5519,2025-06-30,Organic,Desktop,0
5520,2025-10-16,Email,Mobile,0
5521,2025-05-22,Organic,Desktop,1
5522,2025-08-01,Paid,Mobile,1
5523,2025-12-04,Organic,Desktop,1
5524,2025-06-09,Email,Mobile,1
5525,2025-04-18,Organic,Desktop,0
5526,2025-10-22,Email,Desktop,1
5527,2025-11-29,Email,Desktop,0
5528,2025-03-15,Paid,Mobile,0
5529,2025-10-10,Organic,Mobile,0
5530,2025-03-14,Organic,Mobile,0
5531,2025-05-12,Organic,Mobile,0
5532,2025-09-23,Organic,Mobile,1
5533,2025-08-23,Paid,Mobile,0
5534,2025-08-13,Organic,Desktop,0
5535,2025-09-02,Organic,Mobile,0
5536,2025-09-05,Paid,Mobile,0
5537,2025-03-19,Organic,Desktop,1
5538,2025-09-18,Organic,Desktop,1
5539,2025-05-08,Organic,Mobile,1
5540,2025-05-01,Paid,Desktop,0
5541,2025-10-21,Organic,Mobile,0
5542,2025-04-08,Referral,Desktop,0
5543,2025-03-29,Organic,Mobile,0
5544,2025-08-06,Email,Desktop,0
5545,2025-06-01,Paid,Desktop,1
5546,2025-10-27,Organic,Desktop,1
5547,2025-11-14,Paid,Mobile,0
5548,2025-08-01,Paid,Mobile,0
5549,2025-11-26,Organic,Mobile,1
5550,2025-09-25,Organic,Mobile,0
5551,2025-09-06,Paid,Mobile,0
5552,2025-06-08,Organic,Desktop,0
5553,2025-06-21,Organic,Desktop,0
5554,2025-11-04,Paid,Desktop,0
5555,2025-10-30,Organic,Desktop,1
5556,2025-10-18,Paid,Mobile,0
5557,2025-12-13,Paid,Desktop,0
5558,2025-10-02,Paid,Mobile,0
5559,2025-10-27,Email,Desktop,1
5560,2025-05-09,Organic,Mobile,1
5561,2025-05-09,Organic,Desktop,0
5562,2025-09-05,Email,Mobile,0
5563,2025-09-27,Paid,Desktop,0
5564,2025-11-01,Organic,Desktop,0
5565,2025-05-30,Organic,Mobile,0
5566,2025-10-07,Email,Mobile,0
5567,2025-11-11,Paid,Mobile,0
5568,2025-05-21,Referral,Desktop,0
5569,2025-04-28,Paid,Desktop,0
5570,2025-08-17,Organic,Mobile,0
5571,2025-09-10,Organic,Desktop,0
5572,2025-10-27,Organic,Mobile,0
5573,2025-09-09,Email,Mobile,0
5574,2025-07-31,Organic,Mobile,0
5575,2025-04-05,Email,Mobile,0
5576,2025-11-24,Email,Desktop,1
5577,2025-03-22,Organic,Mobile,0
5578,2025-09-07,Paid,Desktop,1
5579,2025-06-11,Organic,Mobile,1
5580,2025-08-05,Organic,Desktop,0
5581,2025-05-29,Organic,Mobile,0
5582,2025-06-18,Organic,Mobile,0
5583,2025-11-30,Paid,Desktop,1
5584,2025-06-14,Paid,Mobile,0
5585,2025-06-12,Organic,Mobile,0
5586,2025-09-10,Paid,Mobile,0
5587,2025-08-09,Referral,Desktop,0
5588,2025-09-30,Paid,Mobile,0
5589,2025-09-22,Organic,Desktop,0
5590,2025-04-12,Email,Desktop,1
5591,2025-05-03,Referral,Mobile,0
5592,2025-05-28,Paid,Mobile,0
5593,2025-12-13,Paid,Desktop,0
5594,2025-03-11,Paid,Mobile,1
5595,2025-11-22,Paid,Desktop,1
5596,2025-04-18,Organic,Mobile,0
5597,2025-06-27,Organic,Desktop,0
5598,2025-04-10,Organic,Mobile,1
5599,2025-06-12,Paid,Desktop,1
5600,2025-11-11,Paid,Desktop,0
5601,2025-06-04,Paid,Desktop,0
5602,2025-12-05,Referral,Mobile,1
5603,2025-08-08,Organic,Mobile,0
5604,2025-06-08,Organic,Mobile,0
5605,2025-04-21,Paid,Desktop,1
5606,2025-03-11,Organic,Mobile,0
5607,2025-09-04,Organic,Mobile,0
5608,2025-10-31,Organic,Mobile,0
5609,2025-04-24,Paid,Mobile,0
5610,2025-08-27,Paid,Desktop,0
5611,2025-10-22,Paid,Mobile,1
5612,2025-11-06,Paid,Mobile,1
5613,2025-09-17,Organic,Desktop,0
5614,2025-11-03,Organic,Mobile,0
5615,2025-09-18,Organic,Desktop,1
5616,2025-12-11,Organic,Desktop,0
5617,2025-09-26,Email,Desktop,0
5618,2025-07-07,Organic,Mobile,0
5619,2025-11-02,Organic,Desktop,1
5620,2025-07-31,Organic,Desktop,0
5621,2025-03-25,Organic,Mobile,1
5622,2025-10-09,Paid,Mobile,1
5623,2025-05-27,Organic,Mobile,0
5624,2025-06-06,Paid,Mobile,0
5625,2025-07-26,Email,Mobile,1
5626,2025-11-22,Paid,Mobile,0
5627,2025-09-29,Paid,Desktop,0
5628,2025-08-24,Organic,Desktop,1
5629,2025-05-25,Email,Mobile,1
5630,2025-03-28,Paid,Desktop,0
5631,2025-11-16,Organic,Mobile,0
5632,2025-09-13,Paid,Mobile,0
5633,2025-05-25,Paid,Desktop,0
5634,2025-07-20,Organic,Desktop,0
5635,2025-10-17,Organic,Mobile,1
5636,2025-04-16,Paid,Desktop,1
5637,2025-08-03,Paid,Desktop,1
5638,2025-09-23,Paid,Mobile,0
5639,2025-10-30,Paid,Desktop,0
5640,2025-07-30,Paid,Mobile,1
5641,2025-03-30,Organic,Mobile,0
5642,2025-05-27,Organic,Desktop,0
5643,2025-04-11,Organic,Mobile,0
5644,2025-03-14,Organic,Desktop,0
5645,2025-05-20,Organic,Desktop,0
5646,2025-07-20,Organic,Mobile,1
5647,2025-07-14,Organic,Desktop,1
5648,2025-05-07,Referral,Mobile,1
5649,2025-10-09,Paid,Mobile,0
5650,2025-04-30,Paid,Mobile,1
5651,2025-09-20,Organic,Desktop,0
5652,2025-03-18,Email,Mobile,0
5653,2025-04-14,Organic,Mobile,1
5654,2025-08-25,Email,Desktop,0
5655,2025-04-28,Email,Desktop,0
5656,2025-03-30,Organic,Desktop,0
5657,2025-09-18,Referral,Desktop,0
5658,2025-05-02,Paid,Mobile,0
5659,2025-05-26,Organic,Mobile,0
5660,2025-08-01,Organic,Desktop,1
5661,2025-03-14,Organic,Mobile,0
5662,2025-10-06,Organic,Desktop,1
5663,2025-07-20,Paid,Mobile,0
5664,2025-05-29,Email,Desktop,0
5665,2025-09-22,Paid,Desktop,0
5666,2025-08-28,Organic,Mobile,0
5667,2025-09-22,Paid,Mobile,0
5668,2025-05-13,Email,Mobile,0
5669,2025-09-03,Paid,Desktop,0
5670,2025-04-07,Paid,Mobile,0
5671,2025-08-20,Organic,Desktop,0
5672,2025-05-14,Referral,Mobile,0
5673,2025-04-10,Paid,Mobile,0
5674,2025-06-23,Organic,Mobile,0
5675,2025-06-26,Email,Desktop,1
5676,2025-04-30,Organic,Mobile,0
5677,2025-11-04,Organic,Mobile,0
5678,2025-07-03,Organic,Mobile,0
5679,2025-05-19,Paid,Desktop,0
5680,2025-06-16,Organic,Mobile,0
5681,2025-04-26,Organic,Mobile,1
5682,2025-09-03,Organic,Desktop,0
5683,2025-04-13,Paid,Mobile,0
5684,2025-11-17,Paid,Mobile,0
5685,2025-06-27,Organic,Desktop,0
5686,2025-04-18,Referral,Mobile,0
5687,2025-12-05,Organic,Mobile,0
5688,2025-10-08,Referral,Mobile,1
5689,2025-09-16,Organic,Mobile,0
5690,2025-04-19,Organic,Mobile,0
5691,2025-07-30,Organic,Desktop,1
5692,2025-10-28,Referral,Mobile,0
5693,2025-05-16,Paid,Mobile,1
5694,2025-09-19,Paid,Mobile,1
5695,2025-09-21,Organic,Desktop,0
5696,2025-03-23,Paid,Desktop,1
5697,2025-07-11,Paid,Mobile,0
5698,2025-09-18,Organic,Desktop,1
5699,2025-10-03,Organic,Mobile,1
5700,2025-08-25,Referral,Mobile,0
5701,2025-08-16,Organic,Mobile,0
5702,2025-12-01,Organic,Mobile,0
5703,2025-11-04,Paid,Desktop,0
5704,2025-05-21,Referral,Desktop,0
5705,2025-12-06,Organic,Mobile,0
5706,2025-05-27,Paid,Desktop,0
5707,2025-06-27,Organic,Desktop,0
5708,2025-05-21,Email,Mobile,0
5709,2025-04-09,Paid,Desktop,0
5710,2025-05-31,Organic,Mobile,1
5711,2025-04-29,Email,Mobile,0
5712,2025-11-18,Organic,Mobile,0
5713,2025-04-23,Paid,Desktop,0
5714,2025-04-11,Referral,Mobile,1
5715,2025-10-05,Organic,Mobile,0
5716,2025-04-26,Paid,Mobile,0
5717,2025-05-16,Organic,Desktop,0
5718,2025-03-14,Paid,Desktop,1
5719,2025-03-21,Organic,Mobile,0
5720,2025-05-22,Email,Mobile,0
5721,2025-08-15,Referral,Mobile,0
5722,2025-04-02,Paid,Mobile,1
5723,2025-10-03,Email,Desktop,0
5724,2025-07-04,Email,Mobile,0
5725,2025-04-19,Paid,Desktop,1
5726,2025-04-04,Paid,Desktop,0
5727,2025-03-25,Referral,Mobile,0
5728,2025-07-05,Organic,Mobile,1
5729,2025-07-07,Paid,Mobile,0
5730,2025-09-19,Paid,Desktop,0
5731,2025-10-18,Organic,Mobile,0
5732,2025-03-20,Organic,Mobile,0
5733,2025-09-04,Paid,Desktop,1
5734,2025-07-22,Paid,Desktop,1
5735,2025-08-03,Paid,Desktop,0
5736,2025-10-10,Paid,Mobile,0
5737,2025-11-07,Organic,Mobile,0
5738,2025-07-11,Referral,Desktop,0
5739,2025-10-18,Paid,Mobile,0
5740,2025-09-25,Paid,Desktop,0
5741,2025-07-10,Organic,Desktop,0
5742,2025-05-19,Email,Desktop,0
5743,2025-10-15,Paid,Mobile,0
5744,2025-08-29,Organic,Mobile,0
5745,2025-09-02,Organic,Mobile,0
5746,2025-06-21,Email,Desktop,0
5747,2025-04-12,Organic,Desktop,0
5748,2025-07-09,Paid,Mobile,0
5749,2025-12-05,Organic,Mobile,0
5750,2025-08-23,Paid,Desktop,1
5751,2025-08-26,Referral,Mobile,0
5752,2025-08-30,Paid,Mobile,1
5753,2025-09-17,Paid,Mobile,0
5754,2025-04-30,Organic,Mobile,0
5755,2025-08-16,Paid,Mobile,1
5756,2025-03-27,Paid,Mobile,1
5757,2025-09-22,Organic,Desktop,0
5758,2025-09-12,Email,Mobile,0
5759,2025-11-19,Organic,Desktop,1
5760,2025-04-01,Organic,Mobile,0
5761,2025-03-17,Email,Mobile,0
5762,2025-05-21,Paid,Mobile,0
5763,2025-08-26,Email,Desktop,0
5764,2025-05-24,Organic,Desktop,1
5765,2025-03-06,Paid,Desktop,0
5766,2025-05-29,Organic,Mobile,0
5767,2025-06-16,Email,Mobile,0
5768,2025-10-21,Referral,Mobile,1
5769,2025-06-21,Paid,Desktop,0
5770,2025-10-12,Paid,Mobile,0
5771,2025-09-25,Organic,Mobile,0
5772,2025-03-04,Organic,Mobile,0
5773,2025-08-24,Organic,Desktop,0
5774,2025-06-22,Organic,Desktop,0
5775,2025-05-21,Paid,Mobile,1
5776,2025-10-18,Paid,Desktop,0
5777,2025-04-18,Email,Mobile,0
5778,2025-11-25,Paid,Desktop,0
5779,2025-09-10,Email,Mobile,0
5780,2025-07-20,Email,Desktop,1
5781,2025-07-31,Paid,Mobile,0
5782,2025-06-12,Organic,Desktop,0
5783,2025-07-21,Referral,Desktop,1
5784,2025-04-14,Email,Mobile,0
5785,2025-11-17,Paid,Desktop,1
5786,2025-03-05,Paid,Desktop,0
5787,2025-08-22,Paid,Mobile,0
5788,2025-08-24,Paid,Desktop,0
5789,2025-04-26,Organic,Desktop,0
5790,2025-11-28,Referral,Mobile,0
5791,2025-09-23,Organic,Desktop,1
5792,2025-05-22,Paid,Desktop,1
5793,2025-06-19,Organic,Mobile,0
5794,2025-05-18,Email,Mobile,1
5795,2025-03-17,Referral,Desktop,0
5796,2025-03-05,Email,Desktop,0
5797,2025-06-08,Organic,Desktop,0
5798,2025-11-30,Organic,Desktop,0
5799,2025-04-23,Paid,Mobile,0
5800,2025-09-29,Paid,Desktop,0
5801,2025-04-08,Organic,Desktop,0
5802,2025-06-04,Organic,Mobile,0
5803,2025-10-15,Organic,Mobile,1
5804,2025-04-03,Paid,Desktop,0
5805,2025-07-01,Paid,Desktop,0
5806,2025-07-08,Organic,Mobile,0
5807,2025-05-06,Organic,Mobile,0
5808,2025-07-06,Organic,Mobile,0
5809,2025-05-25,Referral,Desktop,1
5810,2025-03-17,Organic,Desktop,1
5811,2025-06-24,Referral,Mobile,0
5812,2025-03-03,Referral,Desktop,1
5813,2025-09-06,Referral,Desktop,0
5814,2025-05-01,Organic,Mobile,0
5815,2025-05-31,Organic,Desktop,0
5816,2025-07-24,Email,Mobile,1
5817,2025-06-13,Paid,Desktop,0
5818,2025-08-28,Organic,Mobile,0
5819,2025-05-03,Referral,Mobile,0
5820,2025-07-28,Paid,Desktop,0
5821,2025-10-21,Paid,Mobile,0
5822,2025-10-25,Paid,Mobile,0
5823,2025-11-04,Paid,Mobile,1
5824,2025-07-02,Organic,Mobile,0
5825,2025-05-09,Organic,Desktop,0
5826,2025-04-05,Paid,Mobile,1
5827,2025-05-21,Paid,Mobile,0
5828,2025-04-23,Organic,Desktop,0
5829,2025-04-27,Organic,Mobile,0
5830,2025-10-28,Organic,Mobile,1
5831,2025-07-28,Organic,Desktop,0
5832,2025-07-12,Email,Desktop,1
5833,2025-11-26,Email,Desktop,1
5834,2025-11-08,Organic,Mobile,0
5835,2025-08-18,Email,Mobile,0
5836,2025-05-02,Organic,Mobile,0
5837,2025-06-22,Email,Mobile,1
5838,2025-04-09,Paid,Mobile,0
5839,2025-05-12,Organic,Desktop,1
5840,2025-03-16,Organic,Desktop,0
5841,2025-11-21,Email,Mobile,0
5842,2025-10-06,Paid,Desktop,0
5843,2025-09-12,Organic,Mobile,0
5844,2025-03-27,Paid,Desktop,0
5845,2025-09-01,Organic,Mobile,1
5846,2025-03-17,Email,Desktop,1
5847,2025-08-30,Referral,Mobile,1
5848,2025-09-22,Referral,Mobile,1
5849,2025-03-19,Organic,Desktop,0
5850,2025-12-06,Paid,Mobile,1
5851,2025-05-13,Referral,Mobile,0
5852,2025-10-15,Paid,Mobile,1
5853,2025-12-02,Email,Mobile,1
5854,2025-11-17,Organic,Mobile,1
5855,2025-03-13,Organic,Mobile,0
5856,2025-08-27,Email,Mobile,0
5857,2025-07-23,Paid,Mobile,0
5858,2025-08-19,Paid,Desktop,0
5859,2025-05-17,Organic,Desktop,1
5860,2025-06-04,Organic,Desktop,0
5861,2025-04-22,Organic,Mobile,0
5862,2025-11-18,Paid,Desktop,0
5863,2025-06-09,Organic,Desktop,0
5864,2025-09-15,Paid,Mobile,1
5865,2025-05-11,Organic,Desktop,0
5866,2025-11-22,Paid,Desktop,0
5867,2025-08-18,Organic,Mobile,0
5868,2025-03-11,Organic,Desktop,0
5869,2025-03-31,Paid,Mobile,1
5870,2025-10-08,Email,Mobile,0
5871,2025-10-01,Organic,Desktop,0
5872,2025-07-22,Organic,Mobile,0
5873,2025-06-24,Paid,Mobile,0
5874,2025-04-01,Organic,Desktop,0
5875,2025-03-04,Organic,Desktop,1
5876,2025-11-05,Referral,Desktop,0
5877,2025-12-08,Organic,Desktop,0
5878,2025-06-14,Paid,Mobile,1
5879,2025-11-21,Organic,Mobile,0
5880,2025-10-11,Organic,Mobile,0
5881,2025-03-07,Paid,Desktop,0
5882,2025-10-10,Organic,Desktop,0
5883,2025-09-17,Paid,Desktop,0
5884,2025-09-26,Paid,Desktop,1
5885,2025-09-14,Organic,Mobile,1
5886,2025-06-25,Organic,Desktop,0
5887,2025-09-10,Referral,Desktop,0
5888,2025-07-30,Paid,Mobile,0
5889,2025-06-05,Paid,Mobile,0
5890,2025-03-31,Organic,Desktop,0
5891,2025-05-04,Organic,Mobile,1
5892,2025-08-25,Referral,Mobile,0
5893,2025-12-11,Organic,Desktop,1
5894,2025-10-06,Referral,Desktop,1
5895,2025-08-27,Paid,Mobile,0
5896,2025-10-25,Organic,Desktop,1
5897,2025-06-16,Paid,Desktop,0
5898,2025-07-26,Organic,Desktop,1
5899,2025-05-21,Organic,Mobile,1
5900,2025-05-06,Organic,Mobile,0
5901,2025-05-30,Email,Desktop,0
5902,2025-10-26,Paid,Mobile,0
5903,2025-06-29,Email,Desktop,0
5904,2025-06-20,Email,Desktop,1
5905,2025-08-11,Organic,Desktop,0
5906,2025-06-23,Organic,Mobile,1
5907,2025-03-26,Paid,Desktop,0
5908,2025-10-11,Organic,Mobile,0
5909,2025-10-02,Organic,Mobile,0
5910,2025-07-02,Paid,Desktop,1
5911,2025-09-21,Email,Desktop,0
5912,2025-06-26,Email,Desktop,0
5913,2025-11-20,Referral,Mobile,1
5914,2025-12-04,Organic,Mobile,0
5915,2025-10-11,Organic,Desktop,0
5916,2025-08-12,Paid,Desktop,0
5917,2025-06-24,Paid,Mobile,0
5918,2025-06-06,Organic,Desktop,1
5919,2025-08-01,Email,Mobile,0
5920,2025-03-27,Email,Desktop,0
5921,2025-05-02,Email,Mobile,0
5922,2025-09-16,Email,Desktop,0
5923,2025-08-19,Organic,Mobile,0
5924,2025-09-02,Paid,Mobile,0
5925,2025-08-10,Paid,Desktop,1
5926,2025-05-04,Organic,Desktop,0
5927,2025-06-12,Referral,Desktop,1
5928,2025-05-23,Organic,Mobile,0
5929,2025-11-30,Paid,Mobile,0
5930,2025-10-25,Referral,Mobile,0
5931,2025-07-21,Email,Desktop,0
5932,2025-04-11,Organic,Desktop,0
5933,2025-03-15,Organic,Mobile,0
5934,2025-08-21,Paid,Mobile,0
5935,2025-07-29,Paid,Mobile,0
5936,2025-03-19,Email,Desktop,0
5937,2025-12-10,Paid,Desktop,0
5938,2025-03-11,Organic,Mobile,0
5939,2025-07-11,Paid,Mobile,0
5940,2025-05-21,Organic,Mobile,0
5941,2025-05-17,Email,Mobile,0
5942,2025-12-11,Organic,Desktop,0
5943,2025-09-06,Paid,Desktop,0
5944,2025-06-25,Paid,Desktop,0
5945,2025-08-01,Referral,Mobile,0
5946,2025-09-07,Organic,Desktop,0
5947,2025-07-16,Paid,Mobile,1
5948,2025-11-10,Organic,Desktop,0
5949,2025-03-20,Referral,Mobile,0
5950,2025-06-20,Organic,Mobile,1
5951,2025-08-23,Email,Mobile,0
5952,2025-10-27,Paid,Mobile,0
5953,2025-07-30,Email,Mobile,1
5954,2025-09-25,Referral,Desktop,1
5955,2025-05-09,Email,Mobile,1
5956,2025-04-05,Referral,Mobile,0
5957,2025-09-17,Paid,Desktop,0
5958,2025-08-26,Referral,Mobile,0
5959,2025-05-24,Email,Mobile,0
5960,2025-04-21,Paid,Mobile,0
5961,2025-06-25,Paid,Desktop,0
5962,2025-08-17,Paid,Desktop,0
5963,2025-10-02,Paid,Mobile,0
5964,2025-07-08,Paid,Mobile,0
5965,2025-11-07,Organic,Mobile,0
5966,2025-08-16,Organic,Mobile,1
5967,2025-08-19,Referral,Mobile,0
5968,2025-10-11,Referral,Desktop,1
5969,2025-09-06,Referral,Mobile,0
5970,2025-08-06,Email,Desktop,0
5971,2025-06-13,Email,Desktop,0
5972,2025-03-16,Paid,Desktop,0
5973,2025-06-05,Email,Mobile,0
5974,2025-08-24,Paid,Desktop,1
5975,2025-12-02,Paid,Mobile,1
5976,2025-08-02,Paid,Desktop,1
5977,2025-04-01,Email,Desktop,0
5978,2025-11-08,Paid,Mobile,1
5979,2025-12-12,Organic,Desktop,1
5980,2025-11-04,Referral,Mobile,0
5981,2025-11-23,Organic,Mobile,0
5982,2025-06-11,Referral,Mobile,0
5983,2025-08-04,Organic,Mobile,0
5984,2025-06-21,Paid,Mobile,0
5985,2025-05-03,Referral,Mobile,0
5986,2025-06-19,Email,Mobile,0
5987,2025-08-09,Organic,Desktop,1
5988,2025-03-02,Paid,Mobile,0
5989,2025-08-09,Paid,Desktop,0
5990,2025-03-10,Organic,Mobile,0
5991,2025-12-04,Organic,Desktop,0
5992,2025-10-31,Paid,Desktop,0
5993,2025-09-15,Referral,Mobile,0
5994,2025-09-26,Paid,Desktop,0
5995,2025-10-27,Email,Desktop,1
5996,2025-09-15,Organic,Mobile,0
5997,2025-05-09,Organic,Mobile,0
5998,2025-09-02,Organic,Desktop,0
5999,2025-09-18,Email,Desktop,0
6000,2025-06-27,Paid,Mobile,0
